producer-1  | 2026-09-26T00:25:47.527786478Z Sensor sensor-01 iniciado.
producer-1  | 2026-09-26T00:25:47.527899780Z [PRODUCER sensor-01] Topico=dados-sensores | Particao=2 | Offset=0 | Temperatura=33.31 ┬░C | Vibracao=8.75
producer-1  | 2026-09-26T00:25:47.527915512Z [PRODUCER sensor-01] Topico=dados-sensores | Particao=1 | Offset=0 | Temperatura=91.46 ┬░C | Vibracao=3.51
producer-1  | 2026-09-26T00:25:47.527922967Z [PRODUCER sensor-01] Topico=dados-sensores | Particao=1 | Offset=1 | Temperatura=92.01 ┬░C | Vibracao=2.08
producer-1  | 2026-09-26T00:25:47.527929871Z [PRODUCER sensor-01] Topico=dados-sensores | Particao=0 | Offset=0 | Temperatura=77.68 ┬░C | Vibracao=5.69
producer-1  | 2026-09-26T00:25:47.527936555Z [PRODUCER sensor-01] Topico=dados-sensores | Particao=2 | Offset=1 | Temperatura=63.72 ┬░C | Vibracao=0.98
producer-1  | 2026-09-26T00:25:47.527943379Z [PRODUCER sensor-01] Topico=dados-sensores | Particao=0 | Offset=1 | Temperatura=26.78 ┬░C | Vibracao=5.1
producer-1  | 2026-09-26T00:25:47.527950033Z [PRODUCER sensor-01] Topico=dados-sensores | Particao=1 | Offset=2 | Temperatura=87.53 ┬░C | Vibracao=7.86
producer-1  | 2026-09-26T00:25:47.527956756Z [PRODUCER sensor-01] Topico=dados-sensores | Particao=0 | Offset=2 | Temperatura=50.54 ┬░C | Vibracao=8.14
producer-1  | 2026-09-26T00:25:47.527963210Z [PRODUCER sensor-01] Topico=dados-sensores | Particao=0 | Offset=3 | Temperatura=42.67 ┬░C | Vibracao=5.08
producer-1  | 2026-09-26T00:25:47.527969773Z [PRODUCER sensor-01] Topico=dados-sensores | Particao=1 | Offset=3 | Temperatura=95.01 ┬░C | Vibracao=4.29
producer-1  | 2026-09-26T00:25:47.527976216Z [PRODUCER sensor-01] Topico=dados-sensores | Particao=0 | Offset=4 | Temperatura=29.31 ┬░C | Vibracao=5.26
producer-1  | 2026-09-26T00:25:47.527982660Z [PRODUCER sensor-01] Topico=dados-sensores | Particao=0 | Offset=5 | Temperatura=45.96 ┬░C | Vibracao=0.82
producer-1  | 2026-09-26T00:25:47.527989103Z [PRODUCER sensor-01] Topico=dados-sensores | Particao=2 | Offset=2 | Temperatura=22.73 ┬░C | Vibracao=4.97
producer-1  | 2026-09-26T00:25:47.527995526Z [PRODUCER sensor-01] Topico=dados-sensores | Particao=0 | Offset=6 | Temperatura=65.19 ┬░C | Vibracao=9.75
producer-1  | 2026-09-26T00:25:47.528001979Z [PRODUCER sensor-01] Topico=dados-sensores | Particao=1 | Offset=4 | Temperatura=80.38 ┬░C | Vibracao=3.42
producer-1  | 2026-09-26T00:25:47.528008412Z [PRODUCER sensor-01] Topico=dados-sensores | Particao=2 | Offset=3 | Temperatura=26.86 ┬░C | Vibracao=9.64
producer-1  | 2026-09-26T00:25:47.528014896Z [PRODUCER sensor-01] Topico=dados-sensores | Particao=2 | Offset=4 | Temperatura=43.99 ┬░C | Vibracao=0.15
producer-1  | 2026-09-26T00:25:47.528021359Z [PRODUCER sensor-01] Topico=dados-sensores | Particao=0 | Offset=7 | Temperatura=49.91 ┬░C | Vibracao=3.5
producer-1  | 2026-09-26T00:25:47.528032732Z [PRODUCER sensor-01] Topico=dados-sensores | Particao=2 | Offset=5 | Temperatura=37.5 ┬░C | Vibracao=7.18
producer-1  | 2026-09-26T00:25:47.528039526Z [PRODUCER sensor-01] Topico=dados-sensores | Particao=2 | Offset=6 | Temperatura=23.84 ┬░C | Vibracao=4.3
producer-1  | 2026-09-26T00:25:47.528046210Z [PRODUCER sensor-01] Topico=dados-sensores | Particao=0 | Offset=8 | Temperatura=92.99 ┬░C | Vibracao=7.46
producer-1  | 2026-09-26T00:25:47.528052773Z [PRODUCER sensor-01] Topico=dados-sensores | Particao=1 | Offset=5 | Temperatura=66.42 ┬░C | Vibracao=1.31
producer-1  | 2026-09-26T00:25:47.528096302Z [PRODUCER sensor-01] Topico=dados-sensores | Particao=1 | Offset=6 | Temperatura=58.35 ┬░C | Vibracao=9.14
producer-1  | 2026-09-26T00:25:47.528100902Z [PRODUCER sensor-01] Topico=dados-sensores | Particao=2 | Offset=7 | Temperatura=90.05 ┬░C | Vibracao=1.88
producer-1  | 2026-09-26T00:25:47.528105070Z [PRODUCER sensor-01] Topico=dados-sensores | Particao=1 | Offset=7 | Temperatura=30.76 ┬░C | Vibracao=0.72
producer-1  | 2026-09-26T00:25:47.528109169Z [PRODUCER sensor-01] Topico=dados-sensores | Particao=0 | Offset=9 | Temperatura=70.02 ┬░C | Vibracao=0.19
producer-1  | 2026-09-26T00:25:47.528113267Z [PRODUCER sensor-01] Topico=dados-sensores | Particao=2 | Offset=8 | Temperatura=49.82 ┬░C | Vibracao=6.07
producer-1  | 2026-09-26T00:25:47.528117335Z [PRODUCER sensor-01] Topico=dados-sensores | Particao=1 | Offset=8 | Temperatura=71.43 ┬░C | Vibracao=2.45
producer-1  | 2026-09-26T00:25:47.528121624Z [PRODUCER sensor-01] Topico=dados-sensores | Particao=1 | Offset=9 | Temperatura=57.91 ┬░C | Vibracao=6.64
producer-1  | 2026-09-26T00:25:47.528125682Z [PRODUCER sensor-01] Topico=dados-sensores | Particao=2 | Offset=9 | Temperatura=34.31 ┬░C | Vibracao=4.33
producer-1  | 2026-09-26T00:25:47.528129771Z [PRODUCER sensor-01] Topico=dados-sensores | Particao=0 | Offset=10 | Temperatura=46.48 ┬░C | Vibracao=1.51
producer-1  | 2026-09-26T00:25:47.528133829Z [PRODUCER sensor-01] Topico=dados-sensores | Particao=1 | Offset=10 | Temperatura=40.63 ┬░C | Vibracao=7.08
producer-1  | 2026-09-26T00:25:47.528137998Z [PRODUCER sensor-01] Topico=dados-sensores | Particao=0 | Offset=11 | Temperatura=68.39 ┬░C | Vibracao=3.97
producer-1  | 2026-09-26T00:25:47.528142036Z [PRODUCER sensor-01] Topico=dados-sensores | Particao=1 | Offset=11 | Temperatura=77.85 ┬░C | Vibracao=0.46
producer-1  | 2026-09-26T00:25:47.528146104Z [PRODUCER sensor-01] Topico=dados-sensores | Particao=0 | Offset=12 | Temperatura=32.49 ┬░C | Vibracao=7.18
producer-1  | 2026-09-26T00:25:47.528150153Z [PRODUCER sensor-01] Topico=dados-sensores | Particao=0 | Offset=13 | Temperatura=93.24 ┬░C | Vibracao=5.39
producer-1  | 2026-09-26T00:25:47.528154211Z [PRODUCER sensor-01] Topico=dados-sensores | Particao=2 | Offset=10 | Temperatura=76.07 ┬░C | Vibracao=8.86
producer-1  | 2026-09-26T00:25:47.528158299Z [PRODUCER sensor-01] Topico=dados-sensores | Particao=1 | Offset=12 | Temperatura=36.0 ┬░C | Vibracao=5.8
producer-1  | 2026-09-26T00:25:47.528163309Z [PRODUCER sensor-01] Topico=dados-sensores | Particao=2 | Offset=11 | Temperatura=40.9 ┬░C | Vibracao=3.18
producer-1  | 2026-09-26T00:25:47.528167408Z [PRODUCER sensor-01] Topico=dados-sensores | Particao=2 | Offset=12 | Temperatura=66.91 ┬░C | Vibracao=3.99
producer-1  | 2026-09-26T00:25:47.528171526Z [PRODUCER sensor-01] Topico=dados-sensores | Particao=2 | Offset=13 | Temperatura=65.21 ┬░C | Vibracao=7.28
producer-1  | 2026-09-26T00:25:47.528175585Z [PRODUCER sensor-01] Topico=dados-sensores | Particao=2 | Offset=14 | Temperatura=50.18 ┬░C | Vibracao=2.65
producer-1  | 2026-09-26T00:25:47.528179683Z [PRODUCER sensor-01] Topico=dados-sensores | Particao=2 | Offset=15 | Temperatura=81.36 ┬░C | Vibracao=7.81
producer-1  | 2026-09-26T00:25:47.528183751Z [PRODUCER sensor-01] Topico=dados-sensores | Particao=1 | Offset=13 | Temperatura=65.5 ┬░C | Vibracao=0.91
producer-1  | 2026-09-26T00:25:47.528187790Z [PRODUCER sensor-01] Topico=dados-sensores | Particao=1 | Offset=14 | Temperatura=22.23 ┬░C | Vibracao=4.54
producer-1  | 2026-09-26T00:25:47.528201377Z [PRODUCER sensor-01] Topico=dados-sensores | Particao=1 | Offset=15 | Temperatura=66.13 ┬░C | Vibracao=0.76
producer-1  | 2026-09-26T00:25:47.528205516Z [PRODUCER sensor-01] Topico=dados-sensores | Particao=0 | Offset=14 | Temperatura=68.85 ┬░C | Vibracao=5.04
producer-1  | 2026-09-26T00:25:47.528210887Z [PRODUCER sensor-01] Topico=dados-sensores | Particao=0 | Offset=15 | Temperatura=93.49 ┬░C | Vibracao=2.5
producer-1  | 2026-09-26T00:25:47.528216579Z [PRODUCER sensor-01] Topico=dados-sensores | Particao=2 | Offset=16 | Temperatura=50.02 ┬░C | Vibracao=6.19
producer-1  | 2026-09-26T00:25:47.528227020Z [PRODUCER sensor-01] Topico=dados-sensores | Particao=0 | Offset=16 | Temperatura=94.66 ┬░C | Vibracao=7.76
producer-1  | 2026-09-26T00:25:47.528238103Z [PRODUCER sensor-01] Topico=dados-sensores | Particao=0 | Offset=17 | Temperatura=24.87 ┬░C | Vibracao=4.0
producer-1  | 2026-09-26T00:25:47.528243223Z [PRODUCER sensor-01] Topico=dados-sensores | Particao=1 | Offset=16 | Temperatura=32.28 ┬░C | Vibracao=1.92
producer-1  | 2026-09-26T00:25:47.528248444Z [PRODUCER sensor-01] Topico=dados-sensores | Particao=1 | Offset=17 | Temperatura=77.03 ┬░C | Vibracao=4.86
producer-1  | 2026-09-26T00:25:47.528253514Z [PRODUCER sensor-01] Topico=dados-sensores | Particao=2 | Offset=17 | Temperatura=41.71 ┬░C | Vibracao=7.57
producer-1  | 2026-09-26T00:25:47.528259486Z [PRODUCER sensor-01] Topico=dados-sensores | Particao=2 | Offset=18 | Temperatura=22.7 ┬░C | Vibracao=8.04
producer-1  | 2026-09-26T00:25:47.528264837Z [PRODUCER sensor-01] Topico=dados-sensores | Particao=2 | Offset=19 | Temperatura=95.34 ┬░C | Vibracao=2.91
producer-1  | 2026-09-26T00:25:47.528274798Z [PRODUCER sensor-01] Topico=dados-sensores | Particao=0 | Offset=18 | Temperatura=57.57 ┬░C | Vibracao=8.62
producer-1  | 2026-09-26T00:25:47.528289728Z [PRODUCER sensor-01] Topico=dados-sensores | Particao=1 | Offset=18 | Temperatura=98.52 ┬░C | Vibracao=4.54
producer-1  | 2026-09-26T00:25:47.528295049Z [PRODUCER sensor-01] Topico=dados-sensores | Particao=1 | Offset=19 | Temperatura=92.84 ┬░C | Vibracao=7.38
producer-1  | 2026-09-26T00:25:47.528299478Z [PRODUCER sensor-01] Topico=dados-sensores | Particao=2 | Offset=20 | Temperatura=36.65 ┬░C | Vibracao=9.87
producer-1  | 2026-09-26T00:25:47.528303587Z [PRODUCER sensor-01] Topico=dados-sensores | Particao=1 | Offset=20 | Temperatura=29.05 ┬░C | Vibracao=7.82
producer-1  | 2026-09-26T00:25:47.528307655Z [PRODUCER sensor-01] Topico=dados-sensores | Particao=2 | Offset=21 | Temperatura=35.38 ┬░C | Vibracao=5.54
producer-1  | 2026-09-26T00:25:47.528311693Z [PRODUCER sensor-01] Topico=dados-sensores | Particao=0 | Offset=19 | Temperatura=30.21 ┬░C | Vibracao=1.4
producer-1  | 2026-09-26T00:25:47.528315882Z [PRODUCER sensor-01] Topico=dados-sensores | Particao=2 | Offset=22 | Temperatura=92.73 ┬░C | Vibracao=8.66
producer-1  | 2026-09-26T00:25:47.528319930Z [PRODUCER sensor-01] Topico=dados-sensores | Particao=0 | Offset=20 | Temperatura=35.25 ┬░C | Vibracao=5.97
producer-1  | 2026-09-26T00:25:47.528324810Z [PRODUCER sensor-01] Topico=dados-sensores | Particao=2 | Offset=23 | Temperatura=55.13 ┬░C | Vibracao=2.45
producer-1  | 2026-09-26T00:25:47.528330342Z [PRODUCER sensor-01] Topico=dados-sensores | Particao=0 | Offset=21 | Temperatura=41.06 ┬░C | Vibracao=9.67
producer-1  | 2026-09-26T00:25:47.528336184Z [PRODUCER sensor-01] Topico=dados-sensores | Particao=0 | Offset=22 | Temperatura=22.97 ┬░C | Vibracao=6.48
producer-1  | 2026-09-26T00:25:47.528456550Z [PRODUCER sensor-01] Topico=dados-sensores | Particao=2 | Offset=24 | Temperatura=43.78 ┬░C | Vibracao=1.45
producer-1  | 2026-09-26T00:25:47.528470970Z [PRODUCER sensor-01] Topico=dados-sensores | Particao=1 | Offset=21 | Temperatura=65.55 ┬░C | Vibracao=7.85
producer-1  | 2026-09-26T00:25:47.528476721Z [PRODUCER sensor-01] Topico=dados-sensores | Particao=2 | Offset=25 | Temperatura=76.08 ┬░C | Vibracao=5.06
producer-1  | 2026-09-26T00:25:47.528487854Z [PRODUCER sensor-01] Topico=dados-sensores | Particao=2 | Offset=26 | Temperatura=78.2 ┬░C | Vibracao=3.72
producer-1  | 2026-09-26T00:25:47.528499969Z [PRODUCER sensor-01] Topico=dados-sensores | Particao=1 | Offset=22 | Temperatura=22.73 ┬░C | Vibracao=7.76
producer-1  | 2026-09-26T00:25:47.528505470Z [PRODUCER sensor-01] Topico=dados-sensores | Particao=1 | Offset=23 | Temperatura=95.27 ┬░C | Vibracao=4.44
producer-1  | 2026-09-26T00:25:47.528511082Z [PRODUCER sensor-01] Topico=dados-sensores | Particao=0 | Offset=23 | Temperatura=84.08 ┬░C | Vibracao=3.38
producer-1  | 2026-09-26T00:25:47.528516112Z [PRODUCER sensor-01] Topico=dados-sensores | Particao=1 | Offset=24 | Temperatura=88.45 ┬░C | Vibracao=1.97
kafka3      | 2026-09-26T00:26:00.572223190Z [2026-09-26 00:26:00,569] INFO [ReplicaFetcherManager on broker 3] Removed fetcher for partitions Set(__consumer_offsets-15) (kafka.server.ReplicaFetcherManager)
kafka3      | 2026-09-26T00:26:00.582888366Z [2026-09-26 00:26:00,580] INFO [GroupCoordinator id=3] Scheduling unloading of metadata for __consumer_offsets-46 with epoch OptionalInt[1] (org.apache.kafka.coordinator.common.runtime.CoordinatorRuntime)
kafka1      | 2026-09-26T00:25:48.115998894Z ===> User
kafka1      | 2026-09-26T00:25:48.132418702Z uid=1000(appuser) gid=1000(appuser) groups=1000(appuser)
kafka1      | 2026-09-26T00:25:48.138862650Z ===> Setting default values of environment variables if not already set.
kafka1      | 2026-09-26T00:25:48.138982876Z ===> Configuring ...
kafka1      | 2026-09-26T00:25:48.163328549Z Running in KRaft mode...
kafka1      | 2026-09-26T00:25:48.163417150Z ===> Launching ... 
kafka1      | 2026-09-26T00:25:48.169411146Z ===> Using provided cluster id 4L6g3nShT-eMCtK--X86sw ...
kafka1      | 2026-09-26T00:25:52.616487125Z Log directory /tmp/kafka-logs is already formatted. Use --ignore-formatted to ignore this directory and format the others.
kafka1      | 2026-09-26T00:25:55.626308486Z [2026-09-26 00:25:55,624] INFO Registered `kafka:type=kafka.Log4jController` MBean (kafka.utils.Log4jControllerRegistration$)
kafka1      | 2026-09-26T00:25:55.999294145Z [2026-09-26 00:25:55,998] INFO Registered signal handlers for TERM, INT, HUP (org.apache.kafka.common.utils.LoggingSignalHandler)
kafka1      | 2026-09-26T00:25:56.005546316Z [2026-09-26 00:25:56,004] INFO [ControllerServer id=1] Starting controller (kafka.server.ControllerServer)
kafka1      | 2026-09-26T00:25:56.564007323Z [2026-09-26 00:25:56,562] INFO Updated connection-accept-rate max connection creation rate to 2147483647 (kafka.network.ConnectionQuotas)
kafka1      | 2026-09-26T00:25:56.702834782Z [2026-09-26 00:25:56,701] INFO [SocketServer listenerType=CONTROLLER, nodeId=1] Created data-plane acceptor and processors for endpoint : ListenerName(CONTROLLER) (kafka.network.SocketServer)
kafka1      | 2026-09-26T00:25:56.738870680Z [2026-09-26 00:25:56,737] INFO authorizerStart completed for endpoint CONTROLLER. Endpoint is now READY. (org.apache.kafka.server.network.EndpointReadyFutures)
kafka1      | 2026-09-26T00:25:56.745973948Z [2026-09-26 00:25:56,744] INFO [SharedServer id=1] Starting SharedServer (kafka.server.SharedServer)
kafka1      | 2026-09-26T00:25:56.880618231Z [2026-09-26 00:25:56,879] INFO [LogLoader partition=__cluster_metadata-0, dir=/tmp/kafka-logs] Recovering unflushed segment 0. 0 recovered for __cluster_metadata-0. (org.apache.kafka.storage.internals.log.LogLoader)
kafka1      | 2026-09-26T00:25:56.885672246Z [2026-09-26 00:25:56,884] INFO [LogLoader partition=__cluster_metadata-0, dir=/tmp/kafka-logs] Loading producer state till offset 0 (org.apache.kafka.storage.internals.log.UnifiedLog)
kafka1      | 2026-09-26T00:25:56.888493858Z [2026-09-26 00:25:56,887] INFO [LogLoader partition=__cluster_metadata-0, dir=/tmp/kafka-logs] Reloading from producer snapshot and rebuilding producer state from offset 0 (org.apache.kafka.storage.internals.log.UnifiedLog)
kafka1      | 2026-09-26T00:25:56.890063606Z [2026-09-26 00:25:56,889] INFO [LogLoader partition=__cluster_metadata-0, dir=/tmp/kafka-logs] Producer state recovery took 0ms for snapshot load and 0ms for segment recovery from offset 0 (org.apache.kafka.storage.internals.log.UnifiedLog)
kafka1      | 2026-09-26T00:25:56.995483798Z [2026-09-26 00:25:56,994] INFO [ProducerStateManager partition=__cluster_metadata-0] Wrote producer snapshot at offset 435 with 0 producer ids in 6 ms. (org.apache.kafka.storage.internals.log.ProducerStateManager)
kafka1      | 2026-09-26T00:25:57.009242788Z [2026-09-26 00:25:57,008] INFO [LogLoader partition=__cluster_metadata-0, dir=/tmp/kafka-logs] Loading producer state till offset 435 (org.apache.kafka.storage.internals.log.UnifiedLog)
kafka1      | 2026-09-26T00:25:57.010268883Z [2026-09-26 00:25:57,009] INFO [LogLoader partition=__cluster_metadata-0, dir=/tmp/kafka-logs] Reloading from producer snapshot and rebuilding producer state from offset 435 (org.apache.kafka.storage.internals.log.UnifiedLog)
kafka1      | 2026-09-26T00:25:57.020853910Z [2026-09-26 00:25:57,019] INFO [ProducerStateManager partition=__cluster_metadata-0] Loading producer state from snapshot file 'SnapshotFile(offset=435, file=/tmp/kafka-logs/__cluster_metadata-0/00000000000000000435.snapshot)' (org.apache.kafka.storage.internals.log.ProducerStateManager)
kafka1      | 2026-09-26T00:25:57.026279884Z [2026-09-26 00:25:57,025] INFO [LogLoader partition=__cluster_metadata-0, dir=/tmp/kafka-logs] Producer state recovery took 14ms for snapshot load and 0ms for segment recovery from offset 435 (org.apache.kafka.storage.internals.log.UnifiedLog)
kafka1      | 2026-09-26T00:25:57.051250833Z [2026-09-26 00:25:57,050] INFO [RaftLog partition=__cluster_metadata-0] Initialized snapshots with IDs [] from /tmp/kafka-logs/__cluster_metadata-0 (org.apache.kafka.raft.internals.KafkaRaftLog)
kafka1      | 2026-09-26T00:25:57.071512046Z [2026-09-26 00:25:57,070] INFO [raft-expiration-reaper]: Starting (org.apache.kafka.raft.TimingWheelExpirationService$ExpiredOperationReaper)
kafka1      | 2026-09-26T00:25:57.081193057Z [2026-09-26 00:25:57,080] INFO [RaftManager id=1] Reading KRaft snapshot and log as part of the initialization (org.apache.kafka.raft.KafkaRaftClient)
kafka1      | 2026-09-26T00:25:57.121679379Z [2026-09-26 00:25:57,120] INFO [RaftManager id=1] Starting voters are VoterSet(voters={1=VoterNode(voterKey=ReplicaKey(id=1, directoryId=<undefined>), listeners=Endpoints(endpoints={ListenerName(CONTROLLER)=kafka1/<unresolved>:9093}), supportedKRaftVersion=SupportedVersionRange[min_version:0, max_version:0]), 2=VoterNode(voterKey=ReplicaKey(id=2, directoryId=<undefined>), listeners=Endpoints(endpoints={ListenerName(CONTROLLER)=kafka2/<unresolved>:9093}), supportedKRaftVersion=SupportedVersionRange[min_version:0, max_version:0]), 3=VoterNode(voterKey=ReplicaKey(id=3, directoryId=<undefined>), listeners=Endpoints(endpoints={ListenerName(CONTROLLER)=kafka3/<unresolved>:9093}), supportedKRaftVersion=SupportedVersionRange[min_version:0, max_version:0])}) (org.apache.kafka.raft.KafkaRaftClient)
kafka1      | 2026-09-26T00:25:57.137607295Z [2026-09-26 00:25:57,136] INFO [RaftManager id=1] Starting request manager with static voters: [kafka1:9093 (id: 1 rack: null isFenced: false), kafka2:9093 (id: 2 rack: null isFenced: false), kafka3:9093 (id: 3 rack: null isFenced: false)] (org.apache.kafka.raft.KafkaRaftClient)
kafka1      | 2026-09-26T00:25:57.175048568Z [2026-09-26 00:25:57,174] INFO [RaftManager id=1] Attempting durable transition to FollowerState(fetchTimeoutMs=2000, epoch=1, leader=2, leaderEndpoints=Endpoints(endpoints={ListenerName(CONTROLLER)=kafka2/<unresolved>:9093}), votedKey=Optional[ReplicaKey(id=2, directoryId=<undefined>)], voters=[1, 2, 3], highWatermark=Optional.empty, fetchingSnapshot=Optional.empty) from null (org.apache.kafka.raft.QuorumState)
kafka1      | 2026-09-26T00:25:57.196563843Z [2026-09-26 00:25:57,195] INFO [RaftManager id=1] Completed transition to FollowerState(fetchTimeoutMs=2000, epoch=1, leader=2, leaderEndpoints=Endpoints(endpoints={ListenerName(CONTROLLER)=kafka2/<unresolved>:9093}), votedKey=Optional[ReplicaKey(id=2, directoryId=<undefined>)], voters=[1, 2, 3], highWatermark=Optional.empty, fetchingSnapshot=Optional.empty) from null (org.apache.kafka.raft.QuorumState)
kafka1      | 2026-09-26T00:25:57.200146701Z [2026-09-26 00:25:57,199] INFO [kafka-1-raft-outbound-request-thread]: Starting (org.apache.kafka.raft.KafkaNetworkChannel$SendThread)
kafka1      | 2026-09-26T00:25:57.200223676Z [2026-09-26 00:25:57,199] INFO [kafka-1-raft-io-thread]: Starting (org.apache.kafka.raft.KafkaRaftClientDriver)
kafka1      | 2026-09-26T00:25:57.233532059Z [2026-09-26 00:25:57,232] INFO [MetadataLoader id=1] initializeNewPublishers: the loader is still catching up because we still don't know the high water mark yet. (org.apache.kafka.image.loader.MetadataLoader)
kafka1      | 2026-09-26T00:25:57.235139244Z [2026-09-26 00:25:57,234] INFO [RaftManager id=1] Registered the listener org.apache.kafka.image.loader.MetadataLoader@1990709644 (org.apache.kafka.raft.KafkaRaftClient)
kafka1      | 2026-09-26T00:25:57.239983868Z [2026-09-26 00:25:57,239] INFO [ControllerServer id=1] Waiting for controller quorum voters future (kafka.server.ControllerServer)
kafka1      | 2026-09-26T00:25:57.240829232Z [2026-09-26 00:25:57,240] INFO [ControllerServer id=1] Finished waiting for controller quorum voters future (kafka.server.ControllerServer)
kafka1      | 2026-09-26T00:25:57.304562512Z [2026-09-26 00:25:57,303] INFO [controller-1-ThrottledChannelReaper-Fetch]: Starting (org.apache.kafka.server.quota.ClientQuotaManager$ThrottledChannelReaper)
kafka1      | 2026-09-26T00:25:57.306604736Z [2026-09-26 00:25:57,305] INFO [controller-1-ThrottledChannelReaper-Produce]: Starting (org.apache.kafka.server.quota.ClientQuotaManager$ThrottledChannelReaper)
kafka1      | 2026-09-26T00:25:57.308772599Z [2026-09-26 00:25:57,307] INFO [controller-1-ThrottledChannelReaper-Request]: Starting (org.apache.kafka.server.quota.ClientQuotaManager$ThrottledChannelReaper)
kafka1      | 2026-09-26T00:25:57.312200003Z [2026-09-26 00:25:57,311] INFO [controller-1-ThrottledChannelReaper-ControllerMutation]: Starting (org.apache.kafka.server.quota.ClientQuotaManager$ThrottledChannelReaper)
kafka1      | 2026-09-26T00:25:57.330416200Z [2026-09-26 00:25:57,329] INFO [RaftManager id=1] High watermark set to Optional[LogOffsetMetadata(offset=528, metadata=Optional.empty)] for the first time for epoch 1 (org.apache.kafka.raft.FollowerState)
kafka1      | 2026-09-26T00:25:57.330488135Z [2026-09-26 00:25:57,329] INFO [ExpirationReaper-1-AlterAcls]: Starting (org.apache.kafka.server.purgatory.DelayedOperationPurgatory$ExpiredOperationReaper)
kafka1      | 2026-09-26T00:25:57.332841770Z [2026-09-26 00:25:57,332] INFO [RaftManager id=1] Setting the next offset of org.apache.kafka.image.loader.MetadataLoader@1990709644 to 0 since there are no snapshots (org.apache.kafka.raft.KafkaRaftClient)
kafka1      | 2026-09-26T00:25:57.335718039Z [2026-09-26 00:25:57,334] INFO [MetadataLoader id=1] initializeNewPublishers: The loader is still catching up because we have loaded up to offset -1, but the high water mark is 528 (org.apache.kafka.image.loader.MetadataLoader)
kafka1      | 2026-09-26T00:25:57.335789563Z [2026-09-26 00:25:57,334] INFO [RaftManager id=1] Registered the listener org.apache.kafka.controller.QuorumController$QuorumMetaLogListener@746123702 (org.apache.kafka.raft.KafkaRaftClient)
kafka1      | 2026-09-26T00:25:57.337174779Z [2026-09-26 00:25:57,336] INFO [RaftManager id=1] Setting the next offset of org.apache.kafka.controller.QuorumController$QuorumMetaLogListener@746123702 to 0 since there are no snapshots (org.apache.kafka.raft.KafkaRaftClient)
kafka1      | 2026-09-26T00:25:57.340283145Z [2026-09-26 00:25:57,339] INFO [MetadataLoader id=1] maybePublishMetadata(LOG_DELTA): The loader is still catching up because we have loaded up to offset 0, but the high water mark is 528 (org.apache.kafka.image.loader.MetadataLoader)
kafka1      | 2026-09-26T00:25:57.372021537Z [2026-09-26 00:25:57,370] INFO [ControllerServer id=1] Waiting for the controller metadata publishers to be installed (kafka.server.ControllerServer)
kafka1      | 2026-09-26T00:25:57.449096879Z [2026-09-26 00:25:57,447] INFO [MetadataLoader id=1] maybePublishMetadata(LOG_DELTA): The loader finished catching up to the current high water mark of 528 (org.apache.kafka.image.loader.MetadataLoader)
kafka1      | 2026-09-26T00:25:57.462483005Z [2026-09-26 00:25:57,461] INFO [MetadataLoader id=1] InitializeNewPublishers: initializing SnapshotGenerator with a snapshot at offset 527 (org.apache.kafka.image.loader.MetadataLoader)
kafka1      | 2026-09-26T00:25:57.466271698Z [2026-09-26 00:25:57,465] INFO [ControllerServer id=1] Finished waiting for the controller metadata publishers to be installed (kafka.server.ControllerServer)
kafka1      | 2026-09-26T00:25:57.468856111Z [2026-09-26 00:25:57,467] INFO [SocketServer listenerType=CONTROLLER, nodeId=1] Enabling request processing. (kafka.network.SocketServer)
kafka1      | 2026-09-26T00:25:57.472723430Z [2026-09-26 00:25:57,471] INFO [MetadataLoader id=1] InitializeNewPublishers: initializing KRaftMetadataCachePublisher with a snapshot at offset 527 (org.apache.kafka.image.loader.MetadataLoader)
kafka1      | 2026-09-26T00:25:57.474155473Z [2026-09-26 00:25:57,473] INFO [MetadataLoader id=1] InitializeNewPublishers: initializing FeaturesPublisher with a snapshot at offset 527 (org.apache.kafka.image.loader.MetadataLoader)
kafka1      | 2026-09-26T00:25:57.480640239Z [2026-09-26 00:25:57,479] INFO Awaiting socket connections on 0.0.0.0:9093. (kafka.network.DataPlaneAcceptor)
kafka1      | 2026-09-26T00:25:57.504163649Z [2026-09-26 00:25:57,502] INFO [ControllerServer id=1] Loaded new metadata FinalizedFeatures[metadataVersion=4.3-IV0, finalizedFeatures={group.version=1, streams.version=1, transaction.version=2, eligible.leader.replicas.version=1, share.version=1, metadata.version=30}, finalizedFeaturesEpoch=527]. (org.apache.kafka.metadata.publisher.FeaturesPublisher)
kafka1      | 2026-09-26T00:25:57.505765600Z [2026-09-26 00:25:57,504] INFO [MetadataLoader id=1] InitializeNewPublishers: initializing ControllerRegistrationsPublisher with a snapshot at offset 527 (org.apache.kafka.image.loader.MetadataLoader)
kafka1      | 2026-09-26T00:25:57.506683747Z [2026-09-26 00:25:57,505] INFO [MetadataLoader id=1] InitializeNewPublishers: initializing ControllerRegistrationManager with a snapshot at offset 527 (org.apache.kafka.image.loader.MetadataLoader)
kafka1      | 2026-09-26T00:25:57.506730932Z [2026-09-26 00:25:57,506] INFO [controller-1-to-controller-registration-channel-manager]: Starting (org.apache.kafka.server.NodeToControllerRequestThread)
kafka1      | 2026-09-26T00:25:57.508123473Z [2026-09-26 00:25:57,507] INFO [MetadataLoader id=1] InitializeNewPublishers: initializing DynamicConfigPublisher controller id=1 with a snapshot at offset 527 (org.apache.kafka.image.loader.MetadataLoader)
kafka1      | 2026-09-26T00:25:57.510330000Z [2026-09-26 00:25:57,507] INFO [ControllerServer id=1] Waiting for all of the authorizer futures to be completed (kafka.server.ControllerServer)
kafka1      | 2026-09-26T00:25:57.510496044Z [2026-09-26 00:25:57,508] INFO [ControllerServer id=1] Finished waiting for all of the authorizer futures to be completed (kafka.server.ControllerServer)
kafka1      | 2026-09-26T00:25:57.511741703Z [2026-09-26 00:25:57,509] INFO [ControllerServer id=1] Waiting for all of the SocketServer Acceptors to be started (kafka.server.ControllerServer)
kafka1      | 2026-09-26T00:25:57.511806743Z [2026-09-26 00:25:57,510] INFO Recorded new KRaft controller, from now on will use node kafka2:9093 (id: 2 rack: null isFenced: false) (org.apache.kafka.server.NodeToControllerRequestThread)
kafka1      | 2026-09-26T00:25:57.511814980Z [2026-09-26 00:25:57,510] INFO [ControllerServer id=1] Finished waiting for all of the SocketServer Acceptors to be started (kafka.server.ControllerServer)
kafka1      | 2026-09-26T00:25:57.513694201Z [2026-09-26 00:25:57,512] INFO [ControllerRegistrationManager id=1 incarnation=IAJxY-VdTU6-BMBk47Nchg] Found registration for jGpI_2RjQ9aE4bYG77TBzA instead of our incarnation. (kafka.server.ControllerRegistrationManager)
kafka1      | 2026-09-26T00:25:57.516777218Z [2026-09-26 00:25:57,515] INFO [BrokerServer id=1] Transition from SHUTDOWN to STARTING (kafka.server.BrokerServer)
kafka1      | 2026-09-26T00:25:57.518532599Z [2026-09-26 00:25:57,517] INFO [ControllerRegistrationManager id=1 incarnation=IAJxY-VdTU6-BMBk47Nchg] initialized channel manager. (kafka.server.ControllerRegistrationManager)
kafka1      | 2026-09-26T00:25:57.519761512Z [2026-09-26 00:25:57,518] INFO [BrokerServer id=1] Starting broker (kafka.server.BrokerServer)
kafka1      | 2026-09-26T00:25:57.529373620Z [2026-09-26 00:25:57,528] INFO [DynamicConfigPublisher controller id=1] Updating cluster configuration : min.insync.replicas -> 1 (kafka.server.metadata.DynamicConfigPublisher)
kafka1      | 2026-09-26T00:25:57.543986744Z [2026-09-26 00:25:57,542] INFO [ControllerRegistrationManager id=1 incarnation=IAJxY-VdTU6-BMBk47Nchg] sendControllerRegistration: attempting to send ControllerRegistrationRequestData(controllerId=1, incarnationId=IAJxY-VdTU6-BMBk47Nchg, zkMigrationReady=false, listeners=[Listener(name='CONTROLLER', host='kafka1', port=9093, securityProtocol=0)], features=[Feature(name='group.version', minSupportedVersion=0, maxSupportedVersion=1), Feature(name='kraft.version', minSupportedVersion=0, maxSupportedVersion=1), Feature(name='metadata.version', minSupportedVersion=7, maxSupportedVersion=30), Feature(name='share.version', minSupportedVersion=0, maxSupportedVersion=1), Feature(name='streams.version', minSupportedVersion=0, maxSupportedVersion=1), Feature(name='transaction.version', minSupportedVersion=0, maxSupportedVersion=2), Feature(name='eligible.leader.replicas.version', minSupportedVersion=0, maxSupportedVersion=1)]) (kafka.server.ControllerRegistrationManager)
kafka1      | 2026-09-26T00:25:57.544114812Z [2026-09-26 00:25:57,542] INFO [broker-1-ThrottledChannelReaper-Fetch]: Starting (org.apache.kafka.server.quota.ClientQuotaManager$ThrottledChannelReaper)
kafka1      | 2026-09-26T00:25:57.546062433Z [2026-09-26 00:25:57,544] INFO [broker-1-ThrottledChannelReaper-Produce]: Starting (org.apache.kafka.server.quota.ClientQuotaManager$ThrottledChannelReaper)
kafka1      | 2026-09-26T00:25:57.548167910Z [2026-09-26 00:25:57,546] INFO [broker-1-ThrottledChannelReaper-Request]: Starting (org.apache.kafka.server.quota.ClientQuotaManager$ThrottledChannelReaper)
kafka1      | 2026-09-26T00:25:57.548822297Z [2026-09-26 00:25:57,547] INFO AbstractConfig values: 
kafka2      | 2026-09-26T00:25:33.314886280Z [2026-09-26 00:25:33,313] WARN [RaftManager id=2] Error connecting to node kafka1:9093 (id: 1 rack: null isFenced: false) (org.apache.kafka.clients.NetworkClient)
kafka2      | 2026-09-26T00:25:33.314973529Z java.net.UnknownHostException: kafka1: Try again
kafka2      | 2026-09-26T00:25:33.314990123Z 	at java.base/java.net.Inet6AddressImpl.lookupAllHostAddr(Native Method)
kafka2      | 2026-09-26T00:25:33.315006807Z 	at java.base/java.net.Inet6AddressImpl.lookupAllHostAddr(Unknown Source)
kafka2      | 2026-09-26T00:25:33.315021587Z 	at java.base/java.net.InetAddress$PlatformResolver.lookupByName(Unknown Source)
kafka2      | 2026-09-26T00:25:33.315036117Z 	at java.base/java.net.InetAddress.getAddressesFromNameService(Unknown Source)
kafka2      | 2026-09-26T00:25:33.315092613Z 	at java.base/java.net.InetAddress$NameServiceAddresses.get(Unknown Source)
kafka2      | 2026-09-26T00:25:33.315102944Z 	at java.base/java.net.InetAddress.getAllByName0(Unknown Source)
kafka2      | 2026-09-26T00:25:33.315111792Z 	at java.base/java.net.InetAddress.getAllByName(Unknown Source)
kafka1      | 2026-09-26T00:25:57.548861085Z 	group.consumer.assignment.interval.ms = 1000
kafka1      | 2026-09-26T00:25:57.548866987Z 	group.consumer.assignors = [uniform, range]
kafka1      | 2026-09-26T00:25:57.548871706Z 	group.consumer.heartbeat.interval.ms = 5000
kafka1      | 2026-09-26T00:25:57.548962038Z 	group.consumer.max.assignment.interval.ms = 15000
kafka1      | 2026-09-26T00:25:57.549013131Z 	group.consumer.max.heartbeat.interval.ms = 15000
kafka1      | 2026-09-26T00:25:57.549021097Z 	group.consumer.max.session.timeout.ms = 60000
kafka1      | 2026-09-26T00:25:57.549026077Z 	group.consumer.max.size = 2147483647
kafka1      | 2026-09-26T00:25:57.549030706Z 	group.consumer.migration.policy = bidirectional
kafka1      | 2026-09-26T00:25:57.549035556Z 	group.consumer.min.assignment.interval.ms = 0
kafka1      | 2026-09-26T00:25:57.549040295Z 	group.consumer.min.heartbeat.interval.ms = 5000
kafka1      | 2026-09-26T00:25:57.549047700Z 	group.consumer.min.session.timeout.ms = 45000
kafka1      | 2026-09-26T00:25:57.549054755Z 	group.consumer.regex.refresh.interval.ms = 600000
kafka1      | 2026-09-26T00:25:57.549060055Z 	group.consumer.session.timeout.ms = 45000
kafka1      | 2026-09-26T00:25:57.549064865Z 	group.coordinator.append.linger.ms = -1
kafka1      | 2026-09-26T00:25:57.549070055Z 	group.coordinator.background.threads = 2
kafka1      | 2026-09-26T00:25:57.549075075Z 	group.coordinator.cached.buffer.max.bytes = 1048588
kafka1      | 2026-09-26T00:25:57.549080737Z 	group.coordinator.rebalance.protocols = [classic, consumer, streams]
kafka3      | 2026-09-26T00:26:00.583021498Z [2026-09-26 00:26:00,581] INFO [GroupCoordinator id=3] Ignored unloading metadata for __consumer_offsets-46 in epoch OptionalInt[1] since metadata was never loaded. (org.apache.kafka.coordinator.common.runtime.CoordinatorRuntime)
kafka1      | 2026-09-26T00:25:57.549085617Z 	group.coordinator.threads = 4
kafka1      | 2026-09-26T00:25:57.549090306Z 	group.initial.rebalance.delay.ms = 0
kafka1      | 2026-09-26T00:25:57.549095076Z 	group.max.session.timeout.ms = 1800000
kafka3      | 2026-09-26T00:26:00.652605938Z [2026-09-26 00:26:00,651] INFO [ReplicaFetcherManager on broker 3] Removed fetcher for partitions Set(__consumer_offsets-16, __consumer_offsets-48, __consumer_offsets-13, __consumer_offsets-45, __consumer_offsets-43, __consumer_offsets-12, __consumer_offsets-9, __consumer_offsets-21, __consumer_offsets-22, __consumer_offsets-19, __consumer_offsets-18, __consumer_offsets-32, __consumer_offsets-29, __consumer_offsets-26, __consumer_offsets-8, __consumer_offsets-40, __consumer_offsets-37, __consumer_offsets-6, __consumer_offsets-3, __consumer_offsets-1, __consumer_offsets-33, dados-sensores-2) (kafka.server.ReplicaFetcherManager)
kafka3      | 2026-09-26T00:26:00.661633003Z [2026-09-26 00:26:00,656] INFO [Partition __consumer_offsets-3 broker=3] ISR updated to 1,2,3  and version updated to 2 (kafka.cluster.Partition)
kafka1      | 2026-09-26T00:25:57.549099705Z 	group.max.size = 2147483647
kafka1      | 2026-09-26T00:25:57.549105537Z 	group.min.session.timeout.ms = 6000
kafka2      | 2026-09-26T00:25:33.315120760Z 	at org.apache.kafka.clients.DefaultHostResolver.resolve(DefaultHostResolver.java:27)
kafka2      | 2026-09-26T00:25:33.315130079Z 	at org.apache.kafka.clients.ClientUtils.resolve(ClientUtils.java:125)
kafka2      | 2026-09-26T00:25:33.315138737Z 	at org.apache.kafka.clients.ClusterConnectionStates$NodeConnectionState.resolveAddresses(ClusterConnectionStates.java:536)
kafka2      | 2026-09-26T00:25:33.315148337Z 	at org.apache.kafka.clients.ClusterConnectionStates$NodeConnectionState.currentAddress(ClusterConnectionStates.java:511)
kafka2      | 2026-09-26T00:25:33.315158137Z 	at org.apache.kafka.clients.ClusterConnectionStates.currentAddress(ClusterConnectionStates.java:173)
kafka2      | 2026-09-26T00:25:33.315166895Z 	at org.apache.kafka.clients.NetworkClient.initiateConnect(NetworkClient.java:1140)
kafka2      | 2026-09-26T00:25:33.315176143Z 	at org.apache.kafka.clients.NetworkClient.ready(NetworkClient.java:368)
kafka2      | 2026-09-26T00:25:33.315184721Z 	at org.apache.kafka.server.util.InterBrokerSendThread.sendRequests(InterBrokerSendThread.java:146)
kafka2      | 2026-09-26T00:25:33.315193339Z 	at org.apache.kafka.server.util.InterBrokerSendThread.pollOnce(InterBrokerSendThread.java:109)
kafka2      | 2026-09-26T00:25:33.315202337Z 	at org.apache.kafka.server.util.InterBrokerSendThread.doWork(InterBrokerSendThread.java:137)
kafka2      | 2026-09-26T00:25:33.315213099Z 	at org.apache.kafka.server.util.ShutdownableThread.run(ShutdownableThread.java:136)
kafka2      | 2026-09-26T00:25:33.317047033Z [2026-09-26 00:25:33,315] WARN [RaftManager id=2] Error connecting to node kafka1:9093 (id: 1 rack: null isFenced: false) (org.apache.kafka.clients.NetworkClient)
kafka2      | 2026-09-26T00:25:33.317133750Z java.net.UnknownHostException: kafka1
kafka2      | 2026-09-26T00:25:33.317153160Z 	at java.base/java.net.InetAddress$CachedLookup.get(Unknown Source)
kafka2      | 2026-09-26T00:25:33.317164042Z 	at java.base/java.net.InetAddress.getAllByName0(Unknown Source)
kafka2      | 2026-09-26T00:25:33.317172259Z 	at java.base/java.net.InetAddress.getAllByName(Unknown Source)
kafka2      | 2026-09-26T00:25:33.317179684Z 	at org.apache.kafka.clients.DefaultHostResolver.resolve(DefaultHostResolver.java:27)
kafka2      | 2026-09-26T00:25:33.317187049Z 	at org.apache.kafka.clients.ClientUtils.resolve(ClientUtils.java:125)
kafka2      | 2026-09-26T00:25:33.317194104Z 	at org.apache.kafka.clients.ClusterConnectionStates$NodeConnectionState.resolveAddresses(ClusterConnectionStates.java:536)
kafka3      | 2026-09-26T00:26:00.664717675Z [2026-09-26 00:26:00,663] INFO [Partition __consumer_offsets-33 broker=3] ISR updated to 1,2,3  and version updated to 2 (kafka.cluster.Partition)
kafka2      | 2026-09-26T00:25:33.317201349Z 	at org.apache.kafka.clients.ClusterConnectionStates$NodeConnectionState.currentAddress(ClusterConnectionStates.java:511)
kafka2      | 2026-09-26T00:25:33.317208403Z 	at org.apache.kafka.clients.ClusterConnectionStates.currentAddress(ClusterConnectionStates.java:173)
kafka3      | 2026-09-26T00:26:00.666173260Z [2026-09-26 00:26:00,665] INFO [Partition __consumer_offsets-1 broker=3] ISR updated to 1,2,3  and version updated to 2 (kafka.cluster.Partition)
kafka1      | 2026-09-26T00:25:57.549112431Z 	group.share.assignment.interval.ms = 1000
kafka2      | 2026-09-26T00:25:33.317215387Z 	at org.apache.kafka.clients.NetworkClient.initiateConnect(NetworkClient.java:1140)
kafka2      | 2026-09-26T00:25:33.317263927Z 	at org.apache.kafka.clients.NetworkClient.ready(NetworkClient.java:368)
kafka2      | 2026-09-26T00:25:33.317271522Z 	at org.apache.kafka.server.util.InterBrokerSendThread.sendRequests(InterBrokerSendThread.java:146)
kafka2      | 2026-09-26T00:25:33.317278577Z 	at org.apache.kafka.server.util.InterBrokerSendThread.pollOnce(InterBrokerSendThread.java:109)
kafka2      | 2026-09-26T00:25:33.317285541Z 	at org.apache.kafka.server.util.InterBrokerSendThread.doWork(InterBrokerSendThread.java:137)
kafka2      | 2026-09-26T00:25:33.317292495Z 	at org.apache.kafka.server.util.ShutdownableThread.run(ShutdownableThread.java:136)
kafka2      | 2026-09-26T00:25:34.324416422Z [2026-09-26 00:25:34,316] WARN [RaftManager id=2] Error connecting to node kafka1:9093 (id: 1 rack: null isFenced: false) (org.apache.kafka.clients.NetworkClient)
kafka2      | 2026-09-26T00:25:34.324615269Z java.net.UnknownHostException: kafka1
kafka2      | 2026-09-26T00:25:34.324632785Z 	at java.base/java.net.InetAddress$CachedLookup.get(Unknown Source)
kafka2      | 2026-09-26T00:25:34.324639499Z 	at java.base/java.net.InetAddress.getAllByName0(Unknown Source)
kafka2      | 2026-09-26T00:25:34.324644489Z 	at java.base/java.net.InetAddress.getAllByName(Unknown Source)
kafka2      | 2026-09-26T00:25:34.324650702Z 	at org.apache.kafka.clients.DefaultHostResolver.resolve(DefaultHostResolver.java:27)
kafka2      | 2026-09-26T00:25:34.324656012Z 	at org.apache.kafka.clients.ClientUtils.resolve(ClientUtils.java:125)
kafka2      | 2026-09-26T00:25:34.324660922Z 	at org.apache.kafka.clients.ClusterConnectionStates$NodeConnectionState.resolveAddresses(ClusterConnectionStates.java:536)
kafka2      | 2026-09-26T00:25:34.324667145Z 	at org.apache.kafka.clients.ClusterConnectionStates$NodeConnectionState.currentAddress(ClusterConnectionStates.java:511)
kafka2      | 2026-09-26T00:25:34.324673037Z 	at org.apache.kafka.clients.ClusterConnectionStates.currentAddress(ClusterConnectionStates.java:173)
kafka2      | 2026-09-26T00:25:34.324682988Z 	at org.apache.kafka.clients.NetworkClient.initiateConnect(NetworkClient.java:1140)
kafka2      | 2026-09-26T00:25:34.324694812Z 	at org.apache.kafka.clients.NetworkClient.ready(NetworkClient.java:368)
kafka2      | 2026-09-26T00:25:34.324700523Z 	at org.apache.kafka.server.util.InterBrokerSendThread.sendRequests(InterBrokerSendThread.java:146)
kafka2      | 2026-09-26T00:25:34.324706005Z 	at org.apache.kafka.server.util.InterBrokerSendThread.pollOnce(InterBrokerSendThread.java:109)
kafka2      | 2026-09-26T00:25:34.324711917Z 	at org.apache.kafka.server.util.InterBrokerSendThread.doWork(InterBrokerSendThread.java:137)
kafka2      | 2026-09-26T00:25:34.324717218Z 	at org.apache.kafka.server.util.ShutdownableThread.run(ShutdownableThread.java:136)
kafka2      | 2026-09-26T00:25:35.315200215Z [2026-09-26 00:25:35,313] WARN [RaftManager id=2] Error connecting to node kafka1:9093 (id: 1 rack: null isFenced: false) (org.apache.kafka.clients.NetworkClient)
kafka2      | 2026-09-26T00:25:35.315288125Z java.net.UnknownHostException: kafka1
kafka2      | 2026-09-26T00:25:35.315294909Z 	at java.base/java.net.InetAddress$CachedLookup.get(Unknown Source)
kafka2      | 2026-09-26T00:25:35.315301853Z 	at java.base/java.net.InetAddress.getAllByName0(Unknown Source)
kafka2      | 2026-09-26T00:25:35.315306903Z 	at java.base/java.net.InetAddress.getAllByName(Unknown Source)
kafka2      | 2026-09-26T00:25:35.315363249Z 	at org.apache.kafka.clients.DefaultHostResolver.resolve(DefaultHostResolver.java:27)
kafka2      | 2026-09-26T00:25:35.315369040Z 	at org.apache.kafka.clients.ClientUtils.resolve(ClientUtils.java:125)
kafka2      | 2026-09-26T00:25:35.315374121Z 	at org.apache.kafka.clients.ClusterConnectionStates$NodeConnectionState.resolveAddresses(ClusterConnectionStates.java:536)
kafka2      | 2026-09-26T00:25:35.315379111Z 	at org.apache.kafka.clients.ClusterConnectionStates$NodeConnectionState.currentAddress(ClusterConnectionStates.java:511)
kafka2      | 2026-09-26T00:25:35.315384252Z 	at org.apache.kafka.clients.ClusterConnectionStates.currentAddress(ClusterConnectionStates.java:173)
kafka2      | 2026-09-26T00:25:35.315389512Z 	at org.apache.kafka.clients.NetworkClient.initiateConnect(NetworkClient.java:1140)
kafka2      | 2026-09-26T00:25:35.315394072Z 	at org.apache.kafka.clients.NetworkClient.ready(NetworkClient.java:368)
kafka2      | 2026-09-26T00:25:35.315401166Z 	at org.apache.kafka.server.util.InterBrokerSendThread.sendRequests(InterBrokerSendThread.java:146)
kafka2      | 2026-09-26T00:25:35.315406557Z 	at org.apache.kafka.server.util.InterBrokerSendThread.pollOnce(InterBrokerSendThread.java:109)
kafka2      | 2026-09-26T00:25:35.315411387Z 	at org.apache.kafka.server.util.InterBrokerSendThread.doWork(InterBrokerSendThread.java:137)
kafka2      | 2026-09-26T00:25:35.315416718Z 	at org.apache.kafka.server.util.ShutdownableThread.run(ShutdownableThread.java:136)
kafka2      | 2026-09-26T00:25:36.315295661Z [2026-09-26 00:25:36,314] WARN [RaftManager id=2] Error connecting to node kafka1:9093 (id: 1 rack: null isFenced: false) (org.apache.kafka.clients.NetworkClient)
kafka2      | 2026-09-26T00:25:36.315531342Z java.net.UnknownHostException: kafka1
kafka2      | 2026-09-26T00:25:36.315542134Z 	at java.base/java.net.InetAddress$CachedLookup.get(Unknown Source)
kafka2      | 2026-09-26T00:25:36.315549359Z 	at java.base/java.net.InetAddress.getAllByName0(Unknown Source)
kafka2      | 2026-09-26T00:25:36.315557806Z 	at java.base/java.net.InetAddress.getAllByName(Unknown Source)
kafka2      | 2026-09-26T00:25:36.315562816Z 	at org.apache.kafka.clients.DefaultHostResolver.resolve(DefaultHostResolver.java:27)
kafka2      | 2026-09-26T00:25:36.315568308Z 	at org.apache.kafka.clients.ClientUtils.resolve(ClientUtils.java:125)
kafka2      | 2026-09-26T00:25:36.315573849Z 	at org.apache.kafka.clients.ClusterConnectionStates$NodeConnectionState.resolveAddresses(ClusterConnectionStates.java:536)
kafka2      | 2026-09-26T00:25:36.315582126Z 	at org.apache.kafka.clients.ClusterConnectionStates$NodeConnectionState.currentAddress(ClusterConnectionStates.java:511)
kafka2      | 2026-09-26T00:25:36.315588399Z 	at org.apache.kafka.clients.ClusterConnectionStates.currentAddress(ClusterConnectionStates.java:173)
kafka2      | 2026-09-26T00:25:36.315593670Z 	at org.apache.kafka.clients.NetworkClient.initiateConnect(NetworkClient.java:1140)
kafka2      | 2026-09-26T00:25:36.315599351Z 	at org.apache.kafka.clients.NetworkClient.ready(NetworkClient.java:368)
kafka2      | 2026-09-26T00:25:36.315603971Z 	at org.apache.kafka.server.util.InterBrokerSendThread.sendRequests(InterBrokerSendThread.java:146)
kafka2      | 2026-09-26T00:25:36.315660006Z 	at org.apache.kafka.server.util.InterBrokerSendThread.pollOnce(InterBrokerSendThread.java:109)
kafka2      | 2026-09-26T00:25:36.315670768Z 	at org.apache.kafka.server.util.InterBrokerSendThread.doWork(InterBrokerSendThread.java:137)
kafka2      | 2026-09-26T00:25:36.315676700Z 	at org.apache.kafka.server.util.ShutdownableThread.run(ShutdownableThread.java:136)
kafka2      | 2026-09-26T00:25:37.317327258Z [2026-09-26 00:25:37,315] WARN [RaftManager id=2] Error connecting to node kafka1:9093 (id: 1 rack: null isFenced: false) (org.apache.kafka.clients.NetworkClient)
kafka2      | 2026-09-26T00:25:37.317427765Z java.net.UnknownHostException: kafka1
kafka2      | 2026-09-26T00:25:37.317435049Z 	at java.base/java.net.InetAddress$CachedLookup.get(Unknown Source)
kafka1      | 2026-09-26T00:25:57.549117841Z 	group.share.assignors = [simple]
kafka1      | 2026-09-26T00:25:57.549124595Z 	group.share.heartbeat.interval.ms = 5000
kafka1      | 2026-09-26T00:25:57.549130597Z 	group.share.initialize.retry.interval.ms = 30000
kafka1      | 2026-09-26T00:25:57.549135437Z 	group.share.max.assignment.interval.ms = 15000
kafka1      | 2026-09-26T00:25:57.549141239Z 	group.share.max.heartbeat.interval.ms = 15000
kafka1      | 2026-09-26T00:25:57.549146048Z 	group.share.max.session.timeout.ms = 60000
kafka1      | 2026-09-26T00:25:57.549150327Z 	group.share.max.size = 200
kafka1      | 2026-09-26T00:25:57.549155297Z 	group.share.min.assignment.interval.ms = 0
kafka3      | 2026-09-26T00:26:00.677254584Z [2026-09-26 00:26:00,676] INFO [Partition __consumer_offsets-40 broker=3] ISR updated to 1,2,3  and version updated to 2 (kafka.cluster.Partition)
kafka2      | 2026-09-26T00:25:37.317442875Z 	at java.base/java.net.InetAddress.getAllByName0(Unknown Source)
kafka2      | 2026-09-26T00:25:37.317449399Z 	at java.base/java.net.InetAddress.getAllByName(Unknown Source)
kafka2      | 2026-09-26T00:25:37.317454569Z 	at org.apache.kafka.clients.DefaultHostResolver.resolve(DefaultHostResolver.java:27)
kafka2      | 2026-09-26T00:25:37.317459890Z 	at org.apache.kafka.clients.ClientUtils.resolve(ClientUtils.java:125)
kafka3      | 2026-09-26T00:26:00.684385063Z [2026-09-26 00:26:00,677] INFO [Partition __consumer_offsets-8 broker=3] ISR updated to 1,2,3  and version updated to 2 (kafka.cluster.Partition)
kafka3      | 2026-09-26T00:26:00.684469355Z [2026-09-26 00:26:00,678] INFO [Partition __consumer_offsets-37 broker=3] ISR updated to 1,2,3  and version updated to 2 (kafka.cluster.Partition)
kafka3      | 2026-09-26T00:26:00.684476981Z [2026-09-26 00:26:00,680] INFO [Partition __consumer_offsets-6 broker=3] ISR updated to 1,2,3  and version updated to 2 (kafka.cluster.Partition)
kafka3      | 2026-09-26T00:26:00.686312693Z [2026-09-26 00:26:00,685] INFO [Partition __consumer_offsets-26 broker=3] ISR updated to 1,2,3  and version updated to 2 (kafka.cluster.Partition)
kafka3      | 2026-09-26T00:26:00.688233928Z [2026-09-26 00:26:00,687] INFO [Partition __consumer_offsets-32 broker=3] ISR updated to 1,2,3  and version updated to 2 (kafka.cluster.Partition)
kafka3      | 2026-09-26T00:26:00.689305650Z [2026-09-26 00:26:00,688] INFO [Partition __consumer_offsets-29 broker=3] ISR updated to 1,2,3  and version updated to 2 (kafka.cluster.Partition)
kafka3      | 2026-09-26T00:26:00.694538997Z [2026-09-26 00:26:00,693] INFO [Partition __consumer_offsets-19 broker=3] ISR updated to 1,2,3  and version updated to 2 (kafka.cluster.Partition)
kafka3      | 2026-09-26T00:26:00.696694038Z [2026-09-26 00:26:00,695] INFO [Partition __consumer_offsets-18 broker=3] ISR updated to 1,2,3  and version updated to 2 (kafka.cluster.Partition)
kafka1      | 2026-09-26T00:25:57.549162461Z 	group.share.min.heartbeat.interval.ms = 5000
kafka3      | 2026-09-26T00:26:00.702161211Z [2026-09-26 00:26:00,701] INFO [Partition dados-sensores-2 broker=3] ISR updated to 3,1  and version updated to 2 (kafka.cluster.Partition)
kafka2      | 2026-09-26T00:25:37.317465131Z 	at org.apache.kafka.clients.ClusterConnectionStates$NodeConnectionState.resolveAddresses(ClusterConnectionStates.java:536)
kafka2      | 2026-09-26T00:25:37.317470322Z 	at org.apache.kafka.clients.ClusterConnectionStates$NodeConnectionState.currentAddress(ClusterConnectionStates.java:511)
kafka3      | 2026-09-26T00:26:00.789524775Z [2026-09-26 00:26:00,789] INFO [GroupCoordinator id=3] Scheduling unloading of metadata for __consumer_offsets-11 with epoch OptionalInt[0] (org.apache.kafka.coordinator.common.runtime.CoordinatorRuntime)
kafka3      | 2026-09-26T00:26:00.790313178Z [2026-09-26 00:26:00,789] INFO [GroupCoordinator id=3] Scheduling unloading of metadata for __consumer_offsets-44 with epoch OptionalInt[1] (org.apache.kafka.coordinator.common.runtime.CoordinatorRuntime)
kafka3      | 2026-09-26T00:26:00.790363701Z [2026-09-26 00:26:00,789] INFO [GroupCoordinator id=3] Ignored unloading metadata for __consumer_offsets-11 in epoch OptionalInt[0] since metadata was never loaded. (org.apache.kafka.coordinator.common.runtime.CoordinatorRuntime)
kafka1      | 2026-09-26T00:25:57.549169806Z 	group.share.min.session.timeout.ms = 45000
kafka2      | 2026-09-26T00:25:37.317476685Z 	at org.apache.kafka.clients.ClusterConnectionStates.currentAddress(ClusterConnectionStates.java:173)
kafka1      | 2026-09-26T00:25:57.549175147Z 	group.share.session.timeout.ms = 45000
kafka1      | 2026-09-26T00:25:57.549180197Z 	group.streams.assignment.interval.ms = 1000
kafka1      | 2026-09-26T00:25:57.549185828Z 	group.streams.heartbeat.interval.ms = 5000
kafka3      | 2026-09-26T00:26:00.790544631Z [2026-09-26 00:26:00,790] INFO [GroupCoordinator id=3] Scheduling unloading of metadata for __consumer_offsets-42 with epoch OptionalInt[0] (org.apache.kafka.coordinator.common.runtime.CoordinatorRuntime)
kafka3      | 2026-09-26T00:26:00.790784772Z [2026-09-26 00:26:00,790] INFO [GroupCoordinator id=3] Scheduling unloading of metadata for __consumer_offsets-23 with epoch OptionalInt[0] (org.apache.kafka.coordinator.common.runtime.CoordinatorRuntime)
kafka3      | 2026-09-26T00:26:00.792011903Z [2026-09-26 00:26:00,791] INFO [GroupCoordinator id=3] Scheduling unloading of metadata for __consumer_offsets-17 with epoch OptionalInt[0] (org.apache.kafka.coordinator.common.runtime.CoordinatorRuntime)
kafka1      | 2026-09-26T00:25:57.549190658Z 	group.streams.initial.rebalance.delay.ms = 3000
kafka3      | 2026-09-26T00:26:00.792553931Z [2026-09-26 00:26:00,790] INFO [GroupCoordinator id=3] Ignored unloading metadata for __consumer_offsets-42 in epoch OptionalInt[0] since metadata was never loaded. (org.apache.kafka.coordinator.common.runtime.CoordinatorRuntime)
kafka3      | 2026-09-26T00:26:00.792578973Z [2026-09-26 00:26:00,791] INFO [GroupCoordinator id=3] Ignored unloading metadata for __consumer_offsets-23 in epoch OptionalInt[0] since metadata was never loaded. (org.apache.kafka.coordinator.common.runtime.CoordinatorRuntime)
kafka1      | 2026-09-26T00:25:57.549195037Z 	group.streams.max.assignment.interval.ms = 15000
kafka2      | 2026-09-26T00:25:37.317482236Z 	at org.apache.kafka.clients.NetworkClient.initiateConnect(NetworkClient.java:1140)
kafka2      | 2026-09-26T00:25:37.317488128Z 	at org.apache.kafka.clients.NetworkClient.ready(NetworkClient.java:368)
kafka2      | 2026-09-26T00:25:37.317493750Z 	at org.apache.kafka.server.util.InterBrokerSendThread.sendRequests(InterBrokerSendThread.java:146)
kafka2      | 2026-09-26T00:25:37.317499912Z 	at org.apache.kafka.server.util.InterBrokerSendThread.pollOnce(InterBrokerSendThread.java:109)
kafka2      | 2026-09-26T00:25:37.317505193Z 	at org.apache.kafka.server.util.InterBrokerSendThread.doWork(InterBrokerSendThread.java:137)
kafka2      | 2026-09-26T00:25:37.317510193Z 	at org.apache.kafka.server.util.ShutdownableThread.run(ShutdownableThread.java:136)
kafka1      | 2026-09-26T00:25:57.549227662Z 	group.streams.max.heartbeat.interval.ms = 15000
kafka2      | 2026-09-26T00:25:38.317207191Z [2026-09-26 00:25:38,315] WARN [RaftManager id=2] Error connecting to node kafka1:9093 (id: 1 rack: null isFenced: false) (org.apache.kafka.clients.NetworkClient)
kafka2      | 2026-09-26T00:25:38.317271332Z java.net.UnknownHostException: kafka1
kafka2      | 2026-09-26T00:25:38.317279559Z 	at java.base/java.net.InetAddress$CachedLookup.get(Unknown Source)
kafka2      | 2026-09-26T00:25:38.317288708Z 	at java.base/java.net.InetAddress.getAllByName0(Unknown Source)
kafka2      | 2026-09-26T00:25:38.317297586Z 	at java.base/java.net.InetAddress.getAllByName(Unknown Source)
kafka2      | 2026-09-26T00:25:38.317304941Z 	at org.apache.kafka.clients.DefaultHostResolver.resolve(DefaultHostResolver.java:27)
kafka2      | 2026-09-26T00:25:38.317314270Z 	at org.apache.kafka.clients.ClientUtils.resolve(ClientUtils.java:125)
kafka2      | 2026-09-26T00:25:38.317365345Z 	at org.apache.kafka.clients.ClusterConnectionStates$NodeConnectionState.resolveAddresses(ClusterConnectionStates.java:536)
kafka2      | 2026-09-26T00:25:38.317374023Z 	at org.apache.kafka.clients.ClusterConnectionStates$NodeConnectionState.currentAddress(ClusterConnectionStates.java:511)
kafka1      | 2026-09-26T00:25:57.549234466Z 	group.streams.max.session.timeout.ms = 60000
kafka1      | 2026-09-26T00:25:57.549241089Z 	group.streams.max.size = 2147483647
kafka1      | 2026-09-26T00:25:57.549245398Z 	group.streams.max.standby.replicas = 2
kafka2      | 2026-09-26T00:25:38.317380676Z 	at org.apache.kafka.clients.ClusterConnectionStates.currentAddress(ClusterConnectionStates.java:173)
kafka2      | 2026-09-26T00:25:38.317387250Z 	at org.apache.kafka.clients.NetworkClient.initiateConnect(NetworkClient.java:1140)
kafka1      | 2026-09-26T00:25:57.549250378Z 	group.streams.min.assignment.interval.ms = 0
kafka2      | 2026-09-26T00:25:38.317393423Z 	at org.apache.kafka.clients.NetworkClient.ready(NetworkClient.java:368)
kafka1      | 2026-09-26T00:25:57.549256150Z 	group.streams.min.heartbeat.interval.ms = 5000
kafka1      | 2026-09-26T00:25:57.549269076Z 	group.streams.min.session.timeout.ms = 45000
kafka1      | 2026-09-26T00:25:57.549274467Z 	group.streams.num.standby.replicas = 0
kafka1      | 2026-09-26T00:25:57.549279958Z 	group.streams.session.timeout.ms = 45000
kafka1      | 2026-09-26T00:25:57.549285098Z 	offset.metadata.max.bytes = 4096
kafka1      | 2026-09-26T00:25:57.549290900Z 	offsets.commit.timeout.ms = 5000
kafka2      | 2026-09-26T00:25:38.317400808Z 	at org.apache.kafka.server.util.InterBrokerSendThread.sendRequests(InterBrokerSendThread.java:146)
kafka1      | 2026-09-26T00:25:57.549297122Z 	offsets.load.buffer.size = 5242880
kafka3      | 2026-09-26T00:26:00.793686017Z [2026-09-26 00:26:00,793] INFO [GroupCoordinator id=3] Ignored unloading metadata for __consumer_offsets-17 in epoch OptionalInt[0] since metadata was never loaded. (org.apache.kafka.coordinator.common.runtime.CoordinatorRuntime)
kafka1      | 2026-09-26T00:25:57.549303365Z 	offsets.retention.check.interval.ms = 600000
kafka1      | 2026-09-26T00:25:57.549309106Z 	offsets.retention.minutes = 10080
kafka1      | 2026-09-26T00:25:57.549316661Z 	offsets.topic.compression.codec = 0
kafka1      | 2026-09-26T00:25:57.549323265Z 	offsets.topic.num.partitions = 50
kafka1      | 2026-09-26T00:25:57.549329517Z 	offsets.topic.replication.factor = 3
kafka1      | 2026-09-26T00:25:57.549334537Z 	offsets.topic.segment.bytes = 104857600
kafka1      | 2026-09-26T00:25:57.549339918Z  (org.apache.kafka.common.config.AbstractConfig)
kafka1      | 2026-09-26T00:25:57.551141007Z [2026-09-26 00:25:57,549] INFO [broker-1-ThrottledChannelReaper-ControllerMutation]: Starting (org.apache.kafka.server.quota.ClientQuotaManager$ThrottledChannelReaper)
kafka1      | 2026-09-26T00:25:57.555690096Z [2026-09-26 00:25:57,554] INFO KafkaConfig values: 
kafka1      | 2026-09-26T00:25:57.555780779Z 	add.partitions.to.txn.retry.backoff.max.ms = 100
kafka3      | 2026-09-26T00:26:00.793776923Z [2026-09-26 00:26:00,793] INFO [GroupCoordinator id=3] Ignored unloading metadata for __consumer_offsets-44 in epoch OptionalInt[1] since metadata was never loaded. (org.apache.kafka.coordinator.common.runtime.CoordinatorRuntime)
kafka3      | 2026-09-26T00:26:00.796000521Z [2026-09-26 00:26:00,793] INFO [GroupCoordinator id=3] Scheduling unloading of metadata for __consumer_offsets-30 with epoch OptionalInt[1] (org.apache.kafka.coordinator.common.runtime.CoordinatorRuntime)
kafka3      | 2026-09-26T00:26:00.796053159Z [2026-09-26 00:26:00,795] INFO [GroupCoordinator id=3] Scheduling unloading of metadata for __consumer_offsets-28 with epoch OptionalInt[0] (org.apache.kafka.coordinator.common.runtime.CoordinatorRuntime)
kafka3      | 2026-09-26T00:26:00.796058861Z [2026-09-26 00:26:00,795] INFO [GroupCoordinator id=3] Scheduling unloading of metadata for __consumer_offsets-7 with epoch OptionalInt[0] (org.apache.kafka.coordinator.common.runtime.CoordinatorRuntime)
kafka3      | 2026-09-26T00:26:00.796729713Z [2026-09-26 00:26:00,796] INFO [GroupCoordinator id=3] Scheduling unloading of metadata for __consumer_offsets-5 with epoch OptionalInt[0] (org.apache.kafka.coordinator.common.runtime.CoordinatorRuntime)
kafka3      | 2026-09-26T00:26:00.801732186Z [2026-09-26 00:26:00,797] INFO [GroupCoordinator id=3] Scheduling unloading of metadata for __consumer_offsets-38 with epoch OptionalInt[1] (org.apache.kafka.coordinator.common.runtime.CoordinatorRuntime)
kafka1      | 2026-09-26T00:25:57.555786981Z 	add.partitions.to.txn.retry.backoff.ms = 20
kafka3      | 2026-09-26T00:26:00.801765654Z [2026-09-26 00:26:00,797] INFO [GroupCoordinator id=3] Scheduling unloading of metadata for __consumer_offsets-36 with epoch OptionalInt[0] (org.apache.kafka.coordinator.common.runtime.CoordinatorRuntime)
kafka3      | 2026-09-26T00:26:00.801777879Z [2026-09-26 00:26:00,797] INFO [GroupCoordinator id=3] Scheduling unloading of metadata for __consumer_offsets-34 with epoch OptionalInt[1] (org.apache.kafka.coordinator.common.runtime.CoordinatorRuntime)
kafka3      | 2026-09-26T00:26:00.801789363Z [2026-09-26 00:26:00,798] INFO [GroupCoordinator id=3] Scheduling unloading of metadata for __consumer_offsets-47 with epoch OptionalInt[0] (org.apache.kafka.coordinator.common.runtime.CoordinatorRuntime)
kafka1      | 2026-09-26T00:25:57.555791931Z 	advertised.listeners = [PLAINTEXT://kafka1:19092, PLAINTEXT_HOST://localhost:29092]
kafka2      | 2026-09-26T00:25:38.317407151Z 	at org.apache.kafka.server.util.InterBrokerSendThread.pollOnce(InterBrokerSendThread.java:109)
kafka2      | 2026-09-26T00:25:38.317413023Z 	at org.apache.kafka.server.util.InterBrokerSendThread.doWork(InterBrokerSendThread.java:137)
kafka2      | 2026-09-26T00:25:38.317418835Z 	at org.apache.kafka.server.util.ShutdownableThread.run(ShutdownableThread.java:136)
kafka2      | 2026-09-26T00:25:39.317308589Z [2026-09-26 00:25:39,315] WARN [RaftManager id=2] Error connecting to node kafka1:9093 (id: 1 rack: null isFenced: false) (org.apache.kafka.clients.NetworkClient)
kafka2      | 2026-09-26T00:25:39.317376518Z java.net.UnknownHostException: kafka1
kafka2      | 2026-09-26T00:25:39.317397682Z 	at java.base/java.net.InetAddress$CachedLookup.get(Unknown Source)
kafka2      | 2026-09-26T00:25:39.317408664Z 	at java.base/java.net.InetAddress.getAllByName0(Unknown Source)
kafka2      | 2026-09-26T00:25:39.317418093Z 	at java.base/java.net.InetAddress.getAllByName(Unknown Source)
kafka1      | 2026-09-26T00:25:57.555796561Z 	alter.config.policy.class.name = null
kafka2      | 2026-09-26T00:25:39.317427483Z 	at org.apache.kafka.clients.DefaultHostResolver.resolve(DefaultHostResolver.java:27)
kafka1      | 2026-09-26T00:25:57.555801220Z 	alter.log.dirs.replication.quota.window.num = 11
kafka2      | 2026-09-26T00:25:39.317437413Z 	at org.apache.kafka.clients.ClientUtils.resolve(ClientUtils.java:125)
kafka2      | 2026-09-26T00:25:39.317446802Z 	at org.apache.kafka.clients.ClusterConnectionStates$NodeConnectionState.resolveAddresses(ClusterConnectionStates.java:536)
kafka3      | 2026-09-26T00:26:00.801795155Z [2026-09-26 00:26:00,798] INFO [GroupCoordinator id=3] Scheduling unloading of metadata for __consumer_offsets-14 with epoch OptionalInt[0] (org.apache.kafka.coordinator.common.runtime.CoordinatorRuntime)
kafka2      | 2026-09-26T00:25:39.317457063Z 	at org.apache.kafka.clients.ClusterConnectionStates$NodeConnectionState.currentAddress(ClusterConnectionStates.java:511)
kafka2      | 2026-09-26T00:25:39.317466613Z 	at org.apache.kafka.clients.ClusterConnectionStates.currentAddress(ClusterConnectionStates.java:173)
kafka2      | 2026-09-26T00:25:39.317474509Z 	at org.apache.kafka.clients.NetworkClient.initiateConnect(NetworkClient.java:1140)
kafka3      | 2026-09-26T00:26:00.801823974Z [2026-09-26 00:26:00,798] INFO [GroupCoordinator id=3] Scheduling unloading of metadata for __consumer_offsets-41 with epoch OptionalInt[1] (org.apache.kafka.coordinator.common.runtime.CoordinatorRuntime)
kafka2      | 2026-09-26T00:25:39.317481433Z 	at org.apache.kafka.clients.NetworkClient.ready(NetworkClient.java:368)
kafka2      | 2026-09-26T00:25:39.317488317Z 	at org.apache.kafka.server.util.InterBrokerSendThread.sendRequests(InterBrokerSendThread.java:146)
kafka2      | 2026-09-26T00:25:39.317495232Z 	at org.apache.kafka.server.util.InterBrokerSendThread.pollOnce(InterBrokerSendThread.java:109)
kafka2      | 2026-09-26T00:25:39.317502136Z 	at org.apache.kafka.server.util.InterBrokerSendThread.doWork(InterBrokerSendThread.java:137)
kafka3      | 2026-09-26T00:26:00.801831118Z [2026-09-26 00:26:00,798] INFO [GroupCoordinator id=3] Scheduling unloading of metadata for __consumer_offsets-10 with epoch OptionalInt[1] (org.apache.kafka.coordinator.common.runtime.CoordinatorRuntime)
kafka3      | 2026-09-26T00:26:00.801837471Z [2026-09-26 00:26:00,798] INFO [GroupCoordinator id=3] Scheduling unloading of metadata for __consumer_offsets-24 with epoch OptionalInt[1] (org.apache.kafka.coordinator.common.runtime.CoordinatorRuntime)
kafka3      | 2026-09-26T00:26:00.801843774Z [2026-09-26 00:26:00,798] INFO [GroupCoordinator id=3] Scheduling unloading of metadata for __consumer_offsets-20 with epoch OptionalInt[0] (org.apache.kafka.coordinator.common.runtime.CoordinatorRuntime)
kafka3      | 2026-09-26T00:26:00.801851229Z [2026-09-26 00:26:00,799] INFO [GroupCoordinator id=3] Scheduling unloading of metadata for __consumer_offsets-49 with epoch OptionalInt[0] (org.apache.kafka.coordinator.common.runtime.CoordinatorRuntime)
kafka1      | 2026-09-26T00:25:57.555805559Z 	alter.log.dirs.replication.quota.window.size.seconds = 1
kafka1      | 2026-09-26T00:25:57.555810258Z 	authorizer.class.name = 
kafka1      | 2026-09-26T00:25:57.555814427Z 	auto.create.topics.enable = true
kafka1      | 2026-09-26T00:25:57.555818765Z 	auto.leader.rebalance.enable = true
kafka3      | 2026-09-26T00:26:00.801856680Z [2026-09-26 00:26:00,799] INFO [GroupCoordinator id=3] Scheduling unloading of metadata for __consumer_offsets-31 with epoch OptionalInt[0] (org.apache.kafka.coordinator.common.runtime.CoordinatorRuntime)
kafka1      | 2026-09-26T00:25:57.555823014Z 	background.threads = 10
kafka1      | 2026-09-26T00:25:57.555833846Z 	broker.heartbeat.interval.ms = 2000
kafka1      | 2026-09-26T00:25:57.555838214Z 	broker.id = 1
kafka2      | 2026-09-26T00:25:39.317551056Z 	at org.apache.kafka.server.util.ShutdownableThread.run(ShutdownableThread.java:136)
kafka1      | 2026-09-26T00:25:57.555842693Z 	broker.rack = null
kafka2      | 2026-09-26T00:25:40.316971830Z [2026-09-26 00:25:40,315] WARN [RaftManager id=2] Error connecting to node kafka1:9093 (id: 1 rack: null isFenced: false) (org.apache.kafka.clients.NetworkClient)
kafka1      | 2026-09-26T00:25:57.555886301Z 	broker.session.timeout.ms = 9000
kafka2      | 2026-09-26T00:25:40.317084711Z java.net.UnknownHostException: kafka1
kafka1      | 2026-09-26T00:25:57.555891411Z 	client.quota.callback.class = null
kafka2      | 2026-09-26T00:25:40.317092086Z 	at java.base/java.net.InetAddress$CachedLookup.get(Unknown Source)
kafka3      | 2026-09-26T00:26:00.801861570Z [2026-09-26 00:26:00,799] INFO [GroupCoordinator id=3] Scheduling unloading of metadata for __consumer_offsets-0 with epoch OptionalInt[0] (org.apache.kafka.coordinator.common.runtime.CoordinatorRuntime)
kafka2      | 2026-09-26T00:25:40.317100373Z 	at java.base/java.net.InetAddress.getAllByName0(Unknown Source)
kafka3      | 2026-09-26T00:26:00.801866561Z [2026-09-26 00:26:00,799] INFO [GroupCoordinator id=3] Scheduling unloading of metadata for __consumer_offsets-27 with epoch OptionalInt[1] (org.apache.kafka.coordinator.common.runtime.CoordinatorRuntime)
kafka2      | 2026-09-26T00:25:40.317105604Z 	at java.base/java.net.InetAddress.getAllByName(Unknown Source)
kafka2      | 2026-09-26T00:25:40.317110975Z 	at org.apache.kafka.clients.DefaultHostResolver.resolve(DefaultHostResolver.java:27)
kafka1      | 2026-09-26T00:25:57.555895810Z 	compression.gzip.level = -1
kafka1      | 2026-09-26T00:25:57.555900189Z 	compression.lz4.level = 9
kafka1      | 2026-09-26T00:25:57.555904277Z 	compression.type = producer
kafka1      | 2026-09-26T00:25:57.555908376Z 	compression.zstd.level = 3
kafka1      | 2026-09-26T00:25:57.555912524Z 	config.providers = []
kafka1      | 2026-09-26T00:25:57.555916712Z 	connection.failed.authentication.delay.ms = 100
kafka2      | 2026-09-26T00:25:40.317116276Z 	at org.apache.kafka.clients.ClientUtils.resolve(ClientUtils.java:125)
kafka2      | 2026-09-26T00:25:40.317121236Z 	at org.apache.kafka.clients.ClusterConnectionStates$NodeConnectionState.resolveAddresses(ClusterConnectionStates.java:536)
kafka2      | 2026-09-26T00:25:40.317126376Z 	at org.apache.kafka.clients.ClusterConnectionStates$NodeConnectionState.currentAddress(ClusterConnectionStates.java:511)
kafka1      | 2026-09-26T00:25:57.555920891Z 	connections.max.idle.ms = 600000
kafka1      | 2026-09-26T00:25:57.555925009Z 	connections.max.reauth.ms = 0
kafka1      | 2026-09-26T00:25:57.555929137Z 	controlled.shutdown.enable = true
kafka2      | 2026-09-26T00:25:40.317131447Z 	at org.apache.kafka.clients.ClusterConnectionStates.currentAddress(ClusterConnectionStates.java:173)
kafka2      | 2026-09-26T00:25:40.317136617Z 	at org.apache.kafka.clients.NetworkClient.initiateConnect(NetworkClient.java:1140)
kafka3      | 2026-09-26T00:26:00.801871501Z [2026-09-26 00:26:00,799] INFO [GroupCoordinator id=3] Scheduling unloading of metadata for __consumer_offsets-25 with epoch OptionalInt[0] (org.apache.kafka.coordinator.common.runtime.CoordinatorRuntime)
kafka1      | 2026-09-26T00:25:57.555933296Z 	controller.listener.names = [CONTROLLER]
kafka1      | 2026-09-26T00:25:57.555937444Z 	controller.performance.always.log.threshold.ms = 2000
kafka1      | 2026-09-26T00:25:57.555941622Z 	controller.performance.sample.period.ms = 60000
kafka2      | 2026-09-26T00:25:40.317144594Z 	at org.apache.kafka.clients.NetworkClient.ready(NetworkClient.java:368)
kafka3      | 2026-09-26T00:26:00.801876331Z [2026-09-26 00:26:00,799] INFO [GroupCoordinator id=3] Scheduling unloading of metadata for __consumer_offsets-39 with epoch OptionalInt[0] (org.apache.kafka.coordinator.common.runtime.CoordinatorRuntime)
kafka3      | 2026-09-26T00:26:00.801881090Z [2026-09-26 00:26:00,799] INFO [GroupCoordinator id=3] Scheduling unloading of metadata for __consumer_offsets-35 with epoch OptionalInt[0] (org.apache.kafka.coordinator.common.runtime.CoordinatorRuntime)
kafka1      | 2026-09-26T00:25:57.555945791Z 	controller.quorum.append.linger.ms = 25
kafka1      | 2026-09-26T00:25:57.555949929Z 	controller.quorum.auto.join.enable = false
kafka1      | 2026-09-26T00:25:57.555954368Z 	controller.quorum.bootstrap.servers = []
kafka1      | 2026-09-26T00:25:57.555958787Z 	controller.quorum.election.backoff.max.ms = 1000
kafka2      | 2026-09-26T00:25:40.317150175Z 	at org.apache.kafka.server.util.InterBrokerSendThread.sendRequests(InterBrokerSendThread.java:146)
kafka2      | 2026-09-26T00:25:40.317155626Z 	at org.apache.kafka.server.util.InterBrokerSendThread.pollOnce(InterBrokerSendThread.java:109)
kafka3      | 2026-09-26T00:26:00.801886131Z [2026-09-26 00:26:00,800] INFO [GroupCoordinator id=3] Scheduling unloading of metadata for __consumer_offsets-4 with epoch OptionalInt[1] (org.apache.kafka.coordinator.common.runtime.CoordinatorRuntime)
kafka3      | 2026-09-26T00:26:00.801892674Z [2026-09-26 00:26:00,800] INFO [GroupCoordinator id=3] Scheduling unloading of metadata for __consumer_offsets-2 with epoch OptionalInt[1] (org.apache.kafka.coordinator.common.runtime.CoordinatorRuntime)
kafka1      | 2026-09-26T00:25:57.555963106Z 	controller.quorum.election.timeout.ms = 1000
kafka2      | 2026-09-26T00:25:40.317160977Z 	at org.apache.kafka.server.util.InterBrokerSendThread.doWork(InterBrokerSendThread.java:137)
kafka3      | 2026-09-26T00:26:00.801898736Z [2026-09-26 00:26:00,801] INFO [GroupCoordinator id=3] Ignored unloading metadata for __consumer_offsets-39 in epoch OptionalInt[0] since metadata was never loaded. (org.apache.kafka.coordinator.common.runtime.CoordinatorRuntime)
kafka3      | 2026-09-26T00:26:00.803196391Z [2026-09-26 00:26:00,796] INFO [GroupCoordinator id=3] Ignored unloading metadata for __consumer_offsets-7 in epoch OptionalInt[0] since metadata was never loaded. (org.apache.kafka.coordinator.common.runtime.CoordinatorRuntime)
kafka3      | 2026-09-26T00:26:00.803230430Z [2026-09-26 00:26:00,795] INFO [GroupCoordinator id=3] Ignored unloading metadata for __consumer_offsets-28 in epoch OptionalInt[0] since metadata was never loaded. (org.apache.kafka.coordinator.common.runtime.CoordinatorRuntime)
kafka3      | 2026-09-26T00:26:00.804460830Z [2026-09-26 00:26:00,795] INFO [GroupCoordinator id=3] Ignored unloading metadata for __consumer_offsets-30 in epoch OptionalInt[1] since metadata was never loaded. (org.apache.kafka.coordinator.common.runtime.CoordinatorRuntime)
kafka3      | 2026-09-26T00:26:00.804736817Z [2026-09-26 00:26:00,802] INFO [GroupCoordinator id=3] Ignored unloading metadata for __consumer_offsets-31 in epoch OptionalInt[0] since metadata was never loaded. (org.apache.kafka.coordinator.common.runtime.CoordinatorRuntime)
kafka3      | 2026-09-26T00:26:00.804797702Z [2026-09-26 00:26:00,804] INFO [GroupCoordinator id=3] Ignored unloading metadata for __consumer_offsets-4 in epoch OptionalInt[1] since metadata was never loaded. (org.apache.kafka.coordinator.common.runtime.CoordinatorRuntime)
kafka3      | 2026-09-26T00:26:00.805834427Z [2026-09-26 00:26:00,804] INFO [GroupCoordinator id=3] Ignored unloading metadata for __consumer_offsets-0 in epoch OptionalInt[0] since metadata was never loaded. (org.apache.kafka.coordinator.common.runtime.CoordinatorRuntime)
kafka3      | 2026-09-26T00:26:00.805933439Z [2026-09-26 00:26:00,804] INFO [GroupCoordinator id=3] Ignored unloading metadata for __consumer_offsets-27 in epoch OptionalInt[1] since metadata was never loaded. (org.apache.kafka.coordinator.common.runtime.CoordinatorRuntime)
kafka3      | 2026-09-26T00:26:00.805946346Z [2026-09-26 00:26:00,805] INFO [GroupCoordinator id=3] Ignored unloading metadata for __consumer_offsets-34 in epoch OptionalInt[1] since metadata was never loaded. (org.apache.kafka.coordinator.common.runtime.CoordinatorRuntime)
kafka3      | 2026-09-26T00:26:00.806640385Z [2026-09-26 00:26:00,805] INFO [GroupCoordinator id=3] Ignored unloading metadata for __consumer_offsets-41 in epoch OptionalInt[1] since metadata was never loaded. (org.apache.kafka.coordinator.common.runtime.CoordinatorRuntime)
kafka3      | 2026-09-26T00:26:00.806703064Z [2026-09-26 00:26:00,806] INFO [GroupCoordinator id=3] Ignored unloading metadata for __consumer_offsets-38 in epoch OptionalInt[1] since metadata was never loaded. (org.apache.kafka.coordinator.common.runtime.CoordinatorRuntime)
kafka3      | 2026-09-26T00:26:00.806709256Z [2026-09-26 00:26:00,806] INFO [GroupCoordinator id=3] Ignored unloading metadata for __consumer_offsets-25 in epoch OptionalInt[0] since metadata was never loaded. (org.apache.kafka.coordinator.common.runtime.CoordinatorRuntime)
kafka3      | 2026-09-26T00:26:00.806715038Z [2026-09-26 00:26:00,806] INFO [GroupCoordinator id=3] Ignored unloading metadata for __consumer_offsets-36 in epoch OptionalInt[0] since metadata was never loaded. (org.apache.kafka.coordinator.common.runtime.CoordinatorRuntime)
kafka2      | 2026-09-26T00:25:40.317166619Z 	at org.apache.kafka.server.util.ShutdownableThread.run(ShutdownableThread.java:136)
kafka2      | 2026-09-26T00:25:41.317163676Z [2026-09-26 00:25:41,315] WARN [RaftManager id=2] Error connecting to node kafka1:9093 (id: 1 rack: null isFenced: false) (org.apache.kafka.clients.NetworkClient)
kafka3      | 2026-09-26T00:26:00.806739308Z [2026-09-26 00:26:00,806] INFO [GroupCoordinator id=3] Ignored unloading metadata for __consumer_offsets-5 in epoch OptionalInt[0] since metadata was never loaded. (org.apache.kafka.coordinator.common.runtime.CoordinatorRuntime)
kafka3      | 2026-09-26T00:26:00.807071066Z [2026-09-26 00:26:00,806] INFO [GroupCoordinator id=3] Ignored unloading metadata for __consumer_offsets-2 in epoch OptionalInt[1] since metadata was never loaded. (org.apache.kafka.coordinator.common.runtime.CoordinatorRuntime)
kafka3      | 2026-09-26T00:26:00.807848497Z [2026-09-26 00:26:00,807] INFO [GroupCoordinator id=3] Ignored unloading metadata for __consumer_offsets-14 in epoch OptionalInt[0] since metadata was never loaded. (org.apache.kafka.coordinator.common.runtime.CoordinatorRuntime)
kafka1      | 2026-09-26T00:25:57.555967464Z 	controller.quorum.fetch.max.bytes = 1048576
kafka3      | 2026-09-26T00:26:00.814258747Z [2026-09-26 00:26:00,813] INFO [GroupCoordinator id=3] Ignored unloading metadata for __consumer_offsets-47 in epoch OptionalInt[0] since metadata was never loaded. (org.apache.kafka.coordinator.common.runtime.CoordinatorRuntime)
kafka3      | 2026-09-26T00:26:00.814913649Z [2026-09-26 00:26:00,814] INFO [GroupCoordinator id=3] Ignored unloading metadata for __consumer_offsets-24 in epoch OptionalInt[1] since metadata was never loaded. (org.apache.kafka.coordinator.common.runtime.CoordinatorRuntime)
kafka2      | 2026-09-26T00:25:41.317227056Z java.net.UnknownHostException: kafka1
kafka3      | 2026-09-26T00:26:00.814941837Z [2026-09-26 00:26:00,814] INFO [GroupCoordinator id=3] Ignored unloading metadata for __consumer_offsets-35 in epoch OptionalInt[0] since metadata was never loaded. (org.apache.kafka.coordinator.common.runtime.CoordinatorRuntime)
kafka3      | 2026-09-26T00:26:00.814947779Z [2026-09-26 00:26:00,814] INFO [GroupCoordinator id=3] Ignored unloading metadata for __consumer_offsets-49 in epoch OptionalInt[0] since metadata was never loaded. (org.apache.kafka.coordinator.common.runtime.CoordinatorRuntime)
kafka3      | 2026-09-26T00:26:00.814952859Z [2026-09-26 00:26:00,814] INFO [GroupCoordinator id=3] Ignored unloading metadata for __consumer_offsets-10 in epoch OptionalInt[1] since metadata was never loaded. (org.apache.kafka.coordinator.common.runtime.CoordinatorRuntime)
kafka3      | 2026-09-26T00:26:00.815198602Z [2026-09-26 00:26:00,814] INFO [GroupCoordinator id=3] Ignored unloading metadata for __consumer_offsets-20 in epoch OptionalInt[0] since metadata was never loaded. (org.apache.kafka.coordinator.common.runtime.CoordinatorRuntime)
kafka1      | 2026-09-26T00:25:57.555971783Z 	controller.quorum.fetch.snapshot.max.bytes = 1048576
kafka2      | 2026-09-26T00:25:41.317235583Z 	at java.base/java.net.InetAddress$CachedLookup.get(Unknown Source)
kafka2      | 2026-09-26T00:25:41.317242758Z 	at java.base/java.net.InetAddress.getAllByName0(Unknown Source)
kafka1      | 2026-09-26T00:25:57.555975932Z 	controller.quorum.fetch.timeout.ms = 2000
kafka1      | 2026-09-26T00:25:57.555980380Z 	controller.quorum.request.timeout.ms = 2000
kafka1      | 2026-09-26T00:25:57.555984719Z 	controller.quorum.retry.backoff.ms = 20
kafka1      | 2026-09-26T00:25:57.555988888Z 	controller.quorum.voters = [1@kafka1:9093, 2@kafka2:9093, 3@kafka3:9093]
kafka2      | 2026-09-26T00:25:41.317248961Z 	at java.base/java.net.InetAddress.getAllByName(Unknown Source)
kafka2      | 2026-09-26T00:25:41.317253921Z 	at org.apache.kafka.clients.DefaultHostResolver.resolve(DefaultHostResolver.java:27)
kafka2      | 2026-09-26T00:25:41.317259603Z 	at org.apache.kafka.clients.ClientUtils.resolve(ClientUtils.java:125)
kafka2      | 2026-09-26T00:25:41.317265414Z 	at org.apache.kafka.clients.ClusterConnectionStates$NodeConnectionState.resolveAddresses(ClusterConnectionStates.java:536)
kafka1      | 2026-09-26T00:25:57.555993327Z 	controller.quota.window.num = 11
kafka1      | 2026-09-26T00:25:57.555997615Z 	controller.quota.window.size.seconds = 1
kafka1      | 2026-09-26T00:25:57.556001743Z 	controller.socket.timeout.ms = 30000
kafka2      | 2026-09-26T00:25:41.317271126Z 	at org.apache.kafka.clients.ClusterConnectionStates$NodeConnectionState.currentAddress(ClusterConnectionStates.java:511)
kafka1      | 2026-09-26T00:25:57.556006102Z 	cordoned.log.dirs = []
kafka2      | 2026-09-26T00:25:41.317329536Z 	at org.apache.kafka.clients.ClusterConnectionStates.currentAddress(ClusterConnectionStates.java:173)
kafka1      | 2026-09-26T00:25:57.556010210Z 	create.topic.policy.class.name = null
kafka1      | 2026-09-26T00:25:57.556014589Z 	default.replication.factor = 1
kafka1      | 2026-09-26T00:25:57.556018708Z 	delegation.token.expiry.check.interval.ms = 3600000
kafka1      | 2026-09-26T00:25:57.556023287Z 	delegation.token.expiry.time.ms = 86400000
kafka2      | 2026-09-26T00:25:41.317339466Z 	at org.apache.kafka.clients.NetworkClient.initiateConnect(NetworkClient.java:1140)
kafka1      | 2026-09-26T00:25:57.556027706Z 	delegation.token.max.lifetime.ms = 604800000
kafka1      | 2026-09-26T00:25:57.556031844Z 	delegation.token.secret.key = null
kafka1      | 2026-09-26T00:25:57.556036183Z 	delete.records.purgatory.purge.interval.requests = 1
kafka2      | 2026-09-26T00:25:41.317345348Z 	at org.apache.kafka.clients.NetworkClient.ready(NetworkClient.java:368)
kafka1      | 2026-09-26T00:25:57.556052175Z 	delete.topic.enable = true
kafka2      | 2026-09-26T00:25:41.317350749Z 	at org.apache.kafka.server.util.InterBrokerSendThread.sendRequests(InterBrokerSendThread.java:146)
kafka1      | 2026-09-26T00:25:57.556056694Z 	early.start.listeners = null
kafka2      | 2026-09-26T00:25:41.317356571Z 	at org.apache.kafka.server.util.InterBrokerSendThread.pollOnce(InterBrokerSendThread.java:109)
kafka2      | 2026-09-26T00:25:41.317362073Z 	at org.apache.kafka.server.util.InterBrokerSendThread.doWork(InterBrokerSendThread.java:137)
kafka1      | 2026-09-26T00:25:57.556060802Z 	fetch.max.bytes = 57671680
kafka2      | 2026-09-26T00:25:41.317367474Z 	at org.apache.kafka.server.util.ShutdownableThread.run(ShutdownableThread.java:136)
kafka1      | 2026-09-26T00:25:57.556064921Z 	fetch.purgatory.purge.interval.requests = 1000
kafka2      | 2026-09-26T00:25:42.317101940Z [2026-09-26 00:25:42,315] WARN [RaftManager id=2] Error connecting to node kafka1:9093 (id: 1 rack: null isFenced: false) (org.apache.kafka.clients.NetworkClient)
kafka1      | 2026-09-26T00:25:57.556069279Z 	follower.fetch.last.tiered.offset.enable = false
kafka2      | 2026-09-26T00:25:42.317157564Z java.net.UnknownHostException: kafka1
kafka1      | 2026-09-26T00:25:57.556073438Z 	group.consumer.assignment.interval.ms = 1000
kafka2      | 2026-09-26T00:25:42.317173477Z 	at java.base/java.net.InetAddress$CachedLookup.get(Unknown Source)
kafka1      | 2026-09-26T00:25:57.556077586Z 	group.consumer.assignors = [uniform, range]
kafka2      | 2026-09-26T00:25:42.317181413Z 	at java.base/java.net.InetAddress.getAllByName0(Unknown Source)
kafka1      | 2026-09-26T00:25:57.556081724Z 	group.consumer.heartbeat.interval.ms = 5000
kafka2      | 2026-09-26T00:25:42.317187676Z 	at java.base/java.net.InetAddress.getAllByName(Unknown Source)
kafka1      | 2026-09-26T00:25:57.556085873Z 	group.consumer.max.assignment.interval.ms = 15000
kafka2      | 2026-09-26T00:25:42.317195332Z 	at org.apache.kafka.clients.DefaultHostResolver.resolve(DefaultHostResolver.java:27)
kafka1      | 2026-09-26T00:25:57.556090021Z 	group.consumer.max.heartbeat.interval.ms = 15000
kafka2      | 2026-09-26T00:25:42.317200342Z 	at org.apache.kafka.clients.ClientUtils.resolve(ClientUtils.java:125)
kafka1      | 2026-09-26T00:25:57.556094159Z 	group.consumer.max.session.timeout.ms = 60000
kafka2      | 2026-09-26T00:25:42.317205322Z 	at org.apache.kafka.clients.ClusterConnectionStates$NodeConnectionState.resolveAddresses(ClusterConnectionStates.java:536)
kafka2      | 2026-09-26T00:25:42.317210954Z 	at org.apache.kafka.clients.ClusterConnectionStates$NodeConnectionState.currentAddress(ClusterConnectionStates.java:511)
kafka1      | 2026-09-26T00:25:57.556098298Z 	group.consumer.max.size = 2147483647
kafka2      | 2026-09-26T00:25:42.317216495Z 	at org.apache.kafka.clients.ClusterConnectionStates.currentAddress(ClusterConnectionStates.java:173)
kafka1      | 2026-09-26T00:25:57.556102426Z 	group.consumer.migration.policy = bidirectional
kafka2      | 2026-09-26T00:25:42.317226746Z 	at org.apache.kafka.clients.NetworkClient.initiateConnect(NetworkClient.java:1140)
kafka1      | 2026-09-26T00:25:57.556106574Z 	group.consumer.min.assignment.interval.ms = 0
kafka2      | 2026-09-26T00:25:42.317238270Z 	at org.apache.kafka.clients.NetworkClient.ready(NetworkClient.java:368)
kafka1      | 2026-09-26T00:25:57.556110713Z 	group.consumer.min.heartbeat.interval.ms = 5000
kafka1      | 2026-09-26T00:25:57.556114841Z 	group.consumer.min.session.timeout.ms = 45000
kafka1      | 2026-09-26T00:25:57.556118979Z 	group.consumer.regex.refresh.interval.ms = 600000
kafka2      | 2026-09-26T00:25:42.317244172Z 	at org.apache.kafka.server.util.InterBrokerSendThread.sendRequests(InterBrokerSendThread.java:146)
kafka1      | 2026-09-26T00:25:57.556123128Z 	group.consumer.session.timeout.ms = 45000
kafka1      | 2026-09-26T00:25:57.556127256Z 	group.coordinator.append.linger.ms = -1
kafka1      | 2026-09-26T00:25:57.556131384Z 	group.coordinator.background.threads = 2
kafka1      | 2026-09-26T00:25:57.556135503Z 	group.coordinator.cached.buffer.max.bytes = 1048588
kafka1      | 2026-09-26T00:25:57.556139721Z 	group.coordinator.rebalance.protocols = [classic, consumer, streams]
kafka1      | 2026-09-26T00:25:57.556144040Z 	group.coordinator.threads = 4
kafka2      | 2026-09-26T00:25:42.317250595Z 	at org.apache.kafka.server.util.InterBrokerSendThread.pollOnce(InterBrokerSendThread.java:109)
kafka2      | 2026-09-26T00:25:42.317255896Z 	at org.apache.kafka.server.util.InterBrokerSendThread.doWork(InterBrokerSendThread.java:137)
kafka1      | 2026-09-26T00:25:57.556148188Z 	group.initial.rebalance.delay.ms = 0
kafka1      | 2026-09-26T00:25:57.556152316Z 	group.max.session.timeout.ms = 1800000
kafka1      | 2026-09-26T00:25:57.556156445Z 	group.max.size = 2147483647
kafka2      | 2026-09-26T00:25:42.317261998Z 	at org.apache.kafka.server.util.ShutdownableThread.run(ShutdownableThread.java:136)
kafka2      | 2026-09-26T00:25:48.322235091Z [2026-09-26 00:25:48,320] WARN [RaftManager id=2] Error connecting to node kafka1:9093 (id: 1 rack: null isFenced: false) (org.apache.kafka.clients.NetworkClient)
kafka1      | 2026-09-26T00:25:57.556161044Z 	group.min.session.timeout.ms = 6000
kafka1      | 2026-09-26T00:25:57.556165202Z 	group.share.assignment.interval.ms = 1000
kafka2      | 2026-09-26T00:25:48.322333983Z java.net.UnknownHostException: kafka1: Try again
kafka2      | 2026-09-26T00:25:48.322340988Z 	at java.base/java.net.Inet6AddressImpl.lookupAllHostAddr(Native Method)
kafka2      | 2026-09-26T00:25:48.322347611Z 	at java.base/java.net.Inet6AddressImpl.lookupAllHostAddr(Unknown Source)
kafka1      | 2026-09-26T00:25:57.556169541Z 	group.share.assignors = [simple]
kafka1      | 2026-09-26T00:25:57.556173860Z 	group.share.delivery.count.limit = 5
kafka2      | 2026-09-26T00:25:48.322353153Z 	at java.base/java.net.InetAddress$PlatformResolver.lookupByName(Unknown Source)
kafka1      | 2026-09-26T00:25:57.556178028Z 	group.share.heartbeat.interval.ms = 5000
kafka2      | 2026-09-26T00:25:48.322359025Z 	at java.base/java.net.InetAddress.getAddressesFromNameService(Unknown Source)
kafka1      | 2026-09-26T00:25:57.556182176Z 	group.share.initialize.retry.interval.ms = 30000
kafka1      | 2026-09-26T00:25:57.556186335Z 	group.share.max.assignment.interval.ms = 15000
kafka2      | 2026-09-26T00:25:48.322364125Z 	at java.base/java.net.InetAddress$NameServiceAddresses.get(Unknown Source)
kafka1      | 2026-09-26T00:25:57.556190483Z 	group.share.max.delivery.count.limit = 10
kafka2      | 2026-09-26T00:25:48.322369115Z 	at java.base/java.net.InetAddress.getAllByName0(Unknown Source)
kafka1      | 2026-09-26T00:25:57.556205443Z 	group.share.max.heartbeat.interval.ms = 15000
kafka2      | 2026-09-26T00:25:48.322374096Z 	at java.base/java.net.InetAddress.getAllByName(Unknown Source)
kafka1      | 2026-09-26T00:25:57.556209762Z 	group.share.max.partition.max.record.locks = 4000
kafka1      | 2026-09-26T00:25:57.556213940Z 	group.share.max.record.lock.duration.ms = 60000
kafka2      | 2026-09-26T00:25:48.322379196Z 	at org.apache.kafka.clients.DefaultHostResolver.resolve(DefaultHostResolver.java:27)
kafka2      | 2026-09-26T00:25:48.322384347Z 	at org.apache.kafka.clients.ClientUtils.resolve(ClientUtils.java:125)
kafka1      | 2026-09-26T00:25:57.556218119Z 	group.share.max.session.timeout.ms = 60000
kafka2      | 2026-09-26T00:25:48.322389487Z 	at org.apache.kafka.clients.ClusterConnectionStates$NodeConnectionState.resolveAddresses(ClusterConnectionStates.java:536)
kafka2      | 2026-09-26T00:25:48.322394577Z 	at org.apache.kafka.clients.ClusterConnectionStates$NodeConnectionState.currentAddress(ClusterConnectionStates.java:511)
kafka1      | 2026-09-26T00:25:57.556222287Z 	group.share.max.share.sessions = 2000
kafka2      | 2026-09-26T00:25:48.322403796Z 	at org.apache.kafka.clients.ClusterConnectionStates.currentAddress(ClusterConnectionStates.java:173)
kafka1      | 2026-09-26T00:25:57.556226445Z 	group.share.max.size = 200
kafka2      | 2026-09-26T00:25:48.322409879Z 	at org.apache.kafka.clients.NetworkClient.initiateConnect(NetworkClient.java:1140)
kafka2      | 2026-09-26T00:25:48.322414909Z 	at org.apache.kafka.clients.NetworkClient.ready(NetworkClient.java:368)
kafka2      | 2026-09-26T00:25:48.322419418Z 	at org.apache.kafka.server.util.InterBrokerSendThread.sendRequests(InterBrokerSendThread.java:146)
kafka1      | 2026-09-26T00:25:57.556230864Z 	group.share.min.assignment.interval.ms = 0
kafka2      | 2026-09-26T00:25:48.322424399Z 	at org.apache.kafka.server.util.InterBrokerSendThread.pollOnce(InterBrokerSendThread.java:109)
kafka1      | 2026-09-26T00:25:57.556235033Z 	group.share.min.delivery.count.limit = 2
kafka2      | 2026-09-26T00:25:48.322437856Z 	at org.apache.kafka.server.util.InterBrokerSendThread.doWork(InterBrokerSendThread.java:137)
kafka1      | 2026-09-26T00:25:57.556239211Z 	group.share.min.heartbeat.interval.ms = 5000
kafka2      | 2026-09-26T00:25:48.322446223Z 	at org.apache.kafka.server.util.ShutdownableThread.run(ShutdownableThread.java:136)
kafka1      | 2026-09-26T00:25:57.556243540Z 	group.share.min.partition.max.record.locks = 100
kafka2      | 2026-09-26T00:25:48.325049194Z [2026-09-26 00:25:48,323] WARN [RaftManager id=2] Error connecting to node kafka1:9093 (id: 1 rack: null isFenced: false) (org.apache.kafka.clients.NetworkClient)
kafka2      | 2026-09-26T00:25:48.325119488Z java.net.UnknownHostException: kafka1
kafka1      | 2026-09-26T00:25:57.556247728Z 	group.share.min.record.lock.duration.ms = 15000
kafka2      | 2026-09-26T00:25:48.325125350Z 	at java.base/java.net.InetAddress$CachedLookup.get(Unknown Source)
kafka1      | 2026-09-26T00:25:57.556251897Z 	group.share.min.session.timeout.ms = 45000
kafka2      | 2026-09-26T00:25:48.325131844Z 	at java.base/java.net.InetAddress.getAllByName0(Unknown Source)
kafka1      | 2026-09-26T00:25:57.556256125Z 	group.share.partition.max.record.locks = 2000
kafka2      | 2026-09-26T00:25:48.325136944Z 	at java.base/java.net.InetAddress.getAllByName(Unknown Source)
kafka1      | 2026-09-26T00:25:57.556261526Z 	group.share.persister.class.name = org.apache.kafka.server.share.persister.DefaultStatePersister
kafka2      | 2026-09-26T00:25:48.325142295Z 	at org.apache.kafka.clients.DefaultHostResolver.resolve(DefaultHostResolver.java:27)
kafka1      | 2026-09-26T00:25:57.556265845Z 	group.share.record.lock.duration.ms = 30000
kafka2      | 2026-09-26T00:25:48.325147516Z 	at org.apache.kafka.clients.ClientUtils.resolve(ClientUtils.java:125)
kafka1      | 2026-09-26T00:25:57.556270053Z 	group.share.session.timeout.ms = 45000
kafka1      | 2026-09-26T00:25:57.556274312Z 	group.streams.assignment.interval.ms = 1000
kafka1      | 2026-09-26T00:25:57.556278520Z 	group.streams.heartbeat.interval.ms = 5000
kafka1      | 2026-09-26T00:25:57.556282679Z 	group.streams.initial.rebalance.delay.ms = 3000
kafka2      | 2026-09-26T00:25:48.325196686Z 	at org.apache.kafka.clients.ClusterConnectionStates$NodeConnectionState.resolveAddresses(ClusterConnectionStates.java:536)
kafka2      | 2026-09-26T00:25:48.325203420Z 	at org.apache.kafka.clients.ClusterConnectionStates$NodeConnectionState.currentAddress(ClusterConnectionStates.java:511)
kafka2      | 2026-09-26T00:25:48.325208681Z 	at org.apache.kafka.clients.ClusterConnectionStates.currentAddress(ClusterConnectionStates.java:173)
kafka2      | 2026-09-26T00:25:48.325214092Z 	at org.apache.kafka.clients.NetworkClient.initiateConnect(NetworkClient.java:1140)
kafka2      | 2026-09-26T00:25:48.325219102Z 	at org.apache.kafka.clients.NetworkClient.ready(NetworkClient.java:368)
kafka2      | 2026-09-26T00:25:48.325224083Z 	at org.apache.kafka.server.util.InterBrokerSendThread.sendRequests(InterBrokerSendThread.java:146)
kafka1      | 2026-09-26T00:25:57.556286857Z 	group.streams.max.assignment.interval.ms = 15000
kafka1      | 2026-09-26T00:25:57.556291045Z 	group.streams.max.heartbeat.interval.ms = 15000
kafka2      | 2026-09-26T00:25:48.325229113Z 	at org.apache.kafka.server.util.InterBrokerSendThread.pollOnce(InterBrokerSendThread.java:109)
kafka2      | 2026-09-26T00:25:48.325234013Z 	at org.apache.kafka.server.util.InterBrokerSendThread.doWork(InterBrokerSendThread.java:137)
kafka2      | 2026-09-26T00:25:48.325239063Z 	at org.apache.kafka.server.util.ShutdownableThread.run(ShutdownableThread.java:136)
kafka1      | 2026-09-26T00:25:57.556295224Z 	group.streams.max.session.timeout.ms = 60000
kafka2      | 2026-09-26T00:25:49.320897465Z [2026-09-26 00:25:49,319] WARN [RaftManager id=2] Error connecting to node kafka1:9093 (id: 1 rack: null isFenced: false) (org.apache.kafka.clients.NetworkClient)
kafka1      | 2026-09-26T00:25:57.556299412Z 	group.streams.max.size = 2147483647
kafka2      | 2026-09-26T00:25:49.321048023Z java.net.UnknownHostException: kafka1
kafka2      | 2026-09-26T00:25:49.321061210Z 	at java.base/java.net.InetAddress$CachedLookup.get(Unknown Source)
kafka1      | 2026-09-26T00:25:57.556303551Z 	group.streams.max.standby.replicas = 2
kafka2      | 2026-09-26T00:25:49.321070950Z 	at java.base/java.net.InetAddress.getAllByName0(Unknown Source)
kafka1      | 2026-09-26T00:25:57.556307699Z 	group.streams.min.assignment.interval.ms = 0
kafka2      | 2026-09-26T00:25:49.321080219Z 	at java.base/java.net.InetAddress.getAllByName(Unknown Source)
kafka1      | 2026-09-26T00:25:57.556311877Z 	group.streams.min.heartbeat.interval.ms = 5000
kafka1      | 2026-09-26T00:25:57.556316016Z 	group.streams.min.session.timeout.ms = 45000
kafka1      | 2026-09-26T00:25:57.556320184Z 	group.streams.num.standby.replicas = 0
kafka1      | 2026-09-26T00:25:57.556324342Z 	group.streams.session.timeout.ms = 45000
kafka1      | 2026-09-26T00:25:57.556328511Z 	initial.broker.registration.timeout.ms = 60000
kafka2      | 2026-09-26T00:25:49.321090981Z 	at org.apache.kafka.clients.DefaultHostResolver.resolve(DefaultHostResolver.java:27)
kafka2      | 2026-09-26T00:25:49.321101202Z 	at org.apache.kafka.clients.ClientUtils.resolve(ClientUtils.java:125)
kafka2      | 2026-09-26T00:25:49.321109559Z 	at org.apache.kafka.clients.ClusterConnectionStates$NodeConnectionState.resolveAddresses(ClusterConnectionStates.java:536)
kafka2      | 2026-09-26T00:25:49.321118788Z 	at org.apache.kafka.clients.ClusterConnectionStates$NodeConnectionState.currentAddress(ClusterConnectionStates.java:511)
kafka2      | 2026-09-26T00:25:49.321127256Z 	at org.apache.kafka.clients.ClusterConnectionStates.currentAddress(ClusterConnectionStates.java:173)
kafka2      | 2026-09-26T00:25:49.321135032Z 	at org.apache.kafka.clients.NetworkClient.initiateConnect(NetworkClient.java:1140)
kafka2      | 2026-09-26T00:25:49.321144641Z 	at org.apache.kafka.clients.NetworkClient.ready(NetworkClient.java:368)
kafka1      | 2026-09-26T00:25:57.556332689Z 	inter.broker.listener.name = PLAINTEXT
kafka1      | 2026-09-26T00:25:57.556336868Z 	internal.metadata.delete.delay.millis = 60000
kafka1      | 2026-09-26T00:25:57.556341026Z 	internal.metadata.log.segment.bytes = null
kafka1      | 2026-09-26T00:25:57.556345194Z 	internal.metadata.max.batch.size.in.bytes = 8388608
kafka1      | 2026-09-26T00:25:57.556519695Z 	kafka.metrics.polling.interval.secs = 10
kafka1      | 2026-09-26T00:25:57.556525567Z 	kafka.metrics.reporters = []
kafka1      | 2026-09-26T00:25:57.556529876Z 	leader.imbalance.check.interval.seconds = 300
kafka2      | 2026-09-26T00:25:49.321152447Z 	at org.apache.kafka.server.util.InterBrokerSendThread.sendRequests(InterBrokerSendThread.java:146)
kafka2      | 2026-09-26T00:25:49.321161456Z 	at org.apache.kafka.server.util.InterBrokerSendThread.pollOnce(InterBrokerSendThread.java:109)
kafka1      | 2026-09-26T00:25:57.556534145Z 	listener.security.protocol.map = CONTROLLER:PLAINTEXT,PLAINTEXT:PLAINTEXT,PLAINTEXT_HOST:PLAINTEXT
kafka1      | 2026-09-26T00:25:57.556538523Z 	listeners = [PLAINTEXT://:19092, CONTROLLER://:9093, PLAINTEXT_HOST://:9092]
kafka2      | 2026-09-26T00:25:49.321170154Z 	at org.apache.kafka.server.util.InterBrokerSendThread.doWork(InterBrokerSendThread.java:137)
kafka2      | 2026-09-26T00:25:49.321246610Z 	at org.apache.kafka.server.util.ShutdownableThread.run(ShutdownableThread.java:136)
kafka2      | 2026-09-26T00:25:50.320755759Z [2026-09-26 00:25:50,319] WARN [RaftManager id=2] Error connecting to node kafka1:9093 (id: 1 rack: null isFenced: false) (org.apache.kafka.clients.NetworkClient)
kafka2      | 2026-09-26T00:25:50.320818447Z java.net.UnknownHostException: kafka1
kafka2      | 2026-09-26T00:25:50.320825502Z 	at java.base/java.net.InetAddress$CachedLookup.get(Unknown Source)
kafka2      | 2026-09-26T00:25:50.320837757Z 	at java.base/java.net.InetAddress.getAllByName0(Unknown Source)
kafka1      | 2026-09-26T00:25:57.556542812Z 	log.cleaner.backoff.ms = 15000
kafka2      | 2026-09-26T00:25:50.320848639Z 	at java.base/java.net.InetAddress.getAllByName(Unknown Source)
kafka2      | 2026-09-26T00:25:50.320854351Z 	at org.apache.kafka.clients.DefaultHostResolver.resolve(DefaultHostResolver.java:27)
kafka2      | 2026-09-26T00:25:50.320859942Z 	at org.apache.kafka.clients.ClientUtils.resolve(ClientUtils.java:125)
kafka2      | 2026-09-26T00:25:50.320865504Z 	at org.apache.kafka.clients.ClusterConnectionStates$NodeConnectionState.resolveAddresses(ClusterConnectionStates.java:536)
kafka2      | 2026-09-26T00:25:50.320870785Z 	at org.apache.kafka.clients.ClusterConnectionStates$NodeConnectionState.currentAddress(ClusterConnectionStates.java:511)
kafka2      | 2026-09-26T00:25:50.320876406Z 	at org.apache.kafka.clients.ClusterConnectionStates.currentAddress(ClusterConnectionStates.java:173)
kafka2      | 2026-09-26T00:25:50.320881837Z 	at org.apache.kafka.clients.NetworkClient.initiateConnect(NetworkClient.java:1140)
kafka1      | 2026-09-26T00:25:57.556546980Z 	log.cleaner.dedupe.buffer.size = 134217728
kafka1      | 2026-09-26T00:25:57.556551169Z 	log.cleaner.delete.retention.ms = 86400000
kafka2      | 2026-09-26T00:25:50.320887639Z 	at org.apache.kafka.clients.NetworkClient.ready(NetworkClient.java:368)
kafka1      | 2026-09-26T00:25:57.556555497Z 	log.cleaner.enable = true
kafka1      | 2026-09-26T00:25:57.556559646Z 	log.cleaner.io.buffer.load.factor = 0.9
kafka2      | 2026-09-26T00:25:50.320896628Z 	at org.apache.kafka.server.util.InterBrokerSendThread.sendRequests(InterBrokerSendThread.java:146)
kafka2      | 2026-09-26T00:25:50.320908782Z 	at org.apache.kafka.server.util.InterBrokerSendThread.pollOnce(InterBrokerSendThread.java:109)
kafka2      | 2026-09-26T00:25:50.320914885Z 	at org.apache.kafka.server.util.InterBrokerSendThread.doWork(InterBrokerSendThread.java:137)
kafka1      | 2026-09-26T00:25:57.556563804Z 	log.cleaner.io.buffer.size = 524288
kafka1      | 2026-09-26T00:25:57.556567963Z 	log.cleaner.io.max.bytes.per.second = 1.7976931348623157E308
kafka1      | 2026-09-26T00:25:57.556572181Z 	log.cleaner.max.compaction.lag.ms = 9223372036854775807
kafka2      | 2026-09-26T00:25:50.320919585Z 	at org.apache.kafka.server.util.ShutdownableThread.run(ShutdownableThread.java:136)
kafka2      | 2026-09-26T00:25:51.320312505Z [2026-09-26 00:25:51,319] WARN [RaftManager id=2] Error connecting to node kafka1:9093 (id: 1 rack: null isFenced: false) (org.apache.kafka.clients.NetworkClient)
kafka1      | 2026-09-26T00:25:57.556576369Z 	log.cleaner.min.cleanable.ratio = 0.5
kafka2      | 2026-09-26T00:25:51.320377127Z java.net.UnknownHostException: kafka1
kafka1      | 2026-09-26T00:25:57.556580548Z 	log.cleaner.min.compaction.lag.ms = 0
kafka2      | 2026-09-26T00:25:51.320381987Z 	at java.base/java.net.InetAddress$CachedLookup.get(Unknown Source)
kafka2      | 2026-09-26T00:25:51.320387168Z 	at java.base/java.net.InetAddress.getAllByName0(Unknown Source)
kafka2      | 2026-09-26T00:25:51.320391437Z 	at java.base/java.net.InetAddress.getAllByName(Unknown Source)
kafka2      | 2026-09-26T00:25:51.320395695Z 	at org.apache.kafka.clients.DefaultHostResolver.resolve(DefaultHostResolver.java:27)
kafka2      | 2026-09-26T00:25:51.320400014Z 	at org.apache.kafka.clients.ClientUtils.resolve(ClientUtils.java:125)
kafka2      | 2026-09-26T00:25:51.320404123Z 	at org.apache.kafka.clients.ClusterConnectionStates$NodeConnectionState.resolveAddresses(ClusterConnectionStates.java:536)
kafka2      | 2026-09-26T00:25:51.320408301Z 	at org.apache.kafka.clients.ClusterConnectionStates$NodeConnectionState.currentAddress(ClusterConnectionStates.java:511)
kafka2      | 2026-09-26T00:25:51.320450778Z 	at org.apache.kafka.clients.ClusterConnectionStates.currentAddress(ClusterConnectionStates.java:173)
kafka1      | 2026-09-26T00:25:57.556584706Z 	log.cleaner.threads = 1
kafka1      | 2026-09-26T00:25:57.556588845Z 	log.cleanup.policy = [delete]
kafka1      | 2026-09-26T00:25:57.556593013Z 	log.dir = [/tmp/kafka-logs]
kafka1      | 2026-09-26T00:25:57.556597171Z 	log.dir.failure.timeout.ms = 30000
kafka2      | 2026-09-26T00:25:51.320455127Z 	at org.apache.kafka.clients.NetworkClient.initiateConnect(NetworkClient.java:1140)
kafka2      | 2026-09-26T00:25:51.320459195Z 	at org.apache.kafka.clients.NetworkClient.ready(NetworkClient.java:368)
kafka2      | 2026-09-26T00:25:51.320463304Z 	at org.apache.kafka.server.util.InterBrokerSendThread.sendRequests(InterBrokerSendThread.java:146)
kafka1      | 2026-09-26T00:25:57.556601350Z 	log.dirs = null
kafka1      | 2026-09-26T00:25:57.556605528Z 	log.flush.interval.messages = 9223372036854775807
kafka1      | 2026-09-26T00:25:57.556609717Z 	log.flush.interval.ms = null
kafka1      | 2026-09-26T00:25:57.556613875Z 	log.flush.offset.checkpoint.interval.ms = 60000
kafka1      | 2026-09-26T00:25:57.556618053Z 	log.flush.scheduler.interval.ms = 9223372036854775807
kafka1      | 2026-09-26T00:25:57.556625709Z 	log.flush.start.offset.checkpoint.interval.ms = 60000
kafka1      | 2026-09-26T00:25:57.556630088Z 	log.index.interval.bytes = 4096
kafka1      | 2026-09-26T00:25:57.556634246Z 	log.index.size.max.bytes = 10485760
kafka1      | 2026-09-26T00:25:57.556638404Z 	log.initial.task.delay.ms = 30000
kafka1      | 2026-09-26T00:25:57.556642583Z 	log.local.retention.bytes = -2
kafka2      | 2026-09-26T00:25:51.320467402Z 	at org.apache.kafka.server.util.InterBrokerSendThread.pollOnce(InterBrokerSendThread.java:109)
kafka2      | 2026-09-26T00:25:51.320471471Z 	at org.apache.kafka.server.util.InterBrokerSendThread.doWork(InterBrokerSendThread.java:137)
kafka2      | 2026-09-26T00:25:51.320475559Z 	at org.apache.kafka.server.util.ShutdownableThread.run(ShutdownableThread.java:136)
kafka2      | 2026-09-26T00:25:52.321898546Z [2026-09-26 00:25:52,320] WARN [RaftManager id=2] Error connecting to node kafka1:9093 (id: 1 rack: null isFenced: false) (org.apache.kafka.clients.NetworkClient)
kafka2      | 2026-09-26T00:25:52.321953517Z java.net.UnknownHostException: kafka1
kafka2      | 2026-09-26T00:25:52.321961854Z 	at java.base/java.net.InetAddress$CachedLookup.get(Unknown Source)
kafka2      | 2026-09-26T00:25:52.321969940Z 	at java.base/java.net.InetAddress.getAllByName0(Unknown Source)
kafka1      | 2026-09-26T00:25:57.556646861Z 	log.local.retention.ms = -2
kafka1      | 2026-09-26T00:25:57.556654938Z 	log.message.timestamp.after.max.ms = 3600000
kafka2      | 2026-09-26T00:25:52.321977315Z 	at java.base/java.net.InetAddress.getAllByName(Unknown Source)
kafka2      | 2026-09-26T00:25:52.321984469Z 	at org.apache.kafka.clients.DefaultHostResolver.resolve(DefaultHostResolver.java:27)
kafka1      | 2026-09-26T00:25:57.556659407Z 	log.message.timestamp.before.max.ms = 9223372036854775807
kafka2      | 2026-09-26T00:25:52.321991493Z 	at org.apache.kafka.clients.ClientUtils.resolve(ClientUtils.java:125)
kafka1      | 2026-09-26T00:25:57.556663805Z 	log.message.timestamp.type = CreateTime
kafka2      | 2026-09-26T00:25:52.321998437Z 	at org.apache.kafka.clients.ClusterConnectionStates$NodeConnectionState.resolveAddresses(ClusterConnectionStates.java:536)
kafka1      | 2026-09-26T00:25:57.556668174Z 	log.preallocate = false
kafka2      | 2026-09-26T00:25:52.322006393Z 	at org.apache.kafka.clients.ClusterConnectionStates$NodeConnectionState.currentAddress(ClusterConnectionStates.java:511)
kafka1      | 2026-09-26T00:25:57.556672333Z 	log.retention.bytes = -1
kafka2      | 2026-09-26T00:25:52.322013548Z 	at org.apache.kafka.clients.ClusterConnectionStates.currentAddress(ClusterConnectionStates.java:173)
kafka1      | 2026-09-26T00:25:57.556689567Z 	log.retention.check.interval.ms = 300000
kafka2      | 2026-09-26T00:25:52.322020552Z 	at org.apache.kafka.clients.NetworkClient.initiateConnect(NetworkClient.java:1140)
kafka1      | 2026-09-26T00:25:57.556693956Z 	log.retention.hours = 168
kafka1      | 2026-09-26T00:25:57.556698104Z 	log.retention.minutes = null
kafka1      | 2026-09-26T00:25:57.556702253Z 	log.retention.ms = null
kafka1      | 2026-09-26T00:25:57.556706662Z 	log.roll.hours = 168
kafka2      | 2026-09-26T00:25:52.322027506Z 	at org.apache.kafka.clients.NetworkClient.ready(NetworkClient.java:368)
kafka2      | 2026-09-26T00:25:52.322034450Z 	at org.apache.kafka.server.util.InterBrokerSendThread.sendRequests(InterBrokerSendThread.java:146)
kafka1      | 2026-09-26T00:25:57.556710780Z 	log.roll.jitter.hours = 0
kafka2      | 2026-09-26T00:25:52.322041514Z 	at org.apache.kafka.server.util.InterBrokerSendThread.pollOnce(InterBrokerSendThread.java:109)
kafka2      | 2026-09-26T00:25:52.322048498Z 	at org.apache.kafka.server.util.InterBrokerSendThread.doWork(InterBrokerSendThread.java:137)
kafka2      | 2026-09-26T00:25:52.322055492Z 	at org.apache.kafka.server.util.ShutdownableThread.run(ShutdownableThread.java:136)
kafka1      | 2026-09-26T00:25:57.556715179Z 	log.roll.jitter.ms = null
kafka1      | 2026-09-26T00:25:57.556719307Z 	log.roll.ms = null
kafka1      | 2026-09-26T00:25:57.556723435Z 	log.segment.bytes = 1073741824
kafka1      | 2026-09-26T00:25:57.556727574Z 	log.segment.delete.delay.ms = 60000
kafka1      | 2026-09-26T00:25:57.556731752Z 	max.connection.creation.rate = 2147483647
kafka2      | 2026-09-26T00:25:53.322377156Z [2026-09-26 00:25:53,321] WARN [RaftManager id=2] Error connecting to node kafka1:9093 (id: 1 rack: null isFenced: false) (org.apache.kafka.clients.NetworkClient)
kafka1      | 2026-09-26T00:25:57.556735920Z 	max.connections = 2147483647
kafka1      | 2026-09-26T00:25:57.556740129Z 	max.connections.per.ip = 2147483647
kafka1      | 2026-09-26T00:25:57.556744297Z 	max.connections.per.ip.overrides = 
kafka1      | 2026-09-26T00:25:57.556748436Z 	max.incremental.fetch.session.cache.slots = 1000
kafka1      | 2026-09-26T00:25:57.556752674Z 	max.request.partition.size.limit = 2000
kafka1      | 2026-09-26T00:25:57.556756833Z 	message.max.bytes = 1048588
kafka1      | 2026-09-26T00:25:57.556760971Z 	metadata.log.dir = null
kafka2      | 2026-09-26T00:25:53.322499382Z java.net.UnknownHostException: kafka1
kafka2      | 2026-09-26T00:25:53.322518781Z 	at java.base/java.net.InetAddress$CachedLookup.get(Unknown Source)
kafka2      | 2026-09-26T00:25:53.322529102Z 	at java.base/java.net.InetAddress.getAllByName0(Unknown Source)
kafka1      | 2026-09-26T00:25:57.556765089Z 	metadata.log.max.record.bytes.between.snapshots = 20971520
kafka2      | 2026-09-26T00:25:53.322538591Z 	at java.base/java.net.InetAddress.getAllByName(Unknown Source)
kafka2      | 2026-09-26T00:25:53.322548922Z 	at org.apache.kafka.clients.DefaultHostResolver.resolve(DefaultHostResolver.java:27)
kafka2      | 2026-09-26T00:25:53.322558661Z 	at org.apache.kafka.clients.ClientUtils.resolve(ClientUtils.java:125)
kafka2      | 2026-09-26T00:25:53.322568191Z 	at org.apache.kafka.clients.ClusterConnectionStates$NodeConnectionState.resolveAddresses(ClusterConnectionStates.java:536)
kafka2      | 2026-09-26T00:25:53.322578471Z 	at org.apache.kafka.clients.ClusterConnectionStates$NodeConnectionState.currentAddress(ClusterConnectionStates.java:511)
kafka2      | 2026-09-26T00:25:53.322587419Z 	at org.apache.kafka.clients.ClusterConnectionStates.currentAddress(ClusterConnectionStates.java:173)
kafka1      | 2026-09-26T00:25:57.556769308Z 	metadata.log.max.snapshot.interval.ms = 3600000
kafka2      | 2026-09-26T00:25:53.322597800Z 	at org.apache.kafka.clients.NetworkClient.initiateConnect(NetworkClient.java:1140)
kafka2      | 2026-09-26T00:25:53.322607249Z 	at org.apache.kafka.clients.NetworkClient.ready(NetworkClient.java:368)
kafka2      | 2026-09-26T00:25:53.322616147Z 	at org.apache.kafka.server.util.InterBrokerSendThread.sendRequests(InterBrokerSendThread.java:146)
kafka2      | 2026-09-26T00:25:53.322625646Z 	at org.apache.kafka.server.util.InterBrokerSendThread.pollOnce(InterBrokerSendThread.java:109)
kafka2      | 2026-09-26T00:25:53.322634815Z 	at org.apache.kafka.server.util.InterBrokerSendThread.doWork(InterBrokerSendThread.java:137)
kafka1      | 2026-09-26T00:25:57.556773476Z 	metadata.log.segment.bytes = 1073741824
kafka1      | 2026-09-26T00:25:57.556777644Z 	metadata.log.segment.ms = 604800000
kafka1      | 2026-09-26T00:25:57.556781803Z 	metadata.max.idle.interval.ms = 500
kafka1      | 2026-09-26T00:25:57.556785981Z 	metadata.max.retention.bytes = 104857600
kafka1      | 2026-09-26T00:25:57.556790140Z 	metadata.max.retention.ms = 604800000
kafka2      | 2026-09-26T00:25:53.322643903Z 	at org.apache.kafka.server.util.ShutdownableThread.run(ShutdownableThread.java:136)
kafka2      | 2026-09-26T00:25:54.323822487Z [2026-09-26 00:25:54,322] WARN [RaftManager id=2] Error connecting to node kafka1:9093 (id: 1 rack: null isFenced: false) (org.apache.kafka.clients.NetworkClient)
kafka2      | 2026-09-26T00:25:54.323882959Z java.net.UnknownHostException: kafka1
kafka1      | 2026-09-26T00:25:57.556794338Z 	metric.reporters = [org.apache.kafka.common.metrics.JmxReporter]
kafka1      | 2026-09-26T00:25:57.556798597Z 	metrics.num.samples = 2
kafka1      | 2026-09-26T00:25:57.556802725Z 	metrics.recording.level = INFO
kafka1      | 2026-09-26T00:25:57.556806863Z 	metrics.sample.window.ms = 30000
kafka2      | 2026-09-26T00:25:54.323889632Z 	at java.base/java.net.InetAddress$CachedLookup.get(Unknown Source)
kafka2      | 2026-09-26T00:25:54.323897257Z 	at java.base/java.net.InetAddress.getAllByName0(Unknown Source)
kafka2      | 2026-09-26T00:25:54.323903119Z 	at java.base/java.net.InetAddress.getAllByName(Unknown Source)
kafka1      | 2026-09-26T00:25:57.556811012Z 	min.insync.replicas = 1
kafka1      | 2026-09-26T00:25:57.556815150Z 	node.id = 1
kafka1      | 2026-09-26T00:25:57.556819278Z 	num.io.threads = 8
kafka1      | 2026-09-26T00:25:57.556823396Z 	num.network.threads = 3
kafka1      | 2026-09-26T00:25:57.556827485Z 	num.partitions = 1
kafka1      | 2026-09-26T00:25:57.556831633Z 	num.recovery.threads.per.data.dir = 2
kafka1      | 2026-09-26T00:25:57.556835932Z 	num.replica.alter.log.dirs.threads = null
kafka1      | 2026-09-26T00:25:57.556840080Z 	num.replica.fetchers = 1
kafka1      | 2026-09-26T00:25:57.556844248Z 	offset.metadata.max.bytes = 4096
kafka1      | 2026-09-26T00:25:57.556863076Z 	offsets.commit.timeout.ms = 5000
kafka2      | 2026-09-26T00:25:54.323908761Z 	at org.apache.kafka.clients.DefaultHostResolver.resolve(DefaultHostResolver.java:27)
kafka2      | 2026-09-26T00:25:54.323914161Z 	at org.apache.kafka.clients.ClientUtils.resolve(ClientUtils.java:125)
kafka1      | 2026-09-26T00:25:57.556867645Z 	offsets.load.buffer.size = 5242880
kafka2      | 2026-09-26T00:25:54.323919582Z 	at org.apache.kafka.clients.ClusterConnectionStates$NodeConnectionState.resolveAddresses(ClusterConnectionStates.java:536)
kafka1      | 2026-09-26T00:25:57.556871814Z 	offsets.retention.check.interval.ms = 600000
kafka2      | 2026-09-26T00:25:54.323924873Z 	at org.apache.kafka.clients.ClusterConnectionStates$NodeConnectionState.currentAddress(ClusterConnectionStates.java:511)
kafka1      | 2026-09-26T00:25:57.556876163Z 	offsets.retention.minutes = 10080
kafka1      | 2026-09-26T00:25:57.556880311Z 	offsets.topic.compression.codec = 0
kafka1      | 2026-09-26T00:25:57.556884459Z 	offsets.topic.num.partitions = 50
kafka1      | 2026-09-26T00:25:57.556888618Z 	offsets.topic.replication.factor = 3
kafka1      | 2026-09-26T00:25:57.556892776Z 	offsets.topic.segment.bytes = 104857600
kafka1      | 2026-09-26T00:25:57.561362220Z 	principal.builder.class = class org.apache.kafka.common.security.authenticator.DefaultKafkaPrincipalBuilder
kafka1      | 2026-09-26T00:25:57.561457221Z 	process.roles = [broker, controller]
kafka2      | 2026-09-26T00:25:54.323929763Z 	at org.apache.kafka.clients.ClusterConnectionStates.currentAddress(ClusterConnectionStates.java:173)
kafka2      | 2026-09-26T00:25:54.323979303Z 	at org.apache.kafka.clients.NetworkClient.initiateConnect(NetworkClient.java:1140)
kafka1      | 2026-09-26T00:25:57.561470187Z 	producer.id.expiration.check.interval.ms = 600000
kafka1      | 2026-09-26T00:25:57.561481440Z 	producer.id.expiration.ms = 86400000
kafka2      | 2026-09-26T00:25:54.323985355Z 	at org.apache.kafka.clients.NetworkClient.ready(NetworkClient.java:368)
kafka2      | 2026-09-26T00:25:54.323990485Z 	at org.apache.kafka.server.util.InterBrokerSendThread.sendRequests(InterBrokerSendThread.java:146)
kafka1      | 2026-09-26T00:25:57.561487111Z 	producer.purgatory.purge.interval.requests = 1000
kafka2      | 2026-09-26T00:25:54.323995235Z 	at org.apache.kafka.server.util.InterBrokerSendThread.pollOnce(InterBrokerSendThread.java:109)
kafka1      | 2026-09-26T00:25:57.561492632Z 	queued.max.request.bytes = -1
kafka1      | 2026-09-26T00:25:57.561498424Z 	queued.max.requests = 500
kafka2      | 2026-09-26T00:25:54.324001287Z 	at org.apache.kafka.server.util.InterBrokerSendThread.doWork(InterBrokerSendThread.java:137)
kafka1      | 2026-09-26T00:25:57.561503745Z 	quota.window.num = 11
kafka2      | 2026-09-26T00:25:54.324005946Z 	at org.apache.kafka.server.util.ShutdownableThread.run(ShutdownableThread.java:136)
kafka1      | 2026-09-26T00:25:57.561508995Z 	quota.window.size.seconds = 1
kafka2      | 2026-09-26T00:25:55.323557713Z [2026-09-26 00:25:55,322] WARN [RaftManager id=2] Error connecting to node kafka1:9093 (id: 1 rack: null isFenced: false) (org.apache.kafka.clients.NetworkClient)
kafka1      | 2026-09-26T00:25:57.561513374Z 	remote.fetch.max.wait.ms = 500
kafka2      | 2026-09-26T00:25:55.323629086Z java.net.UnknownHostException: kafka1
kafka1      | 2026-09-26T00:25:57.561518114Z 	remote.list.offsets.request.timeout.ms = 30000
kafka2      | 2026-09-26T00:25:55.323635870Z 	at java.base/java.net.InetAddress$CachedLookup.get(Unknown Source)
kafka1      | 2026-09-26T00:25:57.561522262Z 	remote.log.index.file.cache.total.size.bytes = 1073741824
kafka2      | 2026-09-26T00:25:55.323643004Z 	at java.base/java.net.InetAddress.getAllByName0(Unknown Source)
kafka1      | 2026-09-26T00:25:57.561526360Z 	remote.log.index.file.cache.ttl.ms = 900000
kafka2      | 2026-09-26T00:25:55.323649016Z 	at java.base/java.net.InetAddress.getAllByName(Unknown Source)
kafka1      | 2026-09-26T00:25:57.561530408Z 	remote.log.manager.copier.thread.pool.size = 10
kafka2      | 2026-09-26T00:25:55.323654337Z 	at org.apache.kafka.clients.DefaultHostResolver.resolve(DefaultHostResolver.java:27)
kafka1      | 2026-09-26T00:25:57.561534397Z 	remote.log.manager.copy.max.bytes.per.second = 9223372036854775807
kafka2      | 2026-09-26T00:25:55.323659758Z 	at org.apache.kafka.clients.ClientUtils.resolve(ClientUtils.java:125)
kafka1      | 2026-09-26T00:25:57.561538354Z 	remote.log.manager.copy.quota.window.num = 11
kafka2      | 2026-09-26T00:25:55.323665189Z 	at org.apache.kafka.clients.ClusterConnectionStates$NodeConnectionState.resolveAddresses(ClusterConnectionStates.java:536)
kafka2      | 2026-09-26T00:25:55.323671401Z 	at org.apache.kafka.clients.ClusterConnectionStates$NodeConnectionState.currentAddress(ClusterConnectionStates.java:511)
kafka2      | 2026-09-26T00:25:55.323676882Z 	at org.apache.kafka.clients.ClusterConnectionStates.currentAddress(ClusterConnectionStates.java:173)
kafka1      | 2026-09-26T00:25:57.561542282Z 	remote.log.manager.copy.quota.window.size.seconds = 1
kafka1      | 2026-09-26T00:25:57.561546250Z 	remote.log.manager.expiration.thread.pool.size = 10
kafka2      | 2026-09-26T00:25:55.323681983Z 	at org.apache.kafka.clients.NetworkClient.initiateConnect(NetworkClient.java:1140)
kafka1      | 2026-09-26T00:25:57.561550268Z 	remote.log.manager.fetch.max.bytes.per.second = 9223372036854775807
kafka1      | 2026-09-26T00:25:57.561554256Z 	remote.log.manager.fetch.quota.window.num = 11
kafka2      | 2026-09-26T00:25:55.323686953Z 	at org.apache.kafka.clients.NetworkClient.ready(NetworkClient.java:368)
kafka2      | 2026-09-26T00:25:55.323692093Z 	at org.apache.kafka.server.util.InterBrokerSendThread.sendRequests(InterBrokerSendThread.java:146)
kafka1      | 2026-09-26T00:25:57.561558174Z 	remote.log.manager.fetch.quota.window.size.seconds = 1
kafka2      | 2026-09-26T00:25:55.323697073Z 	at org.apache.kafka.server.util.InterBrokerSendThread.pollOnce(InterBrokerSendThread.java:109)
kafka2      | 2026-09-26T00:25:55.323701943Z 	at org.apache.kafka.server.util.InterBrokerSendThread.doWork(InterBrokerSendThread.java:137)
kafka2      | 2026-09-26T00:25:55.323706752Z 	at org.apache.kafka.server.util.ShutdownableThread.run(ShutdownableThread.java:136)
kafka2      | 2026-09-26T00:25:56.327450595Z [2026-09-26 00:25:56,326] WARN [RaftManager id=2] Error connecting to node kafka1:9093 (id: 1 rack: null isFenced: false) (org.apache.kafka.clients.NetworkClient)
kafka2      | 2026-09-26T00:25:56.327552390Z java.net.UnknownHostException: kafka1
kafka1      | 2026-09-26T00:25:57.561562543Z 	remote.log.manager.follower.thread.pool.size = 2
kafka1      | 2026-09-26T00:25:57.561566491Z 	remote.log.manager.task.interval.ms = 30000
kafka2      | 2026-09-26T00:25:56.327560135Z 	at java.base/java.net.InetAddress$CachedLookup.get(Unknown Source)
kafka2      | 2026-09-26T00:25:56.327692802Z 	at java.base/java.net.InetAddress.getAllByName0(Unknown Source)
kafka2      | 2026-09-26T00:25:56.327708674Z 	at java.base/java.net.InetAddress.getAllByName(Unknown Source)
kafka1      | 2026-09-26T00:25:57.561570419Z 	remote.log.manager.task.retry.backoff.max.ms = 30000
kafka1      | 2026-09-26T00:25:57.561574427Z 	remote.log.manager.task.retry.backoff.ms = 500
kafka2      | 2026-09-26T00:25:56.327714827Z 	at org.apache.kafka.clients.DefaultHostResolver.resolve(DefaultHostResolver.java:27)
kafka2      | 2026-09-26T00:25:56.327720698Z 	at org.apache.kafka.clients.ClientUtils.resolve(ClientUtils.java:125)
kafka1      | 2026-09-26T00:25:57.561620881Z 	remote.log.manager.task.retry.jitter = 0.2
kafka2      | 2026-09-26T00:25:56.327728133Z 	at org.apache.kafka.clients.ClusterConnectionStates$NodeConnectionState.resolveAddresses(ClusterConnectionStates.java:536)
kafka1      | 2026-09-26T00:25:57.561625400Z 	remote.log.manager.thread.pool.size = 2
kafka1      | 2026-09-26T00:25:57.561629438Z 	remote.log.metadata.custom.metadata.max.bytes = 128
kafka1      | 2026-09-26T00:25:57.561633456Z 	remote.log.metadata.manager.class.name = org.apache.kafka.server.log.remote.metadata.storage.TopicBasedRemoteLogMetadataManager
kafka1      | 2026-09-26T00:25:57.561637574Z 	remote.log.metadata.manager.class.path = null
kafka1      | 2026-09-26T00:25:57.561641512Z 	remote.log.metadata.manager.impl.prefix = rlmm.config.
kafka1      | 2026-09-26T00:25:57.561645470Z 	remote.log.metadata.manager.listener.name = null
kafka2      | 2026-09-26T00:25:56.327733374Z 	at org.apache.kafka.clients.ClusterConnectionStates$NodeConnectionState.currentAddress(ClusterConnectionStates.java:511)
kafka2      | 2026-09-26T00:25:56.327738955Z 	at org.apache.kafka.clients.ClusterConnectionStates.currentAddress(ClusterConnectionStates.java:173)
kafka2      | 2026-09-26T00:25:56.327744166Z 	at org.apache.kafka.clients.NetworkClient.initiateConnect(NetworkClient.java:1140)
kafka2      | 2026-09-26T00:25:56.327750458Z 	at org.apache.kafka.clients.NetworkClient.ready(NetworkClient.java:368)
kafka2      | 2026-09-26T00:25:56.327756170Z 	at org.apache.kafka.server.util.InterBrokerSendThread.sendRequests(InterBrokerSendThread.java:146)
kafka2      | 2026-09-26T00:25:56.327761681Z 	at org.apache.kafka.server.util.InterBrokerSendThread.pollOnce(InterBrokerSendThread.java:109)
kafka1      | 2026-09-26T00:25:57.561658386Z 	remote.log.reader.max.pending.tasks = 100
kafka2      | 2026-09-26T00:25:56.327767222Z 	at org.apache.kafka.server.util.InterBrokerSendThread.doWork(InterBrokerSendThread.java:137)
kafka2      | 2026-09-26T00:25:56.327772433Z 	at org.apache.kafka.server.util.ShutdownableThread.run(ShutdownableThread.java:136)
kafka1      | 2026-09-26T00:25:57.561662394Z 	remote.log.reader.threads = 10
kafka1      | 2026-09-26T00:25:57.561666312Z 	remote.log.storage.manager.class.name = null
kafka1      | 2026-09-26T00:25:57.561670300Z 	remote.log.storage.manager.class.path = null
kafka2      | 2026-09-26T00:25:59.692693362Z [2026-09-26 00:25:59,691] INFO [RaftManager id=2] Updated in-memory voters from VoterSet(voters={1=VoterNode(voterKey=ReplicaKey(id=1, directoryId=5FpCSLrvg1cza2RkAFtG2Q), listeners=Endpoints(endpoints={ListenerName(CONTROLLER)=kafka1/<unresolved>:9093}), supportedKRaftVersion=SupportedVersionRange[min_version:0, max_version:1]), 2=VoterNode(voterKey=ReplicaKey(id=2, directoryId=KHvbN9qcXPPsc5mNh5-uHg), listeners=Endpoints(endpoints={ListenerName(CONTROLLER)=kafka2/<unresolved>:9093}), supportedKRaftVersion=SupportedVersionRange[min_version:0, max_version:1]), 3=VoterNode(voterKey=ReplicaKey(id=3, directoryId=Ha0TPHXri2jthbGcZMQLtQ), listeners=Endpoints(endpoints={ListenerName(CONTROLLER)=kafka3/<unresolved>:9093}), supportedKRaftVersion=SupportedVersionRange[min_version:0, max_version:1])}) to VoterSet(voters={1=VoterNode(voterKey=ReplicaKey(id=1, directoryId=5FpCSLrvg1cza2RkAFtG2Q), listeners=Endpoints(endpoints={ListenerName(CONTROLLER)=kafka1/<unresolved>:9093}), supportedKRaftVersion=SupportedVersionRange[min_version:0, max_version:1]), 2=VoterNode(voterKey=ReplicaKey(id=2, directoryId=KHvbN9qcXPPsc5mNh5-uHg), listeners=Endpoints(endpoints={ListenerName(CONTROLLER)=kafka2/<unresolved>:9093}), supportedKRaftVersion=SupportedVersionRange[min_version:0, max_version:1]), 3=VoterNode(voterKey=ReplicaKey(id=3, directoryId=Ha0TPHXri2jthbGcZMQLtQ), listeners=Endpoints(endpoints={ListenerName(CONTROLLER)=kafka3/<unresolved>:9093}), supportedKRaftVersion=SupportedVersionRange[min_version:0, max_version:1])}) (org.apache.kafka.raft.internals.UpdateVoterHandler)
kafka2      | 2026-09-26T00:26:00.567294466Z [2026-09-26 00:26:00,564] INFO [ReplicaFetcherManager on broker 2] Removed fetcher for partitions Set(__consumer_offsets-46) (kafka.server.ReplicaFetcherManager)
kafka2      | 2026-09-26T00:26:00.575090064Z [2026-09-26 00:26:00,574] INFO [GroupCoordinator id=2] Scheduling unloading of metadata for __consumer_offsets-15 with epoch OptionalInt[1] (org.apache.kafka.coordinator.common.runtime.CoordinatorRuntime)
kafka2      | 2026-09-26T00:26:00.578324528Z [2026-09-26 00:26:00,577] INFO [GroupCoordinator id=2] Ignored unloading metadata for __consumer_offsets-15 in epoch OptionalInt[1] since metadata was never loaded. (org.apache.kafka.coordinator.common.runtime.CoordinatorRuntime)
kafka2      | 2026-09-26T00:26:00.649618449Z [2026-09-26 00:26:00,646] INFO [ReplicaFetcherManager on broker 2] Removed fetcher for partitions Set(__consumer_offsets-11, __consumer_offsets-44, __consumer_offsets-42, __consumer_offsets-23, __consumer_offsets-17, __consumer_offsets-30, __consumer_offsets-28, __consumer_offsets-7, __consumer_offsets-5, __consumer_offsets-38, __consumer_offsets-36, dados-sensores-0, __consumer_offsets-34, __consumer_offsets-47, __consumer_offsets-14, __consumer_offsets-41, __consumer_offsets-10, __consumer_offsets-24, __consumer_offsets-20, __consumer_offsets-49, __consumer_offsets-31, __consumer_offsets-0, __consumer_offsets-27, __consumer_offsets-25, __consumer_offsets-39, __consumer_offsets-35, __consumer_offsets-4, __consumer_offsets-2) (kafka.server.ReplicaFetcherManager)
kafka2      | 2026-09-26T00:26:00.650499068Z [2026-09-26 00:26:00,649] INFO [Partition __consumer_offsets-4 broker=2] ISR updated to 3,2,1  and version updated to 2 (kafka.cluster.Partition)
kafka1      | 2026-09-26T00:25:57.561674258Z 	remote.log.storage.manager.impl.prefix = rsm.config.
kafka1      | 2026-09-26T00:25:57.561678266Z 	remote.log.storage.system.enable = false
kafka1      | 2026-09-26T00:25:57.561682204Z 	replica.fetch.backoff.ms = 1000
kafka2      | 2026-09-26T00:26:00.652852717Z [2026-09-26 00:26:00,652] INFO [Partition __consumer_offsets-2 broker=2] ISR updated to 3,2,1  and version updated to 2 (kafka.cluster.Partition)
kafka1      | 2026-09-26T00:25:57.561686122Z 	replica.fetch.max.bytes = 1048576
kafka2      | 2026-09-26T00:26:00.654642223Z [2026-09-26 00:26:00,654] INFO [Partition __consumer_offsets-7 broker=2] ISR updated to 3,2,1  and version updated to 2 (kafka.cluster.Partition)
kafka1      | 2026-09-26T00:25:57.561690060Z 	replica.fetch.min.bytes = 1
kafka2      | 2026-09-26T00:26:00.656164898Z [2026-09-26 00:26:00,655] INFO [Partition __consumer_offsets-5 broker=2] ISR updated to 3,2,1  and version updated to 2 (kafka.cluster.Partition)
kafka1      | 2026-09-26T00:25:57.561693978Z 	replica.fetch.response.max.bytes = 10485760
kafka1      | 2026-09-26T00:25:57.561697936Z 	replica.fetch.wait.max.ms = 500
kafka2      | 2026-09-26T00:26:00.657608500Z [2026-09-26 00:26:00,657] INFO [Partition __consumer_offsets-0 broker=2] ISR updated to 3,2,1  and version updated to 2 (kafka.cluster.Partition)
kafka1      | 2026-09-26T00:25:57.561706403Z 	replica.high.watermark.checkpoint.interval.ms = 5000
kafka2      | 2026-09-26T00:26:00.658699743Z [2026-09-26 00:26:00,658] INFO [Partition __consumer_offsets-20 broker=2] ISR updated to 3,2,1  and version updated to 2 (kafka.cluster.Partition)
kafka1      | 2026-09-26T00:25:57.561710431Z 	replica.lag.time.max.ms = 30000
kafka2      | 2026-09-26T00:26:00.666598530Z [2026-09-26 00:26:00,665] INFO [Partition __consumer_offsets-24 broker=2] ISR updated to 3,2,1  and version updated to 2 (kafka.cluster.Partition)
kafka1      | 2026-09-26T00:25:57.561714379Z 	replica.selector.class = null
kafka2      | 2026-09-26T00:26:00.669673865Z [2026-09-26 00:26:00,667] INFO [Partition __consumer_offsets-10 broker=2] ISR updated to 3,2,1  and version updated to 2 (kafka.cluster.Partition)
kafka1      | 2026-09-26T00:25:57.561718307Z 	replica.socket.receive.buffer.bytes = 65536
kafka2      | 2026-09-26T00:26:00.684385025Z [2026-09-26 00:26:00,668] INFO [Partition __consumer_offsets-14 broker=2] ISR updated to 3,2,1  and version updated to 2 (kafka.cluster.Partition)
kafka1      | 2026-09-26T00:25:57.561722244Z 	replica.socket.timeout.ms = 30000
kafka2      | 2026-09-26T00:26:00.685313625Z [2026-09-26 00:26:00,684] INFO [Partition __consumer_offsets-35 broker=2] ISR updated to 3,2,1  and version updated to 2 (kafka.cluster.Partition)
kafka1      | 2026-09-26T00:25:57.561726152Z 	replication.quota.window.num = 11
kafka2      | 2026-09-26T00:26:00.689394855Z [2026-09-26 00:26:00,685] INFO [Partition __consumer_offsets-36 broker=2] ISR updated to 3,2,1  and version updated to 2 (kafka.cluster.Partition)
kafka1      | 2026-09-26T00:25:57.561730070Z 	replication.quota.window.size.seconds = 1
kafka2      | 2026-09-26T00:26:00.689435237Z [2026-09-26 00:26:00,687] INFO [Partition __consumer_offsets-34 broker=2] ISR updated to 3,2,1  and version updated to 2 (kafka.cluster.Partition)
kafka1      | 2026-09-26T00:25:57.561734038Z 	request.timeout.ms = 30000
kafka2      | 2026-09-26T00:26:00.689446611Z [2026-09-26 00:26:00,688] INFO [Partition __consumer_offsets-39 broker=2] ISR updated to 3,2,1  and version updated to 2 (kafka.cluster.Partition)
kafka1      | 2026-09-26T00:25:57.561737946Z 	sasl.client.callback.handler.class = null
kafka2      | 2026-09-26T00:26:00.690822325Z [2026-09-26 00:26:00,690] INFO [Partition __consumer_offsets-38 broker=2] ISR updated to 3,2,1  and version updated to 2 (kafka.cluster.Partition)
kafka2      | 2026-09-26T00:26:00.692578485Z [2026-09-26 00:26:00,691] INFO [Partition __consumer_offsets-27 broker=2] ISR updated to 3,2,1  and version updated to 2 (kafka.cluster.Partition)
kafka2      | 2026-09-26T00:26:00.695011534Z [2026-09-26 00:26:00,693] INFO [Partition __consumer_offsets-25 broker=2] ISR updated to 3,2,1  and version updated to 2 (kafka.cluster.Partition)
kafka2      | 2026-09-26T00:26:00.695704221Z [2026-09-26 00:26:00,695] INFO [Partition __consumer_offsets-31 broker=2] ISR updated to 3,2,1  and version updated to 2 (kafka.cluster.Partition)
kafka2      | 2026-09-26T00:26:00.701296202Z [2026-09-26 00:26:00,696] INFO [Partition __consumer_offsets-49 broker=2] ISR updated to 3,2,1  and version updated to 2 (kafka.cluster.Partition)
kafka1      | 2026-09-26T00:25:57.561741864Z 	sasl.enabled.mechanisms = [GSSAPI]
kafka2      | 2026-09-26T00:26:00.701393561Z [2026-09-26 00:26:00,697] INFO [Partition __consumer_offsets-41 broker=2] ISR updated to 3,2,1  and version updated to 2 (kafka.cluster.Partition)
kafka2      | 2026-09-26T00:26:00.701401758Z [2026-09-26 00:26:00,698] INFO [Partition dados-sensores-0 broker=2] ISR updated to 1,2  and version updated to 2 (kafka.cluster.Partition)
kafka2      | 2026-09-26T00:26:00.701407920Z [2026-09-26 00:26:00,699] INFO [Partition __consumer_offsets-47 broker=2] ISR updated to 3,2,1  and version updated to 2 (kafka.cluster.Partition)
kafka2      | 2026-09-26T00:26:00.769388474Z [2026-09-26 00:26:00,768] INFO [GroupCoordinator id=2] Scheduling unloading of metadata for __consumer_offsets-16 with epoch OptionalInt[0] (org.apache.kafka.coordinator.common.runtime.CoordinatorRuntime)
kafka2      | 2026-09-26T00:26:00.770448630Z [2026-09-26 00:26:00,770] INFO [GroupCoordinator id=2] Ignored unloading metadata for __consumer_offsets-16 in epoch OptionalInt[0] since metadata was never loaded. (org.apache.kafka.coordinator.common.runtime.CoordinatorRuntime)
kafka2      | 2026-09-26T00:26:00.772017560Z [2026-09-26 00:26:00,771] INFO [GroupCoordinator id=2] Scheduling unloading of metadata for __consumer_offsets-48 with epoch OptionalInt[0] (org.apache.kafka.coordinator.common.runtime.CoordinatorRuntime)
kafka2      | 2026-09-26T00:26:00.773049292Z [2026-09-26 00:26:00,772] INFO [GroupCoordinator id=2] Scheduling unloading of metadata for __consumer_offsets-13 with epoch OptionalInt[0] (org.apache.kafka.coordinator.common.runtime.CoordinatorRuntime)
kafka1      | 2026-09-26T00:25:57.561745792Z 	sasl.jaas.config = null
kafka2      | 2026-09-26T00:26:00.773727267Z [2026-09-26 00:26:00,773] INFO [GroupCoordinator id=2] Scheduling unloading of metadata for __consumer_offsets-45 with epoch OptionalInt[0] (org.apache.kafka.coordinator.common.runtime.CoordinatorRuntime)
kafka1      | 2026-09-26T00:25:57.561749680Z 	sasl.kerberos.kinit.cmd = /usr/bin/kinit
kafka1      | 2026-09-26T00:25:57.561753618Z 	sasl.kerberos.min.time.before.relogin = 60000
kafka1      | 2026-09-26T00:25:57.561757586Z 	sasl.kerberos.principal.to.local.rules = [DEFAULT]
kafka1      | 2026-09-26T00:25:57.561761544Z 	sasl.kerberos.service.name = null
kafka1      | 2026-09-26T00:25:57.561765461Z 	sasl.kerberos.ticket.renew.jitter = 0.05
kafka1      | 2026-09-26T00:25:57.561769389Z 	sasl.kerberos.ticket.renew.window.factor = 0.8
kafka1      | 2026-09-26T00:25:57.561782185Z 	sasl.login.callback.handler.class = null
kafka1      | 2026-09-26T00:25:57.561786303Z 	sasl.login.class = null
kafka1      | 2026-09-26T00:25:57.561790221Z 	sasl.login.connect.timeout.ms = null
kafka1      | 2026-09-26T00:25:57.561794149Z 	sasl.login.read.timeout.ms = null
kafka2      | 2026-09-26T00:26:00.776852043Z [2026-09-26 00:26:00,773] INFO [GroupCoordinator id=2] Scheduling unloading of metadata for __consumer_offsets-43 with epoch OptionalInt[0] (org.apache.kafka.coordinator.common.runtime.CoordinatorRuntime)
kafka2      | 2026-09-26T00:26:00.777019375Z [2026-09-26 00:26:00,774] INFO [GroupCoordinator id=2] Scheduling unloading of metadata for __consumer_offsets-12 with epoch OptionalInt[1] (org.apache.kafka.coordinator.common.runtime.CoordinatorRuntime)
kafka1      | 2026-09-26T00:25:57.561798067Z 	sasl.login.refresh.buffer.seconds = 300
kafka2      | 2026-09-26T00:26:00.777084849Z [2026-09-26 00:26:00,774] INFO [GroupCoordinator id=2] Scheduling unloading of metadata for __consumer_offsets-9 with epoch OptionalInt[0] (org.apache.kafka.coordinator.common.runtime.CoordinatorRuntime)
kafka1      | 2026-09-26T00:25:57.561802005Z 	sasl.login.refresh.min.period.seconds = 60
kafka1      | 2026-09-26T00:25:57.561805943Z 	sasl.login.refresh.window.factor = 0.8
kafka1      | 2026-09-26T00:25:57.561809861Z 	sasl.login.refresh.window.jitter = 0.05
kafka2      | 2026-09-26T00:26:00.777093056Z [2026-09-26 00:26:00,774] INFO [GroupCoordinator id=2] Scheduling unloading of metadata for __consumer_offsets-21 with epoch OptionalInt[1] (org.apache.kafka.coordinator.common.runtime.CoordinatorRuntime)
kafka1      | 2026-09-26T00:25:57.561813799Z 	sasl.login.retry.backoff.max.ms = 10000
kafka2      | 2026-09-26T00:26:00.777232932Z [2026-09-26 00:26:00,774] INFO [GroupCoordinator id=2] Scheduling unloading of metadata for __consumer_offsets-22 with epoch OptionalInt[0] (org.apache.kafka.coordinator.common.runtime.CoordinatorRuntime)
kafka2      | 2026-09-26T00:26:00.777246951Z [2026-09-26 00:26:00,774] INFO [GroupCoordinator id=2] Scheduling unloading of metadata for __consumer_offsets-19 with epoch OptionalInt[0] (org.apache.kafka.coordinator.common.runtime.CoordinatorRuntime)
kafka1      | 2026-09-26T00:25:57.561817737Z 	sasl.login.retry.backoff.ms = 100
kafka1      | 2026-09-26T00:25:57.561821664Z 	sasl.mechanism.controller.protocol = GSSAPI
kafka1      | 2026-09-26T00:25:57.561825592Z 	sasl.mechanism.inter.broker.protocol = GSSAPI
kafka1      | 2026-09-26T00:25:57.561829530Z 	sasl.oauthbearer.assertion.algorithm = RS256
kafka1      | 2026-09-26T00:25:57.561833478Z 	sasl.oauthbearer.assertion.claim.aud = null
kafka1      | 2026-09-26T00:25:57.561837416Z 	sasl.oauthbearer.assertion.claim.exp.seconds = 300
kafka1      | 2026-09-26T00:25:57.561841364Z 	sasl.oauthbearer.assertion.claim.iss = null
kafka1      | 2026-09-26T00:25:57.561845302Z 	sasl.oauthbearer.assertion.claim.jti.include = false
kafka1      | 2026-09-26T00:25:57.561849250Z 	sasl.oauthbearer.assertion.claim.nbf.seconds = 60
kafka1      | 2026-09-26T00:25:57.561853208Z 	sasl.oauthbearer.assertion.claim.sub = null
kafka1      | 2026-09-26T00:25:57.561857126Z 	sasl.oauthbearer.assertion.file = null
kafka1      | 2026-09-26T00:25:57.561861054Z 	sasl.oauthbearer.assertion.private.key.file = null
kafka1      | 2026-09-26T00:25:57.561865012Z 	sasl.oauthbearer.assertion.private.key.passphrase = null
kafka2      | 2026-09-26T00:26:00.777254005Z [2026-09-26 00:26:00,774] INFO [GroupCoordinator id=2] Scheduling unloading of metadata for __consumer_offsets-18 with epoch OptionalInt[1] (org.apache.kafka.coordinator.common.runtime.CoordinatorRuntime)
kafka2      | 2026-09-26T00:26:00.777261160Z [2026-09-26 00:26:00,774] INFO [GroupCoordinator id=2] Scheduling unloading of metadata for __consumer_offsets-32 with epoch OptionalInt[0] (org.apache.kafka.coordinator.common.runtime.CoordinatorRuntime)
kafka2      | 2026-09-26T00:26:00.777268956Z [2026-09-26 00:26:00,774] INFO [GroupCoordinator id=2] Scheduling unloading of metadata for __consumer_offsets-29 with epoch OptionalInt[0] (org.apache.kafka.coordinator.common.runtime.CoordinatorRuntime)
kafka1      | 2026-09-26T00:25:57.561869090Z 	sasl.oauthbearer.assertion.template.file = null
kafka1      | 2026-09-26T00:25:57.561873048Z 	sasl.oauthbearer.client.credentials.client.id = null
kafka1      | 2026-09-26T00:25:57.561876996Z 	sasl.oauthbearer.client.credentials.client.secret = null
kafka1      | 2026-09-26T00:25:57.561880944Z 	sasl.oauthbearer.clock.skew.seconds = 30
kafka2      | 2026-09-26T00:26:00.777283876Z [2026-09-26 00:26:00,775] INFO [GroupCoordinator id=2] Scheduling unloading of metadata for __consumer_offsets-26 with epoch OptionalInt[0] (org.apache.kafka.coordinator.common.runtime.CoordinatorRuntime)
kafka2      | 2026-09-26T00:26:00.777292233Z [2026-09-26 00:26:00,775] INFO [GroupCoordinator id=2] Scheduling unloading of metadata for __consumer_offsets-8 with epoch OptionalInt[1] (org.apache.kafka.coordinator.common.runtime.CoordinatorRuntime)
kafka1      | 2026-09-26T00:25:57.561884942Z 	sasl.oauthbearer.expected.audience = []
kafka1      | 2026-09-26T00:25:57.561888870Z 	sasl.oauthbearer.expected.issuer = null
kafka2      | 2026-09-26T00:26:00.777298356Z [2026-09-26 00:26:00,775] INFO [GroupCoordinator id=2] Scheduling unloading of metadata for __consumer_offsets-40 with epoch OptionalInt[0] (org.apache.kafka.coordinator.common.runtime.CoordinatorRuntime)
kafka2      | 2026-09-26T00:26:00.777306031Z [2026-09-26 00:26:00,775] INFO [GroupCoordinator id=2] Scheduling unloading of metadata for __consumer_offsets-37 with epoch OptionalInt[0] (org.apache.kafka.coordinator.common.runtime.CoordinatorRuntime)
kafka1      | 2026-09-26T00:25:57.561892818Z 	sasl.oauthbearer.jwks.endpoint.refresh.ms = 3600000
kafka1      | 2026-09-26T00:25:57.561896766Z 	sasl.oauthbearer.jwks.endpoint.retry.backoff.max.ms = 10000
kafka1      | 2026-09-26T00:25:57.561902217Z 	sasl.oauthbearer.jwks.endpoint.retry.backoff.ms = 100
kafka2      | 2026-09-26T00:26:00.777312024Z [2026-09-26 00:26:00,775] INFO [GroupCoordinator id=2] Scheduling unloading of metadata for __consumer_offsets-6 with epoch OptionalInt[0] (org.apache.kafka.coordinator.common.runtime.CoordinatorRuntime)
kafka2      | 2026-09-26T00:26:00.777328127Z [2026-09-26 00:26:00,775] INFO [GroupCoordinator id=2] Scheduling unloading of metadata for __consumer_offsets-3 with epoch OptionalInt[0] (org.apache.kafka.coordinator.common.runtime.CoordinatorRuntime)
kafka2      | 2026-09-26T00:26:00.777335782Z [2026-09-26 00:26:00,775] INFO [GroupCoordinator id=2] Scheduling unloading of metadata for __consumer_offsets-1 with epoch OptionalInt[0] (org.apache.kafka.coordinator.common.runtime.CoordinatorRuntime)
kafka1      | 2026-09-26T00:25:57.561906215Z 	sasl.oauthbearer.jwks.endpoint.url = null
kafka1      | 2026-09-26T00:25:57.561910223Z 	sasl.oauthbearer.jwt.retriever.class = class org.apache.kafka.common.security.oauthbearer.DefaultJwtRetriever
kafka1      | 2026-09-26T00:25:57.561922998Z 	sasl.oauthbearer.jwt.validator.class = class org.apache.kafka.common.security.oauthbearer.DefaultJwtValidator
kafka1      | 2026-09-26T00:25:57.561927257Z 	sasl.oauthbearer.scope = null
kafka2      | 2026-09-26T00:26:00.777342316Z [2026-09-26 00:26:00,775] INFO [GroupCoordinator id=2] Scheduling unloading of metadata for __consumer_offsets-33 with epoch OptionalInt[0] (org.apache.kafka.coordinator.common.runtime.CoordinatorRuntime)
kafka1      | 2026-09-26T00:25:57.561931155Z 	sasl.oauthbearer.scope.claim.name = scope
kafka2      | 2026-09-26T00:26:00.778334796Z [2026-09-26 00:26:00,777] INFO [GroupCoordinator id=2] Ignored unloading metadata for __consumer_offsets-48 in epoch OptionalInt[0] since metadata was never loaded. (org.apache.kafka.coordinator.common.runtime.CoordinatorRuntime)
kafka2      | 2026-09-26T00:26:00.779643923Z [2026-09-26 00:26:00,779] INFO [GroupCoordinator id=2] Ignored unloading metadata for __consumer_offsets-37 in epoch OptionalInt[0] since metadata was never loaded. (org.apache.kafka.coordinator.common.runtime.CoordinatorRuntime)
kafka1      | 2026-09-26T00:25:57.561935063Z 	sasl.oauthbearer.sub.claim.name = sub
kafka1      | 2026-09-26T00:25:57.561938991Z 	sasl.oauthbearer.token.endpoint.url = null
kafka1      | 2026-09-26T00:25:57.561942928Z 	sasl.server.callback.handler.class = null
kafka2      | 2026-09-26T00:26:00.781163412Z [2026-09-26 00:26:00,780] INFO [GroupCoordinator id=2] Ignored unloading metadata for __consumer_offsets-18 in epoch OptionalInt[1] since metadata was never loaded. (org.apache.kafka.coordinator.common.runtime.CoordinatorRuntime)
kafka2      | 2026-09-26T00:26:00.781833212Z [2026-09-26 00:26:00,781] INFO [GroupCoordinator id=2] Ignored unloading metadata for __consumer_offsets-22 in epoch OptionalInt[0] since metadata was never loaded. (org.apache.kafka.coordinator.common.runtime.CoordinatorRuntime)
kafka2      | 2026-09-26T00:26:00.784046860Z [2026-09-26 00:26:00,781] INFO [GroupCoordinator id=2] Ignored unloading metadata for __consumer_offsets-9 in epoch OptionalInt[0] since metadata was never loaded. (org.apache.kafka.coordinator.common.runtime.CoordinatorRuntime)
kafka2      | 2026-09-26T00:26:00.784064907Z [2026-09-26 00:26:00,782] INFO [GroupCoordinator id=2] Ignored unloading metadata for __consumer_offsets-45 in epoch OptionalInt[0] since metadata was never loaded. (org.apache.kafka.coordinator.common.runtime.CoordinatorRuntime)
kafka2      | 2026-09-26T00:26:00.784073064Z [2026-09-26 00:26:00,781] INFO [GroupCoordinator id=2] Ignored unloading metadata for __consumer_offsets-3 in epoch OptionalInt[0] since metadata was never loaded. (org.apache.kafka.coordinator.common.runtime.CoordinatorRuntime)
kafka2      | 2026-09-26T00:26:00.784080830Z [2026-09-26 00:26:00,782] INFO [GroupCoordinator id=2] Ignored unloading metadata for __consumer_offsets-32 in epoch OptionalInt[0] since metadata was never loaded. (org.apache.kafka.coordinator.common.runtime.CoordinatorRuntime)
kafka1      | 2026-09-26T00:25:57.561946846Z 	sasl.server.max.receive.size = 524288
kafka1      | 2026-09-26T00:25:57.561950754Z 	security.inter.broker.protocol = PLAINTEXT
kafka1      | 2026-09-26T00:25:57.561954692Z 	security.providers = null
kafka1      | 2026-09-26T00:25:57.561958580Z 	server.max.startup.time.ms = 9223372036854775807
kafka1      | 2026-09-26T00:25:57.561962538Z 	share.coordinator.append.linger.ms = -1
kafka1      | 2026-09-26T00:25:57.561966516Z 	share.coordinator.cached.buffer.max.bytes = 1048588
kafka1      | 2026-09-26T00:25:57.561970484Z 	share.coordinator.cold.partition.snapshot.interval.ms = 300000
kafka1      | 2026-09-26T00:25:57.561974472Z 	share.coordinator.load.buffer.size = 5242880
kafka1      | 2026-09-26T00:25:57.561978410Z 	share.coordinator.snapshot.update.records.per.snapshot = 500
kafka1      | 2026-09-26T00:25:57.561982388Z 	share.coordinator.state.topic.compression.codec = 0
kafka1      | 2026-09-26T00:25:57.561986316Z 	share.coordinator.state.topic.min.isr = 2
kafka1      | 2026-09-26T00:25:57.561990254Z 	share.coordinator.state.topic.num.partitions = 50
kafka1      | 2026-09-26T00:25:57.561994202Z 	share.coordinator.state.topic.prune.interval.ms = 300000
kafka1      | 2026-09-26T00:25:57.561998170Z 	share.coordinator.state.topic.replication.factor = 3
kafka1      | 2026-09-26T00:25:57.562002128Z 	share.coordinator.state.topic.segment.bytes = 104857600
kafka1      | 2026-09-26T00:25:57.562006106Z 	share.coordinator.threads = 1
kafka1      | 2026-09-26T00:25:57.562010013Z 	share.coordinator.write.timeout.ms = 5000
kafka1      | 2026-09-26T00:25:57.562013941Z 	share.fetch.purgatory.purge.interval.requests = 1000
kafka1      | 2026-09-26T00:25:57.562017889Z 	socket.connection.setup.timeout.max.ms = 30000
kafka1      | 2026-09-26T00:25:57.562021817Z 	socket.connection.setup.timeout.ms = 10000
kafka1      | 2026-09-26T00:25:57.562025745Z 	socket.listen.backlog.size = 50
kafka1      | 2026-09-26T00:25:57.562029653Z 	socket.receive.buffer.bytes = 102400
kafka1      | 2026-09-26T00:25:57.562033571Z 	socket.request.max.bytes = 104857600
kafka2      | 2026-09-26T00:26:00.784086952Z [2026-09-26 00:26:00,782] INFO [GroupCoordinator id=2] Ignored unloading metadata for __consumer_offsets-6 in epoch OptionalInt[0] since metadata was never loaded. (org.apache.kafka.coordinator.common.runtime.CoordinatorRuntime)
kafka2      | 2026-09-26T00:26:00.784095089Z [2026-09-26 00:26:00,782] INFO [GroupCoordinator id=2] Ignored unloading metadata for __consumer_offsets-29 in epoch OptionalInt[0] since metadata was never loaded. (org.apache.kafka.coordinator.common.runtime.CoordinatorRuntime)
kafka1      | 2026-09-26T00:25:57.562037499Z 	socket.send.buffer.bytes = 102400
kafka1      | 2026-09-26T00:25:57.562041427Z 	ssl.allow.dn.changes = false
kafka2      | 2026-09-26T00:26:00.784102634Z [2026-09-26 00:26:00,782] INFO [GroupCoordinator id=2] Ignored unloading metadata for __consumer_offsets-40 in epoch OptionalInt[0] since metadata was never loaded. (org.apache.kafka.coordinator.common.runtime.CoordinatorRuntime)
kafka2      | 2026-09-26T00:26:00.784111051Z [2026-09-26 00:26:00,782] INFO [GroupCoordinator id=2] Ignored unloading metadata for __consumer_offsets-12 in epoch OptionalInt[1] since metadata was never loaded. (org.apache.kafka.coordinator.common.runtime.CoordinatorRuntime)
kafka1      | 2026-09-26T00:25:57.562045324Z 	ssl.allow.san.changes = false
kafka2      | 2026-09-26T00:26:00.784120270Z [2026-09-26 00:26:00,782] INFO [GroupCoordinator id=2] Ignored unloading metadata for __consumer_offsets-43 in epoch OptionalInt[0] since metadata was never loaded. (org.apache.kafka.coordinator.common.runtime.CoordinatorRuntime)
kafka1      | 2026-09-26T00:25:57.562049242Z 	ssl.cipher.suites = []
kafka1      | 2026-09-26T00:25:57.562053140Z 	ssl.client.auth = none
kafka1      | 2026-09-26T00:25:57.562057048Z 	ssl.enabled.protocols = [TLSv1.2, TLSv1.3]
kafka2      | 2026-09-26T00:26:00.784128096Z [2026-09-26 00:26:00,782] INFO [GroupCoordinator id=2] Ignored unloading metadata for __consumer_offsets-21 in epoch OptionalInt[1] since metadata was never loaded. (org.apache.kafka.coordinator.common.runtime.CoordinatorRuntime)
kafka2      | 2026-09-26T00:26:00.784134409Z [2026-09-26 00:26:00,782] INFO [GroupCoordinator id=2] Ignored unloading metadata for __consumer_offsets-8 in epoch OptionalInt[1] since metadata was never loaded. (org.apache.kafka.coordinator.common.runtime.CoordinatorRuntime)
kafka2      | 2026-09-26T00:26:00.784201647Z [2026-09-26 00:26:00,783] INFO [GroupCoordinator id=2] Ignored unloading metadata for __consumer_offsets-19 in epoch OptionalInt[0] since metadata was never loaded. (org.apache.kafka.coordinator.common.runtime.CoordinatorRuntime)
kafka1      | 2026-09-26T00:25:57.562069313Z 	ssl.endpoint.identification.algorithm = https
kafka1      | 2026-09-26T00:25:57.562073461Z 	ssl.engine.factory.class = null
kafka2      | 2026-09-26T00:26:00.784209523Z [2026-09-26 00:26:00,783] INFO [GroupCoordinator id=2] Ignored unloading metadata for __consumer_offsets-33 in epoch OptionalInt[0] since metadata was never loaded. (org.apache.kafka.coordinator.common.runtime.CoordinatorRuntime)
kafka1      | 2026-09-26T00:25:57.562077409Z 	ssl.key.password = null
kafka2      | 2026-09-26T00:26:00.784218120Z [2026-09-26 00:26:00,783] INFO [GroupCoordinator id=2] Ignored unloading metadata for __consumer_offsets-1 in epoch OptionalInt[0] since metadata was never loaded. (org.apache.kafka.coordinator.common.runtime.CoordinatorRuntime)
kafka1      | 2026-09-26T00:25:57.562081287Z 	ssl.keymanager.algorithm = SunX509
kafka1      | 2026-09-26T00:25:57.562085215Z 	ssl.keystore.certificate.chain = null
kafka1      | 2026-09-26T00:25:57.562089143Z 	ssl.keystore.key = null
kafka2      | 2026-09-26T00:26:00.784229774Z [2026-09-26 00:26:00,783] INFO [GroupCoordinator id=2] Ignored unloading metadata for __consumer_offsets-13 in epoch OptionalInt[0] since metadata was never loaded. (org.apache.kafka.coordinator.common.runtime.CoordinatorRuntime)
kafka2      | 2026-09-26T00:26:00.784240306Z [2026-09-26 00:26:00,783] INFO [GroupCoordinator id=2] Ignored unloading metadata for __consumer_offsets-26 in epoch OptionalInt[0] since metadata was never loaded. (org.apache.kafka.coordinator.common.runtime.CoordinatorRuntime)
kafka1      | 2026-09-26T00:25:57.562093040Z 	ssl.keystore.location = null
kafka1      | 2026-09-26T00:25:57.562096978Z 	ssl.keystore.password = null
kafka1      | 2026-09-26T00:25:57.562100876Z 	ssl.keystore.type = JKS
kafka1      | 2026-09-26T00:25:57.562175326Z 	ssl.principal.mapping.rules = DEFAULT
kafka1      | 2026-09-26T00:25:57.562185757Z 	ssl.protocol = TLSv1.3
kafka1      | 2026-09-26T00:25:57.562189825Z 	ssl.provider = null
kafka1      | 2026-09-26T00:25:57.562193733Z 	ssl.secure.random.implementation = null
kafka1      | 2026-09-26T00:25:57.562197681Z 	ssl.trustmanager.algorithm = PKIX
kafka1      | 2026-09-26T00:25:57.562201569Z 	ssl.truststore.certificates = null
kafka1      | 2026-09-26T00:25:57.562205617Z 	ssl.truststore.location = null
kafka1      | 2026-09-26T00:25:57.562209715Z 	ssl.truststore.password = null
kafka1      | 2026-09-26T00:25:57.562213633Z 	ssl.truststore.type = JKS
kafka1      | 2026-09-26T00:25:57.562217531Z 	telemetry.max.bytes = 1048576
kafka1      | 2026-09-26T00:25:57.562221499Z 	transaction.abort.timed.out.transaction.cleanup.interval.ms = 10000
kafka1      | 2026-09-26T00:25:57.562225517Z 	transaction.max.timeout.ms = 900000
kafka1      | 2026-09-26T00:25:57.562229465Z 	transaction.partition.verification.enable = true
kafka1      | 2026-09-26T00:25:57.562233423Z 	transaction.remove.expired.transaction.cleanup.interval.ms = 3600000
kafka1      | 2026-09-26T00:25:57.562237431Z 	transaction.state.log.load.buffer.size = 5242880
kafka1      | 2026-09-26T00:25:57.562241379Z 	transaction.state.log.min.isr = 2
kafka1      | 2026-09-26T00:25:57.562245297Z 	transaction.state.log.num.partitions = 50
kafka1      | 2026-09-26T00:25:57.562249215Z 	transaction.state.log.replication.factor = 3
kafka1      | 2026-09-26T00:25:57.562253153Z 	transaction.state.log.segment.bytes = 104857600
kafka1      | 2026-09-26T00:25:57.562257101Z 	transaction.two.phase.commit.enable = false
kafka1      | 2026-09-26T00:25:57.562261038Z 	transactional.id.expiration.ms = 604800000
kafka1      | 2026-09-26T00:25:57.562264966Z 	unclean.leader.election.enable = false
kafka1      | 2026-09-26T00:25:57.562268894Z 	unclean.leader.election.interval.ms = 300000
kafka1      | 2026-09-26T00:25:57.562272832Z 	unstable.api.versions.enable = false
kafka1      | 2026-09-26T00:25:57.562276770Z 	unstable.feature.versions.enable = false
kafka1      | 2026-09-26T00:25:57.562280738Z  (org.apache.kafka.common.config.AbstractConfig)
kafka1      | 2026-09-26T00:25:57.616199069Z [2026-09-26 00:25:57,614] INFO [MetadataLoader id=1] InitializeNewPublishers: initializing DynamicClientQuotaPublisher controller id=1 with a snapshot at offset 527 (org.apache.kafka.image.loader.MetadataLoader)
kafka1      | 2026-09-26T00:25:57.620601955Z [2026-09-26 00:25:57,619] INFO [MetadataLoader id=1] InitializeNewPublishers: initializing DynamicTopicClusterQuotaPublisher controller id=1 with a snapshot at offset 527 (org.apache.kafka.image.loader.MetadataLoader)
kafka1      | 2026-09-26T00:25:57.625184707Z [2026-09-26 00:25:57,622] INFO [MetadataLoader id=1] InitializeNewPublishers: initializing ScramPublisher controller id=1 with a snapshot at offset 527 (org.apache.kafka.image.loader.MetadataLoader)
kafka1      | 2026-09-26T00:25:57.626984298Z [2026-09-26 00:25:57,626] INFO [MetadataLoader id=1] InitializeNewPublishers: initializing DelegationTokenPublisher controller id=1 with a snapshot at offset 527 (org.apache.kafka.image.loader.MetadataLoader)
kafka1      | 2026-09-26T00:25:57.628727763Z [2026-09-26 00:25:57,627] INFO [MetadataLoader id=1] InitializeNewPublishers: initializing ControllerMetadataMetricsPublisher with a snapshot at offset 527 (org.apache.kafka.image.loader.MetadataLoader)
kafka1      | 2026-09-26T00:25:57.631872262Z [2026-09-26 00:25:57,630] INFO [MetadataLoader id=1] InitializeNewPublishers: initializing AclPublisher controller id=1 with a snapshot at offset 527 (org.apache.kafka.image.loader.MetadataLoader)
kafka1      | 2026-09-26T00:25:57.636157390Z [2026-09-26 00:25:57,634] INFO [ControllerRegistrationManager id=1 incarnation=IAJxY-VdTU6-BMBk47Nchg] RegistrationResponseHandler: controller acknowledged ControllerRegistrationRequest. (kafka.server.ControllerRegistrationManager)
kafka1      | 2026-09-26T00:25:57.649374602Z [2026-09-26 00:25:57,646] INFO [BrokerServer id=1] Waiting for controller quorum voters future (kafka.server.BrokerServer)
kafka1      | 2026-09-26T00:25:57.649453872Z [2026-09-26 00:25:57,646] INFO [BrokerServer id=1] Finished waiting for controller quorum voters future (kafka.server.BrokerServer)
kafka1      | 2026-09-26T00:25:57.657997268Z [2026-09-26 00:25:57,657] INFO [broker-1-to-controller-forwarding-channel-manager]: Starting (org.apache.kafka.server.NodeToControllerRequestThread)
kafka1      | 2026-09-26T00:25:57.660187777Z [2026-09-26 00:25:57,659] INFO Recorded new KRaft controller, from now on will use node kafka2:9093 (id: 2 rack: null isFenced: false) (org.apache.kafka.server.NodeToControllerRequestThread)
kafka1      | 2026-09-26T00:25:57.672431757Z [2026-09-26 00:25:57,671] INFO [ControllerRegistrationManager id=1 incarnation=IAJxY-VdTU6-BMBk47Nchg] Our registration has been persisted to the metadata log. (kafka.server.ControllerRegistrationManager)
kafka1      | 2026-09-26T00:25:57.682769527Z [2026-09-26 00:25:57,682] INFO [client-metrics-reaper]: Starting (org.apache.kafka.server.util.timer.SystemTimerReaper$Reaper)
kafka1      | 2026-09-26T00:25:57.819606620Z [2026-09-26 00:25:57,818] INFO Updated connection-accept-rate max connection creation rate to 2147483647 (kafka.network.ConnectionQuotas)
kafka1      | 2026-09-26T00:25:57.837288863Z [2026-09-26 00:25:57,835] INFO [SocketServer listenerType=BROKER, nodeId=1] Created data-plane acceptor and processors for endpoint : ListenerName(PLAINTEXT) (kafka.network.SocketServer)
kafka1      | 2026-09-26T00:25:57.840438479Z [2026-09-26 00:25:57,839] INFO Updated connection-accept-rate max connection creation rate to 2147483647 (kafka.network.ConnectionQuotas)
kafka1      | 2026-09-26T00:25:57.859477085Z [2026-09-26 00:25:57,858] INFO [SocketServer listenerType=BROKER, nodeId=1] Created data-plane acceptor and processors for endpoint : ListenerName(PLAINTEXT_HOST) (kafka.network.SocketServer)
kafka1      | 2026-09-26T00:25:57.871983520Z [2026-09-26 00:25:57,870] INFO [broker-1-to-controller-alter-partition-channel-manager]: Starting (org.apache.kafka.server.NodeToControllerRequestThread)
kafka1      | 2026-09-26T00:25:57.873483105Z [2026-09-26 00:25:57,872] INFO Recorded new KRaft controller, from now on will use node kafka2:9093 (id: 2 rack: null isFenced: false) (org.apache.kafka.server.NodeToControllerRequestThread)
kafka1      | 2026-09-26T00:25:57.895025424Z [2026-09-26 00:25:57,893] INFO [broker-1-to-controller-directory-assignments-channel-manager]: Starting (org.apache.kafka.server.NodeToControllerRequestThread)
kafka1      | 2026-09-26T00:25:57.896227603Z [2026-09-26 00:25:57,895] INFO Recorded new KRaft controller, from now on will use node kafka2:9093 (id: 2 rack: null isFenced: false) (org.apache.kafka.server.NodeToControllerRequestThread)
kafka1      | 2026-09-26T00:25:57.909827040Z [2026-09-26 00:25:57,908] INFO [ExpirationReaper-1-Produce]: Starting (org.apache.kafka.server.purgatory.DelayedOperationPurgatory$ExpiredOperationReaper)
kafka1      | 2026-09-26T00:25:57.914649595Z [2026-09-26 00:25:57,913] INFO [ExpirationReaper-1-Fetch]: Starting (org.apache.kafka.server.purgatory.DelayedOperationPurgatory$ExpiredOperationReaper)
kafka1      | 2026-09-26T00:25:57.918706456Z [2026-09-26 00:25:57,917] INFO [ExpirationReaper-1-DeleteRecords]: Starting (org.apache.kafka.server.purgatory.DelayedOperationPurgatory$ExpiredOperationReaper)
kafka1      | 2026-09-26T00:25:57.923187834Z [2026-09-26 00:25:57,922] INFO [ExpirationReaper-1-RemoteFetch]: Starting (org.apache.kafka.server.purgatory.DelayedOperationPurgatory$ExpiredOperationReaper)
kafka1      | 2026-09-26T00:25:57.927171647Z [2026-09-26 00:25:57,926] INFO [ExpirationReaper-1-RemoteListOffsets]: Starting (org.apache.kafka.server.purgatory.DelayedOperationPurgatory$ExpiredOperationReaper)
kafka1      | 2026-09-26T00:25:57.931554499Z [2026-09-26 00:25:57,930] INFO [ExpirationReaper-1-ShareFetch]: Starting (org.apache.kafka.server.purgatory.DelayedOperationPurgatory$ExpiredOperationReaper)
kafka1      | 2026-09-26T00:25:57.959087731Z [2026-09-26 00:25:57,958] INFO [share-coordinator-reaper]: Starting (org.apache.kafka.server.util.timer.SystemTimerReaper$Reaper)
kafka1      | 2026-09-26T00:25:57.991259265Z [2026-09-26 00:25:57,990] INFO [share-coordinator-event-processor-0]: Starting (org.apache.kafka.coordinator.common.runtime.MultiThreadedEventProcessor$EventProcessorThread)
kafka1      | 2026-09-26T00:25:58.003653242Z [2026-09-26 00:25:58,002] INFO [persister-state-manager-reaper]: Starting (org.apache.kafka.server.util.timer.SystemTimerReaper$Reaper)
kafka1      | 2026-09-26T00:25:58.006103606Z [2026-09-26 00:25:58,005] INFO [PersisterStateManager]: Starting (org.apache.kafka.server.share.persister.PersisterStateManager$SendThread)
kafka1      | 2026-09-26T00:25:58.009740002Z [2026-09-26 00:25:58,008] INFO [network-partition-metadata-client-reaper]: Starting (org.apache.kafka.server.util.timer.SystemTimerReaper$Reaper)
kafka1      | 2026-09-26T00:25:58.011575986Z [2026-09-26 00:25:58,010] INFO [group-coordinator-reaper]: Starting (org.apache.kafka.server.util.timer.SystemTimerReaper$Reaper)
kafka1      | 2026-09-26T00:25:58.030648692Z [2026-09-26 00:25:58,029] INFO [group-coordinator-event-processor-0]: Starting (org.apache.kafka.coordinator.common.runtime.MultiThreadedEventProcessor$EventProcessorThread)
kafka1      | 2026-09-26T00:25:58.030722170Z [2026-09-26 00:25:58,030] INFO [group-coordinator-event-processor-1]: Starting (org.apache.kafka.coordinator.common.runtime.MultiThreadedEventProcessor$EventProcessorThread)
kafka1      | 2026-09-26T00:25:58.031645117Z [2026-09-26 00:25:58,030] INFO [group-coordinator-event-processor-2]: Starting (org.apache.kafka.coordinator.common.runtime.MultiThreadedEventProcessor$EventProcessorThread)
kafka1      | 2026-09-26T00:25:58.031692853Z [2026-09-26 00:25:58,030] INFO [group-coordinator-event-processor-3]: Starting (org.apache.kafka.coordinator.common.runtime.MultiThreadedEventProcessor$EventProcessorThread)
kafka1      | 2026-09-26T00:25:58.066035138Z [2026-09-26 00:25:58,065] INFO Unable to read the broker epoch in /tmp/kafka-logs. (kafka.log.LogManager)
kafka1      | 2026-09-26T00:25:58.069068293Z [2026-09-26 00:25:58,067] INFO [broker-1-to-controller-heartbeat-channel-manager]: Starting (org.apache.kafka.server.NodeToControllerRequestThread)
kafka1      | 2026-09-26T00:25:58.070659363Z [2026-09-26 00:25:58,069] INFO Recorded new KRaft controller, from now on will use node kafka2:9093 (id: 2 rack: null isFenced: false) (org.apache.kafka.server.NodeToControllerRequestThread)
kafka1      | 2026-09-26T00:25:58.071621429Z [2026-09-26 00:25:58,070] INFO [BrokerLifecycleManager id=1] Incarnation xR7s59XTS_Kv8EDGTYDogQ of broker 1 in cluster 4L6g3nShT-eMCtK--X86sw is now STARTING. (org.apache.kafka.server.BrokerLifecycleManager)
kafka1      | 2026-09-26T00:25:58.089560108Z [2026-09-26 00:25:58,088] INFO [share-group-lock-timeout-reaper]: Starting (org.apache.kafka.server.util.timer.SystemTimerReaper$Reaper)
kafka1      | 2026-09-26T00:25:58.094028267Z [2026-09-26 00:25:58,092] INFO [ExpirationReaper-1-AlterAcls]: Starting (org.apache.kafka.server.purgatory.DelayedOperationPurgatory$ExpiredOperationReaper)
kafka1      | 2026-09-26T00:25:58.136413990Z [2026-09-26 00:25:58,133] INFO [BrokerLifecycleManager id=1] Successfully registered broker 1 with broker epoch 530 (org.apache.kafka.server.BrokerLifecycleManager)
kafka1      | 2026-09-26T00:25:58.156261026Z [2026-09-26 00:25:58,155] INFO [BrokerServer id=1] Waiting for the broker metadata publishers to be installed (kafka.server.BrokerServer)
kafka1      | 2026-09-26T00:25:58.157059247Z [2026-09-26 00:25:58,156] INFO [BrokerServer id=1] Finished waiting for the broker metadata publishers to be installed (kafka.server.BrokerServer)
kafka1      | 2026-09-26T00:25:58.158213204Z [2026-09-26 00:25:58,157] INFO [BrokerServer id=1] Waiting for the controller to acknowledge that we are caught up (kafka.server.BrokerServer)
kafka1      | 2026-09-26T00:25:58.160775268Z [2026-09-26 00:25:58,159] INFO [MetadataLoader id=1] InitializeNewPublishers: initializing MetadataVersionPublisher(id=1) with a snapshot at offset 531 (org.apache.kafka.image.loader.MetadataLoader)
kafka1      | 2026-09-26T00:25:58.161932136Z [2026-09-26 00:25:58,161] INFO [MetadataLoader id=1] InitializeNewPublishers: initializing BrokerMetadataPublisher with a snapshot at offset 531 (org.apache.kafka.image.loader.MetadataLoader)
kafka1      | 2026-09-26T00:25:58.163303154Z [2026-09-26 00:25:58,162] INFO [BrokerLifecycleManager id=1] The broker has caught up. Transitioning from STARTING to RECOVERY. (org.apache.kafka.server.BrokerLifecycleManager)
kafka1      | 2026-09-26T00:25:58.164624945Z [2026-09-26 00:25:58,163] INFO [BrokerServer id=1] Finished waiting for the controller to acknowledge that we are caught up (kafka.server.BrokerServer)
kafka1      | 2026-09-26T00:25:58.164718446Z [2026-09-26 00:25:58,164] INFO [BrokerServer id=1] Waiting for the initial broker metadata update to be published (kafka.server.BrokerServer)
kafka1      | 2026-09-26T00:25:58.174280103Z [2026-09-26 00:25:58,173] INFO [BrokerMetadataPublisher id=1] Publishing initial metadata at offset OffsetAndEpoch[offset=531, epoch=1] with metadata.version Optional[4.3-IV0]. (kafka.server.metadata.BrokerMetadataPublisher)
kafka1      | 2026-09-26T00:25:58.182609089Z [2026-09-26 00:25:58,181] INFO Loading logs from log dirs ArrayBuffer(/tmp/kafka-logs) (kafka.log.LogManager)
kafka1      | 2026-09-26T00:25:58.198345715Z [2026-09-26 00:25:58,197] INFO Recovering 52 logs from /tmp/kafka-logs since no clean shutdown file was found (kafka.log.LogManager)
kafka1      | 2026-09-26T00:25:58.232174759Z [2026-09-26 00:25:58,231] INFO [LogLoader partition=__consumer_offsets-8, dir=/tmp/kafka-logs] Recovering unflushed segment 0. 0 recovered for __consumer_offsets-8. (org.apache.kafka.storage.internals.log.LogLoader)
kafka1      | 2026-09-26T00:25:58.232279269Z [2026-09-26 00:25:58,231] INFO [LogLoader partition=__consumer_offsets-48, dir=/tmp/kafka-logs] Recovering unflushed segment 0. 0 recovered for __consumer_offsets-48. (org.apache.kafka.storage.internals.log.LogLoader)
kafka1      | 2026-09-26T00:25:58.235130723Z [2026-09-26 00:25:58,234] INFO [LogLoader partition=__consumer_offsets-8, dir=/tmp/kafka-logs] Loading producer state till offset 0 (org.apache.kafka.storage.internals.log.UnifiedLog)
kafka1      | 2026-09-26T00:25:58.235223590Z [2026-09-26 00:25:58,234] INFO [LogLoader partition=__consumer_offsets-48, dir=/tmp/kafka-logs] Loading producer state till offset 0 (org.apache.kafka.storage.internals.log.UnifiedLog)
kafka1      | 2026-09-26T00:25:58.235995733Z [2026-09-26 00:25:58,235] INFO [LogLoader partition=__consumer_offsets-48, dir=/tmp/kafka-logs] Reloading from producer snapshot and rebuilding producer state from offset 0 (org.apache.kafka.storage.internals.log.UnifiedLog)
kafka1      | 2026-09-26T00:25:58.240538490Z [2026-09-26 00:25:58,236] INFO [LogLoader partition=__consumer_offsets-48, dir=/tmp/kafka-logs] Producer state recovery took 0ms for snapshot load and 1ms for segment recovery from offset 0 (org.apache.kafka.storage.internals.log.UnifiedLog)
kafka1      | 2026-09-26T00:25:58.240967283Z [2026-09-26 00:25:58,239] INFO [BrokerLifecycleManager id=1] The broker is in RECOVERY. (org.apache.kafka.server.BrokerLifecycleManager)
kafka1      | 2026-09-26T00:25:58.241028065Z [2026-09-26 00:25:58,240] INFO [LogLoader partition=__consumer_offsets-8, dir=/tmp/kafka-logs] Reloading from producer snapshot and rebuilding producer state from offset 0 (org.apache.kafka.storage.internals.log.UnifiedLog)
kafka1      | 2026-09-26T00:25:58.241262642Z [2026-09-26 00:25:58,240] INFO [LogLoader partition=__consumer_offsets-8, dir=/tmp/kafka-logs] Producer state recovery took 0ms for snapshot load and 0ms for segment recovery from offset 0 (org.apache.kafka.storage.internals.log.UnifiedLog)
kafka1      | 2026-09-26T00:25:58.245314618Z [2026-09-26 00:25:58,244] INFO [LogLoader partition=__consumer_offsets-48, dir=/tmp/kafka-logs] Loading producer state till offset 0 (org.apache.kafka.storage.internals.log.UnifiedLog)
kafka1      | 2026-09-26T00:25:58.246639664Z [2026-09-26 00:25:58,245] INFO [LogLoader partition=__consumer_offsets-48, dir=/tmp/kafka-logs] Reloading from producer snapshot and rebuilding producer state from offset 0 (org.apache.kafka.storage.internals.log.UnifiedLog)
kafka1      | 2026-09-26T00:25:58.247428612Z [2026-09-26 00:25:58,246] INFO [LogLoader partition=__consumer_offsets-48, dir=/tmp/kafka-logs] Producer state recovery took 0ms for snapshot load and 0ms for segment recovery from offset 0 (org.apache.kafka.storage.internals.log.UnifiedLog)
kafka1      | 2026-09-26T00:25:58.254344074Z [2026-09-26 00:25:58,253] INFO [LogLoader partition=__consumer_offsets-8, dir=/tmp/kafka-logs] Loading producer state till offset 0 (org.apache.kafka.storage.internals.log.UnifiedLog)
kafka1      | 2026-09-26T00:25:58.255599019Z [2026-09-26 00:25:58,254] INFO [LogLoader partition=__consumer_offsets-8, dir=/tmp/kafka-logs] Reloading from producer snapshot and rebuilding producer state from offset 0 (org.apache.kafka.storage.internals.log.UnifiedLog)
kafka1      | 2026-09-26T00:25:58.257683653Z [2026-09-26 00:25:58,256] INFO [LogLoader partition=__consumer_offsets-8, dir=/tmp/kafka-logs] Producer state recovery took 1ms for snapshot load and 0ms for segment recovery from offset 0 (org.apache.kafka.storage.internals.log.UnifiedLog)
kafka1      | 2026-09-26T00:25:58.312650935Z [2026-09-26 00:25:58,311] INFO Completed load of Log(dir=/tmp/kafka-logs/__consumer_offsets-48, topicId=ZGFhrgkeSDKE-O_FaP3hAA, topic=__consumer_offsets, partition=48, highWatermark=0, lastStableOffset=0, logStartOffset=0, logEndOffset=0) with 1 segments, local-log-start-offset 0 and log-end-offset 0 in 45ms (1/52 completed in /tmp/kafka-logs) (kafka.log.LogManager)
kafka1      | 2026-09-26T00:25:58.312719032Z [2026-09-26 00:25:58,311] INFO Completed load of Log(dir=/tmp/kafka-logs/__consumer_offsets-8, topicId=ZGFhrgkeSDKE-O_FaP3hAA, topic=__consumer_offsets, partition=8, highWatermark=0, lastStableOffset=0, logStartOffset=0, logEndOffset=0) with 1 segments, local-log-start-offset 0 and log-end-offset 0 in 48ms (2/52 completed in /tmp/kafka-logs) (kafka.log.LogManager)
kafka1      | 2026-09-26T00:25:58.320609138Z [2026-09-26 00:25:58,319] INFO [LogLoader partition=__consumer_offsets-17, dir=/tmp/kafka-logs] Recovering unflushed segment 0. 0 recovered for __consumer_offsets-17. (org.apache.kafka.storage.internals.log.LogLoader)
kafka1      | 2026-09-26T00:25:58.320685772Z [2026-09-26 00:25:58,319] INFO [LogLoader partition=__consumer_offsets-25, dir=/tmp/kafka-logs] Recovering unflushed segment 0. 0 recovered for __consumer_offsets-25. (org.apache.kafka.storage.internals.log.LogLoader)
kafka1      | 2026-09-26T00:25:58.322792117Z [2026-09-26 00:25:58,321] INFO [LogLoader partition=__consumer_offsets-17, dir=/tmp/kafka-logs] Loading producer state till offset 0 (org.apache.kafka.storage.internals.log.UnifiedLog)
kafka1      | 2026-09-26T00:25:58.322861707Z [2026-09-26 00:25:58,322] INFO [LogLoader partition=__consumer_offsets-25, dir=/tmp/kafka-logs] Loading producer state till offset 0 (org.apache.kafka.storage.internals.log.UnifiedLog)
kafka1      | 2026-09-26T00:25:58.323804574Z [2026-09-26 00:25:58,322] INFO [LogLoader partition=__consumer_offsets-17, dir=/tmp/kafka-logs] Reloading from producer snapshot and rebuilding producer state from offset 0 (org.apache.kafka.storage.internals.log.UnifiedLog)
kafka1      | 2026-09-26T00:25:58.323853723Z [2026-09-26 00:25:58,322] INFO [LogLoader partition=__consumer_offsets-25, dir=/tmp/kafka-logs] Reloading from producer snapshot and rebuilding producer state from offset 0 (org.apache.kafka.storage.internals.log.UnifiedLog)
kafka1      | 2026-09-26T00:25:58.324875313Z [2026-09-26 00:25:58,323] INFO [LogLoader partition=__consumer_offsets-17, dir=/tmp/kafka-logs] Producer state recovery took 0ms for snapshot load and 0ms for segment recovery from offset 0 (org.apache.kafka.storage.internals.log.UnifiedLog)
kafka1      | 2026-09-26T00:25:58.325002800Z [2026-09-26 00:25:58,323] INFO [LogLoader partition=__consumer_offsets-25, dir=/tmp/kafka-logs] Producer state recovery took 0ms for snapshot load and 0ms for segment recovery from offset 0 (org.apache.kafka.storage.internals.log.UnifiedLog)
kafka1      | 2026-09-26T00:25:58.330609797Z [2026-09-26 00:25:58,329] INFO [LogLoader partition=__consumer_offsets-17, dir=/tmp/kafka-logs] Loading producer state till offset 0 (org.apache.kafka.storage.internals.log.UnifiedLog)
kafka1      | 2026-09-26T00:25:58.330718446Z [2026-09-26 00:25:58,329] INFO [LogLoader partition=__consumer_offsets-25, dir=/tmp/kafka-logs] Loading producer state till offset 0 (org.apache.kafka.storage.internals.log.UnifiedLog)
kafka1      | 2026-09-26T00:25:58.331265807Z [2026-09-26 00:25:58,330] INFO [LogLoader partition=__consumer_offsets-25, dir=/tmp/kafka-logs] Reloading from producer snapshot and rebuilding producer state from offset 0 (org.apache.kafka.storage.internals.log.UnifiedLog)
kafka1      | 2026-09-26T00:25:58.331330808Z [2026-09-26 00:25:58,330] INFO [LogLoader partition=__consumer_offsets-17, dir=/tmp/kafka-logs] Reloading from producer snapshot and rebuilding producer state from offset 0 (org.apache.kafka.storage.internals.log.UnifiedLog)
kafka1      | 2026-09-26T00:25:58.331866000Z [2026-09-26 00:25:58,331] INFO [LogLoader partition=__consumer_offsets-25, dir=/tmp/kafka-logs] Producer state recovery took 0ms for snapshot load and 0ms for segment recovery from offset 0 (org.apache.kafka.storage.internals.log.UnifiedLog)
kafka1      | 2026-09-26T00:25:58.331903556Z [2026-09-26 00:25:58,331] INFO [LogLoader partition=__consumer_offsets-17, dir=/tmp/kafka-logs] Producer state recovery took 0ms for snapshot load and 0ms for segment recovery from offset 0 (org.apache.kafka.storage.internals.log.UnifiedLog)
kafka1      | 2026-09-26T00:25:58.338576110Z [2026-09-26 00:25:58,337] INFO Completed load of Log(dir=/tmp/kafka-logs/__consumer_offsets-25, topicId=ZGFhrgkeSDKE-O_FaP3hAA, topic=__consumer_offsets, partition=25, highWatermark=0, lastStableOffset=0, logStartOffset=0, logEndOffset=0) with 1 segments, local-log-start-offset 0 and log-end-offset 0 in 24ms (3/52 completed in /tmp/kafka-logs) (kafka.log.LogManager)
kafka1      | 2026-09-26T00:25:58.340621527Z [2026-09-26 00:25:58,339] INFO Completed load of Log(dir=/tmp/kafka-logs/__consumer_offsets-17, topicId=ZGFhrgkeSDKE-O_FaP3hAA, topic=__consumer_offsets, partition=17, highWatermark=0, lastStableOffset=0, logStartOffset=0, logEndOffset=0) with 1 segments, local-log-start-offset 0 and log-end-offset 0 in 27ms (4/52 completed in /tmp/kafka-logs) (kafka.log.LogManager)
kafka1      | 2026-09-26T00:25:58.344894273Z [2026-09-26 00:25:58,344] INFO [LogLoader partition=__consumer_offsets-35, dir=/tmp/kafka-logs] Recovering unflushed segment 0. 0 recovered for __consumer_offsets-35. (org.apache.kafka.storage.internals.log.LogLoader)
kafka1      | 2026-09-26T00:25:58.346921441Z [2026-09-26 00:25:58,345] INFO [LogLoader partition=__consumer_offsets-35, dir=/tmp/kafka-logs] Loading producer state till offset 0 (org.apache.kafka.storage.internals.log.UnifiedLog)
kafka1      | 2026-09-26T00:25:58.346974087Z [2026-09-26 00:25:58,346] INFO [LogLoader partition=__consumer_offsets-35, dir=/tmp/kafka-logs] Reloading from producer snapshot and rebuilding producer state from offset 0 (org.apache.kafka.storage.internals.log.UnifiedLog)
kafka1      | 2026-09-26T00:25:58.348100666Z [2026-09-26 00:25:58,347] INFO [LogLoader partition=__consumer_offsets-35, dir=/tmp/kafka-logs] Producer state recovery took 0ms for snapshot load and 0ms for segment recovery from offset 0 (org.apache.kafka.storage.internals.log.UnifiedLog)
kafka1      | 2026-09-26T00:25:58.348146729Z [2026-09-26 00:25:58,347] INFO [LogLoader partition=__consumer_offsets-15, dir=/tmp/kafka-logs] Recovering unflushed segment 0. 0 recovered for __consumer_offsets-15. (org.apache.kafka.storage.internals.log.LogLoader)
kafka1      | 2026-09-26T00:25:58.350511727Z [2026-09-26 00:25:58,349] INFO [LogLoader partition=__consumer_offsets-15, dir=/tmp/kafka-logs] Loading producer state till offset 0 (org.apache.kafka.storage.internals.log.UnifiedLog)
kafka1      | 2026-09-26T00:25:58.351059695Z [2026-09-26 00:25:58,350] INFO [LogLoader partition=__consumer_offsets-15, dir=/tmp/kafka-logs] Reloading from producer snapshot and rebuilding producer state from offset 0 (org.apache.kafka.storage.internals.log.UnifiedLog)
kafka1      | 2026-09-26T00:25:58.351777524Z [2026-09-26 00:25:58,351] INFO [LogLoader partition=__consumer_offsets-15, dir=/tmp/kafka-logs] Producer state recovery took 0ms for snapshot load and 0ms for segment recovery from offset 0 (org.apache.kafka.storage.internals.log.UnifiedLog)
kafka1      | 2026-09-26T00:25:58.354094735Z [2026-09-26 00:25:58,352] INFO [LogLoader partition=__consumer_offsets-35, dir=/tmp/kafka-logs] Loading producer state till offset 0 (org.apache.kafka.storage.internals.log.UnifiedLog)
kafka1      | 2026-09-26T00:25:58.355799953Z [2026-09-26 00:25:58,354] INFO [LogLoader partition=__consumer_offsets-35, dir=/tmp/kafka-logs] Reloading from producer snapshot and rebuilding producer state from offset 0 (org.apache.kafka.storage.internals.log.UnifiedLog)
kafka1      | 2026-09-26T00:25:58.356620777Z [2026-09-26 00:25:58,355] INFO [LogLoader partition=__consumer_offsets-35, dir=/tmp/kafka-logs] Producer state recovery took 0ms for snapshot load and 0ms for segment recovery from offset 0 (org.apache.kafka.storage.internals.log.UnifiedLog)
kafka1      | 2026-09-26T00:25:58.360780114Z [2026-09-26 00:25:58,359] INFO [LogLoader partition=__consumer_offsets-15, dir=/tmp/kafka-logs] Loading producer state till offset 0 (org.apache.kafka.storage.internals.log.UnifiedLog)
kafka1      | 2026-09-26T00:25:58.361451533Z [2026-09-26 00:25:58,360] INFO [LogLoader partition=__consumer_offsets-15, dir=/tmp/kafka-logs] Reloading from producer snapshot and rebuilding producer state from offset 0 (org.apache.kafka.storage.internals.log.UnifiedLog)
kafka1      | 2026-09-26T00:25:58.363539867Z [2026-09-26 00:25:58,362] INFO [LogLoader partition=__consumer_offsets-15, dir=/tmp/kafka-logs] Producer state recovery took 0ms for snapshot load and 0ms for segment recovery from offset 0 (org.apache.kafka.storage.internals.log.UnifiedLog)
kafka1      | 2026-09-26T00:25:58.363866101Z [2026-09-26 00:25:58,363] INFO Completed load of Log(dir=/tmp/kafka-logs/__consumer_offsets-35, topicId=ZGFhrgkeSDKE-O_FaP3hAA, topic=__consumer_offsets, partition=35, highWatermark=0, lastStableOffset=0, logStartOffset=0, logEndOffset=0) with 1 segments, local-log-start-offset 0 and log-end-offset 0 in 24ms (5/52 completed in /tmp/kafka-logs) (kafka.log.LogManager)
kafka1      | 2026-09-26T00:25:58.369143483Z [2026-09-26 00:25:58,368] INFO Completed load of Log(dir=/tmp/kafka-logs/__consumer_offsets-15, topicId=ZGFhrgkeSDKE-O_FaP3hAA, topic=__consumer_offsets, partition=15, highWatermark=0, lastStableOffset=0, logStartOffset=0, logEndOffset=0) with 1 segments, local-log-start-offset 0 and log-end-offset 0 in 27ms (6/52 completed in /tmp/kafka-logs) (kafka.log.LogManager)
kafka1      | 2026-09-26T00:25:58.375911787Z [2026-09-26 00:25:58,375] INFO [LogLoader partition=__consumer_offsets-44, dir=/tmp/kafka-logs] Recovering unflushed segment 0. 0 recovered for __consumer_offsets-44. (org.apache.kafka.storage.internals.log.LogLoader)
kafka1      | 2026-09-26T00:25:58.378110496Z [2026-09-26 00:25:58,377] INFO [LogLoader partition=__consumer_offsets-44, dir=/tmp/kafka-logs] Loading producer state till offset 0 (org.apache.kafka.storage.internals.log.UnifiedLog)
kafka1      | 2026-09-26T00:25:58.378629598Z [2026-09-26 00:25:58,378] INFO [LogLoader partition=__consumer_offsets-44, dir=/tmp/kafka-logs] Reloading from producer snapshot and rebuilding producer state from offset 0 (org.apache.kafka.storage.internals.log.UnifiedLog)
kafka1      | 2026-09-26T00:25:58.379102566Z [2026-09-26 00:25:58,378] INFO [LogLoader partition=__consumer_offsets-33, dir=/tmp/kafka-logs] Recovering unflushed segment 0. 0 recovered for __consumer_offsets-33. (org.apache.kafka.storage.internals.log.LogLoader)
kafka1      | 2026-09-26T00:25:58.379135152Z [2026-09-26 00:25:58,378] INFO [LogLoader partition=__consumer_offsets-44, dir=/tmp/kafka-logs] Producer state recovery took 0ms for snapshot load and 0ms for segment recovery from offset 0 (org.apache.kafka.storage.internals.log.UnifiedLog)
kafka1      | 2026-09-26T00:25:58.381084724Z [2026-09-26 00:25:58,380] INFO [LogLoader partition=__consumer_offsets-33, dir=/tmp/kafka-logs] Loading producer state till offset 0 (org.apache.kafka.storage.internals.log.UnifiedLog)
kafka1      | 2026-09-26T00:25:58.381236259Z [2026-09-26 00:25:58,380] INFO [LogLoader partition=__consumer_offsets-33, dir=/tmp/kafka-logs] Reloading from producer snapshot and rebuilding producer state from offset 0 (org.apache.kafka.storage.internals.log.UnifiedLog)
kafka1      | 2026-09-26T00:25:58.382010627Z [2026-09-26 00:25:58,381] INFO [LogLoader partition=__consumer_offsets-33, dir=/tmp/kafka-logs] Producer state recovery took 0ms for snapshot load and 0ms for segment recovery from offset 0 (org.apache.kafka.storage.internals.log.UnifiedLog)
kafka1      | 2026-09-26T00:25:58.387421380Z [2026-09-26 00:25:58,385] INFO [LogLoader partition=__consumer_offsets-44, dir=/tmp/kafka-logs] Loading producer state till offset 0 (org.apache.kafka.storage.internals.log.UnifiedLog)
kafka1      | 2026-09-26T00:25:58.388410362Z [2026-09-26 00:25:58,385] INFO [LogLoader partition=__consumer_offsets-33, dir=/tmp/kafka-logs] Loading producer state till offset 0 (org.apache.kafka.storage.internals.log.UnifiedLog)
kafka1      | 2026-09-26T00:25:58.388458749Z [2026-09-26 00:25:58,386] INFO [LogLoader partition=__consumer_offsets-33, dir=/tmp/kafka-logs] Reloading from producer snapshot and rebuilding producer state from offset 0 (org.apache.kafka.storage.internals.log.UnifiedLog)
kafka1      | 2026-09-26T00:25:58.388470804Z [2026-09-26 00:25:58,386] INFO [LogLoader partition=__consumer_offsets-33, dir=/tmp/kafka-logs] Producer state recovery took 0ms for snapshot load and 0ms for segment recovery from offset 0 (org.apache.kafka.storage.internals.log.UnifiedLog)
kafka1      | 2026-09-26T00:25:58.389854495Z [2026-09-26 00:25:58,386] INFO [LogLoader partition=__consumer_offsets-44, dir=/tmp/kafka-logs] Reloading from producer snapshot and rebuilding producer state from offset 0 (org.apache.kafka.storage.internals.log.UnifiedLog)
kafka1      | 2026-09-26T00:25:58.390770901Z [2026-09-26 00:25:58,389] INFO [LogLoader partition=__consumer_offsets-44, dir=/tmp/kafka-logs] Producer state recovery took 0ms for snapshot load and 0ms for segment recovery from offset 0 (org.apache.kafka.storage.internals.log.UnifiedLog)
kafka1      | 2026-09-26T00:25:58.393190005Z [2026-09-26 00:25:58,392] INFO Completed load of Log(dir=/tmp/kafka-logs/__consumer_offsets-33, topicId=ZGFhrgkeSDKE-O_FaP3hAA, topic=__consumer_offsets, partition=33, highWatermark=0, lastStableOffset=0, logStartOffset=0, logEndOffset=0) with 1 segments, local-log-start-offset 0 and log-end-offset 0 in 23ms (7/52 completed in /tmp/kafka-logs) (kafka.log.LogManager)
kafka1      | 2026-09-26T00:25:58.395311248Z [2026-09-26 00:25:58,394] INFO Completed load of Log(dir=/tmp/kafka-logs/__consumer_offsets-44, topicId=ZGFhrgkeSDKE-O_FaP3hAA, topic=__consumer_offsets, partition=44, highWatermark=0, lastStableOffset=0, logStartOffset=0, logEndOffset=0) with 1 segments, local-log-start-offset 0 and log-end-offset 0 in 30ms (8/52 completed in /tmp/kafka-logs) (kafka.log.LogManager)
kafka1      | 2026-09-26T00:25:58.399990477Z [2026-09-26 00:25:58,399] INFO [LogLoader partition=__consumer_offsets-26, dir=/tmp/kafka-logs] Recovering unflushed segment 0. 0 recovered for __consumer_offsets-26. (org.apache.kafka.storage.internals.log.LogLoader)
kafka1      | 2026-09-26T00:25:58.401523631Z [2026-09-26 00:25:58,400] INFO [LogLoader partition=__consumer_offsets-26, dir=/tmp/kafka-logs] Loading producer state till offset 0 (org.apache.kafka.storage.internals.log.UnifiedLog)
kafka1      | 2026-09-26T00:25:58.401596909Z [2026-09-26 00:25:58,401] INFO [LogLoader partition=__consumer_offsets-45, dir=/tmp/kafka-logs] Recovering unflushed segment 0. 0 recovered for __consumer_offsets-45. (org.apache.kafka.storage.internals.log.LogLoader)
kafka1      | 2026-09-26T00:25:58.401605175Z [2026-09-26 00:25:58,401] INFO [LogLoader partition=__consumer_offsets-26, dir=/tmp/kafka-logs] Reloading from producer snapshot and rebuilding producer state from offset 0 (org.apache.kafka.storage.internals.log.UnifiedLog)
kafka1      | 2026-09-26T00:25:58.402548744Z [2026-09-26 00:25:58,401] INFO [LogLoader partition=__consumer_offsets-26, dir=/tmp/kafka-logs] Producer state recovery took 0ms for snapshot load and 0ms for segment recovery from offset 0 (org.apache.kafka.storage.internals.log.UnifiedLog)
kafka1      | 2026-09-26T00:25:58.403867730Z [2026-09-26 00:25:58,402] INFO [LogLoader partition=__consumer_offsets-45, dir=/tmp/kafka-logs] Loading producer state till offset 0 (org.apache.kafka.storage.internals.log.UnifiedLog)
kafka1      | 2026-09-26T00:25:58.404658358Z [2026-09-26 00:25:58,404] INFO [LogLoader partition=__consumer_offsets-45, dir=/tmp/kafka-logs] Reloading from producer snapshot and rebuilding producer state from offset 0 (org.apache.kafka.storage.internals.log.UnifiedLog)
kafka1      | 2026-09-26T00:25:58.405864056Z [2026-09-26 00:25:58,404] INFO [LogLoader partition=__consumer_offsets-45, dir=/tmp/kafka-logs] Producer state recovery took 0ms for snapshot load and 0ms for segment recovery from offset 0 (org.apache.kafka.storage.internals.log.UnifiedLog)
kafka1      | 2026-09-26T00:25:58.407777816Z [2026-09-26 00:25:58,406] INFO [LogLoader partition=__consumer_offsets-26, dir=/tmp/kafka-logs] Loading producer state till offset 0 (org.apache.kafka.storage.internals.log.UnifiedLog)
kafka1      | 2026-09-26T00:25:58.407827646Z [2026-09-26 00:25:58,407] INFO [LogLoader partition=__consumer_offsets-26, dir=/tmp/kafka-logs] Reloading from producer snapshot and rebuilding producer state from offset 0 (org.apache.kafka.storage.internals.log.UnifiedLog)
kafka1      | 2026-09-26T00:25:58.408658593Z [2026-09-26 00:25:58,408] INFO [LogLoader partition=__consumer_offsets-26, dir=/tmp/kafka-logs] Producer state recovery took 0ms for snapshot load and 0ms for segment recovery from offset 0 (org.apache.kafka.storage.internals.log.UnifiedLog)
kafka1      | 2026-09-26T00:25:58.410509908Z [2026-09-26 00:25:58,409] INFO [LogLoader partition=__consumer_offsets-45, dir=/tmp/kafka-logs] Loading producer state till offset 0 (org.apache.kafka.storage.internals.log.UnifiedLog)
kafka1      | 2026-09-26T00:25:58.411069303Z [2026-09-26 00:25:58,410] INFO [LogLoader partition=__consumer_offsets-45, dir=/tmp/kafka-logs] Reloading from producer snapshot and rebuilding producer state from offset 0 (org.apache.kafka.storage.internals.log.UnifiedLog)
kafka1      | 2026-09-26T00:25:58.411848015Z [2026-09-26 00:25:58,411] INFO [LogLoader partition=__consumer_offsets-45, dir=/tmp/kafka-logs] Producer state recovery took 0ms for snapshot load and 0ms for segment recovery from offset 0 (org.apache.kafka.storage.internals.log.UnifiedLog)
kafka1      | 2026-09-26T00:25:58.411879708Z [2026-09-26 00:25:58,411] INFO Completed load of Log(dir=/tmp/kafka-logs/__consumer_offsets-26, topicId=ZGFhrgkeSDKE-O_FaP3hAA, topic=__consumer_offsets, partition=26, highWatermark=0, lastStableOffset=0, logStartOffset=0, logEndOffset=0) with 1 segments, local-log-start-offset 0 and log-end-offset 0 in 18ms (9/52 completed in /tmp/kafka-logs) (kafka.log.LogManager)
kafka1      | 2026-09-26T00:25:58.415584822Z [2026-09-26 00:25:58,414] INFO Completed load of Log(dir=/tmp/kafka-logs/__consumer_offsets-45, topicId=ZGFhrgkeSDKE-O_FaP3hAA, topic=__consumer_offsets, partition=45, highWatermark=0, lastStableOffset=0, logStartOffset=0, logEndOffset=0) with 1 segments, local-log-start-offset 0 and log-end-offset 0 in 19ms (10/52 completed in /tmp/kafka-logs) (kafka.log.LogManager)
kafka1      | 2026-09-26T00:25:58.418232529Z [2026-09-26 00:25:58,417] INFO [LogLoader partition=__consumer_offsets-41, dir=/tmp/kafka-logs] Recovering unflushed segment 0. 0 recovered for __consumer_offsets-41. (org.apache.kafka.storage.internals.log.LogLoader)
kafka1      | 2026-09-26T00:25:58.419660512Z [2026-09-26 00:25:58,418] INFO [LogLoader partition=__consumer_offsets-41, dir=/tmp/kafka-logs] Loading producer state till offset 0 (org.apache.kafka.storage.internals.log.UnifiedLog)
kafka1      | 2026-09-26T00:25:58.419982166Z [2026-09-26 00:25:58,419] INFO [LogLoader partition=__consumer_offsets-41, dir=/tmp/kafka-logs] Reloading from producer snapshot and rebuilding producer state from offset 0 (org.apache.kafka.storage.internals.log.UnifiedLog)
kafka1      | 2026-09-26T00:25:58.421246861Z [2026-09-26 00:25:58,420] INFO [LogLoader partition=__consumer_offsets-41, dir=/tmp/kafka-logs] Producer state recovery took 0ms for snapshot load and 0ms for segment recovery from offset 0 (org.apache.kafka.storage.internals.log.UnifiedLog)
kafka1      | 2026-09-26T00:25:58.423157738Z [2026-09-26 00:25:58,422] INFO [LogLoader partition=__consumer_offsets-0, dir=/tmp/kafka-logs] Recovering unflushed segment 0. 0 recovered for __consumer_offsets-0. (org.apache.kafka.storage.internals.log.LogLoader)
kafka1      | 2026-09-26T00:25:58.425088049Z [2026-09-26 00:25:58,424] INFO [LogLoader partition=__consumer_offsets-0, dir=/tmp/kafka-logs] Loading producer state till offset 0 (org.apache.kafka.storage.internals.log.UnifiedLog)
kafka1      | 2026-09-26T00:25:58.425909193Z [2026-09-26 00:25:58,425] INFO [LogLoader partition=__consumer_offsets-0, dir=/tmp/kafka-logs] Reloading from producer snapshot and rebuilding producer state from offset 0 (org.apache.kafka.storage.internals.log.UnifiedLog)
kafka1      | 2026-09-26T00:25:58.426502337Z [2026-09-26 00:25:58,425] INFO [LogLoader partition=__consumer_offsets-0, dir=/tmp/kafka-logs] Producer state recovery took 0ms for snapshot load and 0ms for segment recovery from offset 0 (org.apache.kafka.storage.internals.log.UnifiedLog)
kafka1      | 2026-09-26T00:25:58.426544411Z [2026-09-26 00:25:58,425] INFO [LogLoader partition=__consumer_offsets-41, dir=/tmp/kafka-logs] Loading producer state till offset 0 (org.apache.kafka.storage.internals.log.UnifiedLog)
kafka1      | 2026-09-26T00:25:58.427310500Z [2026-09-26 00:25:58,426] INFO [LogLoader partition=__consumer_offsets-41, dir=/tmp/kafka-logs] Reloading from producer snapshot and rebuilding producer state from offset 0 (org.apache.kafka.storage.internals.log.UnifiedLog)
kafka1      | 2026-09-26T00:25:58.428612685Z [2026-09-26 00:25:58,427] INFO [LogLoader partition=__consumer_offsets-41, dir=/tmp/kafka-logs] Producer state recovery took 0ms for snapshot load and 0ms for segment recovery from offset 0 (org.apache.kafka.storage.internals.log.UnifiedLog)
kafka1      | 2026-09-26T00:25:58.433378660Z [2026-09-26 00:25:58,432] INFO Completed load of Log(dir=/tmp/kafka-logs/__consumer_offsets-41, topicId=ZGFhrgkeSDKE-O_FaP3hAA, topic=__consumer_offsets, partition=41, highWatermark=0, lastStableOffset=0, logStartOffset=0, logEndOffset=0) with 1 segments, local-log-start-offset 0 and log-end-offset 0 in 20ms (11/52 completed in /tmp/kafka-logs) (kafka.log.LogManager)
kafka1      | 2026-09-26T00:25:58.441058039Z [2026-09-26 00:25:58,440] INFO [LogLoader partition=__consumer_offsets-43, dir=/tmp/kafka-logs] Recovering unflushed segment 0. 0 recovered for __consumer_offsets-43. (org.apache.kafka.storage.internals.log.LogLoader)
kafka1      | 2026-09-26T00:25:58.441158812Z [2026-09-26 00:25:58,440] INFO [ProducerStateManager partition=__consumer_offsets-0] Wrote producer snapshot at offset 60 with 0 producer ids in 8 ms. (org.apache.kafka.storage.internals.log.ProducerStateManager)
kafka1      | 2026-09-26T00:25:58.443047913Z [2026-09-26 00:25:58,442] INFO [LogLoader partition=__consumer_offsets-43, dir=/tmp/kafka-logs] Loading producer state till offset 0 (org.apache.kafka.storage.internals.log.UnifiedLog)
kafka1      | 2026-09-26T00:25:58.443456638Z [2026-09-26 00:25:58,442] INFO [LogLoader partition=__consumer_offsets-43, dir=/tmp/kafka-logs] Reloading from producer snapshot and rebuilding producer state from offset 0 (org.apache.kafka.storage.internals.log.UnifiedLog)
kafka1      | 2026-09-26T00:25:58.445560959Z [2026-09-26 00:25:58,443] INFO [LogLoader partition=__consumer_offsets-43, dir=/tmp/kafka-logs] Producer state recovery took 0ms for snapshot load and 0ms for segment recovery from offset 0 (org.apache.kafka.storage.internals.log.UnifiedLog)
kafka1      | 2026-09-26T00:25:58.446347900Z [2026-09-26 00:25:58,444] INFO [LogLoader partition=__consumer_offsets-0, dir=/tmp/kafka-logs] Loading producer state till offset 60 (org.apache.kafka.storage.internals.log.UnifiedLog)
kafka1      | 2026-09-26T00:25:58.446375215Z [2026-09-26 00:25:58,445] INFO [LogLoader partition=__consumer_offsets-0, dir=/tmp/kafka-logs] Reloading from producer snapshot and rebuilding producer state from offset 60 (org.apache.kafka.storage.internals.log.UnifiedLog)
kafka1      | 2026-09-26T00:25:58.447476603Z [2026-09-26 00:25:58,446] INFO [ProducerStateManager partition=__consumer_offsets-0] Loading producer state from snapshot file 'SnapshotFile(offset=60, file=/tmp/kafka-logs/__consumer_offsets-0/00000000000000000060.snapshot)' (org.apache.kafka.storage.internals.log.ProducerStateManager)
kafka1      | 2026-09-26T00:25:58.448724934Z [2026-09-26 00:25:58,447] INFO [LogLoader partition=__consumer_offsets-0, dir=/tmp/kafka-logs] Producer state recovery took 1ms for snapshot load and 0ms for segment recovery from offset 60 (org.apache.kafka.storage.internals.log.UnifiedLog)
kafka1      | 2026-09-26T00:25:58.450622973Z [2026-09-26 00:25:58,449] INFO [LogLoader partition=__consumer_offsets-43, dir=/tmp/kafka-logs] Loading producer state till offset 0 (org.apache.kafka.storage.internals.log.UnifiedLog)
kafka1      | 2026-09-26T00:25:58.450791409Z [2026-09-26 00:25:58,450] INFO [LogLoader partition=__consumer_offsets-43, dir=/tmp/kafka-logs] Reloading from producer snapshot and rebuilding producer state from offset 0 (org.apache.kafka.storage.internals.log.UnifiedLog)
kafka1      | 2026-09-26T00:25:58.452732487Z [2026-09-26 00:25:58,451] INFO [LogLoader partition=__consumer_offsets-43, dir=/tmp/kafka-logs] Producer state recovery took 0ms for snapshot load and 1ms for segment recovery from offset 0 (org.apache.kafka.storage.internals.log.UnifiedLog)
kafka1      | 2026-09-26T00:25:58.454696731Z [2026-09-26 00:25:58,453] INFO Completed load of Log(dir=/tmp/kafka-logs/__consumer_offsets-0, topicId=ZGFhrgkeSDKE-O_FaP3hAA, topic=__consumer_offsets, partition=0, highWatermark=0, lastStableOffset=0, logStartOffset=0, logEndOffset=60) with 1 segments, local-log-start-offset 0 and log-end-offset 60 in 38ms (12/52 completed in /tmp/kafka-logs) (kafka.log.LogManager)
kafka1      | 2026-09-26T00:25:58.458418123Z [2026-09-26 00:25:58,457] INFO Completed load of Log(dir=/tmp/kafka-logs/__consumer_offsets-43, topicId=ZGFhrgkeSDKE-O_FaP3hAA, topic=__consumer_offsets, partition=43, highWatermark=0, lastStableOffset=0, logStartOffset=0, logEndOffset=0) with 1 segments, local-log-start-offset 0 and log-end-offset 0 in 24ms (13/52 completed in /tmp/kafka-logs) (kafka.log.LogManager)
kafka1      | 2026-09-26T00:25:58.462443053Z [2026-09-26 00:25:58,461] INFO [LogLoader partition=__consumer_offsets-28, dir=/tmp/kafka-logs] Recovering unflushed segment 0. 0 recovered for __consumer_offsets-28. (org.apache.kafka.storage.internals.log.LogLoader)
kafka1      | 2026-09-26T00:25:58.463968181Z [2026-09-26 00:25:58,463] INFO [LogLoader partition=__consumer_offsets-28, dir=/tmp/kafka-logs] Loading producer state till offset 0 (org.apache.kafka.storage.internals.log.UnifiedLog)
kafka1      | 2026-09-26T00:25:58.464009644Z [2026-09-26 00:25:58,463] INFO [LogLoader partition=__consumer_offsets-28, dir=/tmp/kafka-logs] Reloading from producer snapshot and rebuilding producer state from offset 0 (org.apache.kafka.storage.internals.log.UnifiedLog)
kafka1      | 2026-09-26T00:25:58.464195511Z [2026-09-26 00:25:58,463] INFO [LogLoader partition=__consumer_offsets-27, dir=/tmp/kafka-logs] Recovering unflushed segment 0. 0 recovered for __consumer_offsets-27. (org.apache.kafka.storage.internals.log.LogLoader)
kafka1      | 2026-09-26T00:25:58.464688200Z [2026-09-26 00:25:58,464] INFO [LogLoader partition=__consumer_offsets-28, dir=/tmp/kafka-logs] Producer state recovery took 1ms for snapshot load and 0ms for segment recovery from offset 0 (org.apache.kafka.storage.internals.log.UnifiedLog)
kafka1      | 2026-09-26T00:25:58.466465956Z [2026-09-26 00:25:58,465] INFO [LogLoader partition=__consumer_offsets-27, dir=/tmp/kafka-logs] Loading producer state till offset 0 (org.apache.kafka.storage.internals.log.UnifiedLog)
kafka1      | 2026-09-26T00:25:58.467130461Z [2026-09-26 00:25:58,466] INFO [LogLoader partition=__consumer_offsets-27, dir=/tmp/kafka-logs] Reloading from producer snapshot and rebuilding producer state from offset 0 (org.apache.kafka.storage.internals.log.UnifiedLog)
kafka1      | 2026-09-26T00:25:58.467631895Z [2026-09-26 00:25:58,467] INFO [LogLoader partition=__consumer_offsets-27, dir=/tmp/kafka-logs] Producer state recovery took 0ms for snapshot load and 0ms for segment recovery from offset 0 (org.apache.kafka.storage.internals.log.UnifiedLog)
kafka1      | 2026-09-26T00:25:58.471660695Z [2026-09-26 00:25:58,470] INFO [LogLoader partition=__consumer_offsets-28, dir=/tmp/kafka-logs] Loading producer state till offset 0 (org.apache.kafka.storage.internals.log.UnifiedLog)
kafka1      | 2026-09-26T00:25:58.472216134Z [2026-09-26 00:25:58,471] INFO [LogLoader partition=__consumer_offsets-28, dir=/tmp/kafka-logs] Reloading from producer snapshot and rebuilding producer state from offset 0 (org.apache.kafka.storage.internals.log.UnifiedLog)
kafka1      | 2026-09-26T00:25:58.472837936Z [2026-09-26 00:25:58,472] INFO [LogLoader partition=__consumer_offsets-28, dir=/tmp/kafka-logs] Producer state recovery took 0ms for snapshot load and 1ms for segment recovery from offset 0 (org.apache.kafka.storage.internals.log.UnifiedLog)
kafka1      | 2026-09-26T00:25:58.474384397Z [2026-09-26 00:25:58,473] INFO [LogLoader partition=__consumer_offsets-27, dir=/tmp/kafka-logs] Loading producer state till offset 0 (org.apache.kafka.storage.internals.log.UnifiedLog)
kafka1      | 2026-09-26T00:25:58.475275672Z [2026-09-26 00:25:58,474] INFO [LogLoader partition=__consumer_offsets-27, dir=/tmp/kafka-logs] Reloading from producer snapshot and rebuilding producer state from offset 0 (org.apache.kafka.storage.internals.log.UnifiedLog)
kafka1      | 2026-09-26T00:25:58.475369421Z [2026-09-26 00:25:58,474] INFO [LogLoader partition=__consumer_offsets-27, dir=/tmp/kafka-logs] Producer state recovery took 0ms for snapshot load and 0ms for segment recovery from offset 0 (org.apache.kafka.storage.internals.log.UnifiedLog)
kafka1      | 2026-09-26T00:25:58.479509237Z [2026-09-26 00:25:58,478] INFO Completed load of Log(dir=/tmp/kafka-logs/__consumer_offsets-28, topicId=ZGFhrgkeSDKE-O_FaP3hAA, topic=__consumer_offsets, partition=28, highWatermark=0, lastStableOffset=0, logStartOffset=0, logEndOffset=0) with 1 segments, local-log-start-offset 0 and log-end-offset 0 in 24ms (14/52 completed in /tmp/kafka-logs) (kafka.log.LogManager)
kafka1      | 2026-09-26T00:25:58.480776777Z [2026-09-26 00:25:58,480] INFO Completed load of Log(dir=/tmp/kafka-logs/__consumer_offsets-27, topicId=ZGFhrgkeSDKE-O_FaP3hAA, topic=__consumer_offsets, partition=27, highWatermark=0, lastStableOffset=0, logStartOffset=0, logEndOffset=0) with 1 segments, local-log-start-offset 0 and log-end-offset 0 in 21ms (15/52 completed in /tmp/kafka-logs) (kafka.log.LogManager)
kafka1      | 2026-09-26T00:25:58.489363036Z [2026-09-26 00:25:58,488] INFO [LogLoader partition=__consumer_offsets-13, dir=/tmp/kafka-logs] Recovering unflushed segment 0. 0 recovered for __consumer_offsets-13. (org.apache.kafka.storage.internals.log.LogLoader)
kafka1      | 2026-09-26T00:25:58.489442306Z [2026-09-26 00:25:58,488] INFO [LogLoader partition=__consumer_offsets-9, dir=/tmp/kafka-logs] Recovering unflushed segment 0. 0 recovered for __consumer_offsets-9. (org.apache.kafka.storage.internals.log.LogLoader)
kafka1      | 2026-09-26T00:25:58.491767739Z [2026-09-26 00:25:58,490] INFO [LogLoader partition=__consumer_offsets-13, dir=/tmp/kafka-logs] Loading producer state till offset 0 (org.apache.kafka.storage.internals.log.UnifiedLog)
kafka1      | 2026-09-26T00:25:58.491811527Z [2026-09-26 00:25:58,490] INFO [LogLoader partition=__consumer_offsets-9, dir=/tmp/kafka-logs] Loading producer state till offset 0 (org.apache.kafka.storage.internals.log.UnifiedLog)
kafka1      | 2026-09-26T00:25:58.492185377Z [2026-09-26 00:25:58,491] INFO [LogLoader partition=__consumer_offsets-13, dir=/tmp/kafka-logs] Reloading from producer snapshot and rebuilding producer state from offset 0 (org.apache.kafka.storage.internals.log.UnifiedLog)
kafka1      | 2026-09-26T00:25:58.492216599Z [2026-09-26 00:25:58,491] INFO [LogLoader partition=__consumer_offsets-9, dir=/tmp/kafka-logs] Reloading from producer snapshot and rebuilding producer state from offset 0 (org.apache.kafka.storage.internals.log.UnifiedLog)
kafka1      | 2026-09-26T00:25:58.492500771Z [2026-09-26 00:25:58,492] INFO [LogLoader partition=__consumer_offsets-13, dir=/tmp/kafka-logs] Producer state recovery took 0ms for snapshot load and 0ms for segment recovery from offset 0 (org.apache.kafka.storage.internals.log.UnifiedLog)
kafka1      | 2026-09-26T00:25:58.492524108Z [2026-09-26 00:25:58,492] INFO [LogLoader partition=__consumer_offsets-9, dir=/tmp/kafka-logs] Producer state recovery took 0ms for snapshot load and 0ms for segment recovery from offset 0 (org.apache.kafka.storage.internals.log.UnifiedLog)
kafka1      | 2026-09-26T00:25:58.497985258Z [2026-09-26 00:25:58,497] INFO [LogLoader partition=__consumer_offsets-9, dir=/tmp/kafka-logs] Loading producer state till offset 0 (org.apache.kafka.storage.internals.log.UnifiedLog)
kafka1      | 2026-09-26T00:25:58.498069968Z [2026-09-26 00:25:58,497] INFO [LogLoader partition=__consumer_offsets-13, dir=/tmp/kafka-logs] Loading producer state till offset 0 (org.apache.kafka.storage.internals.log.UnifiedLog)
kafka1      | 2026-09-26T00:25:58.498890579Z [2026-09-26 00:25:58,498] INFO [LogLoader partition=__consumer_offsets-9, dir=/tmp/kafka-logs] Reloading from producer snapshot and rebuilding producer state from offset 0 (org.apache.kafka.storage.internals.log.UnifiedLog)
kafka1      | 2026-09-26T00:25:58.498927263Z [2026-09-26 00:25:58,498] INFO [LogLoader partition=__consumer_offsets-13, dir=/tmp/kafka-logs] Reloading from producer snapshot and rebuilding producer state from offset 0 (org.apache.kafka.storage.internals.log.UnifiedLog)
kafka1      | 2026-09-26T00:25:58.499574204Z [2026-09-26 00:25:58,498] INFO [LogLoader partition=__consumer_offsets-13, dir=/tmp/kafka-logs] Producer state recovery took 0ms for snapshot load and 0ms for segment recovery from offset 0 (org.apache.kafka.storage.internals.log.UnifiedLog)
kafka1      | 2026-09-26T00:25:58.499603663Z [2026-09-26 00:25:58,498] INFO [LogLoader partition=__consumer_offsets-9, dir=/tmp/kafka-logs] Producer state recovery took 0ms for snapshot load and 0ms for segment recovery from offset 0 (org.apache.kafka.storage.internals.log.UnifiedLog)
kafka1      | 2026-09-26T00:25:58.503698812Z [2026-09-26 00:25:58,502] INFO Completed load of Log(dir=/tmp/kafka-logs/__consumer_offsets-13, topicId=ZGFhrgkeSDKE-O_FaP3hAA, topic=__consumer_offsets, partition=13, highWatermark=0, lastStableOffset=0, logStartOffset=0, logEndOffset=0) with 1 segments, local-log-start-offset 0 and log-end-offset 0 in 23ms (16/52 completed in /tmp/kafka-logs) (kafka.log.LogManager)
kafka1      | 2026-09-26T00:25:58.503794915Z [2026-09-26 00:25:58,502] INFO Completed load of Log(dir=/tmp/kafka-logs/__consumer_offsets-9, topicId=ZGFhrgkeSDKE-O_FaP3hAA, topic=__consumer_offsets, partition=9, highWatermark=0, lastStableOffset=0, logStartOffset=0, logEndOffset=0) with 1 segments, local-log-start-offset 0 and log-end-offset 0 in 22ms (17/52 completed in /tmp/kafka-logs) (kafka.log.LogManager)
kafka1      | 2026-09-26T00:25:58.510071621Z [2026-09-26 00:25:58,509] INFO [LogLoader partition=__consumer_offsets-21, dir=/tmp/kafka-logs] Recovering unflushed segment 0. 0 recovered for __consumer_offsets-21. (org.apache.kafka.storage.internals.log.LogLoader)
kafka1      | 2026-09-26T00:25:58.510207213Z [2026-09-26 00:25:58,509] INFO [LogLoader partition=__consumer_offsets-23, dir=/tmp/kafka-logs] Recovering unflushed segment 0. 0 recovered for __consumer_offsets-23. (org.apache.kafka.storage.internals.log.LogLoader)
kafka1      | 2026-09-26T00:25:58.511697063Z [2026-09-26 00:25:58,510] INFO [LogLoader partition=__consumer_offsets-23, dir=/tmp/kafka-logs] Loading producer state till offset 0 (org.apache.kafka.storage.internals.log.UnifiedLog)
kafka1      | 2026-09-26T00:25:58.511731483Z [2026-09-26 00:25:58,510] INFO [LogLoader partition=__consumer_offsets-21, dir=/tmp/kafka-logs] Loading producer state till offset 0 (org.apache.kafka.storage.internals.log.UnifiedLog)
kafka1      | 2026-09-26T00:25:58.511958316Z [2026-09-26 00:25:58,511] INFO [LogLoader partition=__consumer_offsets-23, dir=/tmp/kafka-logs] Reloading from producer snapshot and rebuilding producer state from offset 0 (org.apache.kafka.storage.internals.log.UnifiedLog)
kafka1      | 2026-09-26T00:25:58.511981213Z [2026-09-26 00:25:58,511] INFO [LogLoader partition=__consumer_offsets-21, dir=/tmp/kafka-logs] Reloading from producer snapshot and rebuilding producer state from offset 0 (org.apache.kafka.storage.internals.log.UnifiedLog)
kafka1      | 2026-09-26T00:25:58.512420198Z [2026-09-26 00:25:58,511] INFO [LogLoader partition=__consumer_offsets-23, dir=/tmp/kafka-logs] Producer state recovery took 0ms for snapshot load and 0ms for segment recovery from offset 0 (org.apache.kafka.storage.internals.log.UnifiedLog)
kafka1      | 2026-09-26T00:25:58.512480369Z [2026-09-26 00:25:58,512] INFO [LogLoader partition=__consumer_offsets-21, dir=/tmp/kafka-logs] Producer state recovery took 0ms for snapshot load and 0ms for segment recovery from offset 0 (org.apache.kafka.storage.internals.log.UnifiedLog)
kafka1      | 2026-09-26T00:25:58.517410282Z [2026-09-26 00:25:58,516] INFO [LogLoader partition=__consumer_offsets-21, dir=/tmp/kafka-logs] Loading producer state till offset 0 (org.apache.kafka.storage.internals.log.UnifiedLog)
kafka1      | 2026-09-26T00:25:58.517468720Z [2026-09-26 00:25:58,516] INFO [LogLoader partition=__consumer_offsets-23, dir=/tmp/kafka-logs] Loading producer state till offset 0 (org.apache.kafka.storage.internals.log.UnifiedLog)
kafka1      | 2026-09-26T00:25:58.518454846Z [2026-09-26 00:25:58,517] INFO [LogLoader partition=__consumer_offsets-23, dir=/tmp/kafka-logs] Reloading from producer snapshot and rebuilding producer state from offset 0 (org.apache.kafka.storage.internals.log.UnifiedLog)
kafka1      | 2026-09-26T00:25:58.518504827Z [2026-09-26 00:25:58,517] INFO [LogLoader partition=__consumer_offsets-21, dir=/tmp/kafka-logs] Reloading from producer snapshot and rebuilding producer state from offset 0 (org.apache.kafka.storage.internals.log.UnifiedLog)
kafka1      | 2026-09-26T00:25:58.519137933Z [2026-09-26 00:25:58,518] INFO [LogLoader partition=__consumer_offsets-21, dir=/tmp/kafka-logs] Producer state recovery took 0ms for snapshot load and 0ms for segment recovery from offset 0 (org.apache.kafka.storage.internals.log.UnifiedLog)
kafka1      | 2026-09-26T00:25:58.519169607Z [2026-09-26 00:25:58,518] INFO [LogLoader partition=__consumer_offsets-23, dir=/tmp/kafka-logs] Producer state recovery took 0ms for snapshot load and 0ms for segment recovery from offset 0 (org.apache.kafka.storage.internals.log.UnifiedLog)
kafka1      | 2026-09-26T00:25:58.523156417Z [2026-09-26 00:25:58,522] INFO Completed load of Log(dir=/tmp/kafka-logs/__consumer_offsets-23, topicId=ZGFhrgkeSDKE-O_FaP3hAA, topic=__consumer_offsets, partition=23, highWatermark=0, lastStableOffset=0, logStartOffset=0, logEndOffset=0) with 1 segments, local-log-start-offset 0 and log-end-offset 0 in 18ms (18/52 completed in /tmp/kafka-logs) (kafka.log.LogManager)
kafka1      | 2026-09-26T00:25:58.523227160Z [2026-09-26 00:25:58,522] INFO Completed load of Log(dir=/tmp/kafka-logs/__consumer_offsets-21, topicId=ZGFhrgkeSDKE-O_FaP3hAA, topic=__consumer_offsets, partition=21, highWatermark=0, lastStableOffset=0, logStartOffset=0, logEndOffset=0) with 1 segments, local-log-start-offset 0 and log-end-offset 0 in 18ms (19/52 completed in /tmp/kafka-logs) (kafka.log.LogManager)
kafka1      | 2026-09-26T00:25:58.528768253Z [2026-09-26 00:25:58,527] INFO [LogLoader partition=__consumer_offsets-24, dir=/tmp/kafka-logs] Recovering unflushed segment 0. 0 recovered for __consumer_offsets-24. (org.apache.kafka.storage.internals.log.LogLoader)
kafka1      | 2026-09-26T00:25:58.528841269Z [2026-09-26 00:25:58,527] INFO [LogLoader partition=__consumer_offsets-20, dir=/tmp/kafka-logs] Recovering unflushed segment 0. 0 recovered for __consumer_offsets-20. (org.apache.kafka.storage.internals.log.LogLoader)
kafka1      | 2026-09-26T00:25:58.530731527Z [2026-09-26 00:25:58,529] INFO [LogLoader partition=__consumer_offsets-24, dir=/tmp/kafka-logs] Loading producer state till offset 0 (org.apache.kafka.storage.internals.log.UnifiedLog)
kafka1      | 2026-09-26T00:25:58.530782259Z [2026-09-26 00:25:58,529] INFO [LogLoader partition=__consumer_offsets-20, dir=/tmp/kafka-logs] Loading producer state till offset 0 (org.apache.kafka.storage.internals.log.UnifiedLog)
kafka1      | 2026-09-26T00:25:58.531465201Z [2026-09-26 00:25:58,530] INFO [LogLoader partition=__consumer_offsets-24, dir=/tmp/kafka-logs] Reloading from producer snapshot and rebuilding producer state from offset 0 (org.apache.kafka.storage.internals.log.UnifiedLog)
kafka1      | 2026-09-26T00:25:58.531551484Z [2026-09-26 00:25:58,530] INFO [LogLoader partition=__consumer_offsets-20, dir=/tmp/kafka-logs] Reloading from producer snapshot and rebuilding producer state from offset 0 (org.apache.kafka.storage.internals.log.UnifiedLog)
kafka1      | 2026-09-26T00:25:58.531921258Z [2026-09-26 00:25:58,531] INFO [LogLoader partition=__consumer_offsets-24, dir=/tmp/kafka-logs] Producer state recovery took 0ms for snapshot load and 0ms for segment recovery from offset 0 (org.apache.kafka.storage.internals.log.UnifiedLog)
kafka1      | 2026-09-26T00:25:58.531951449Z [2026-09-26 00:25:58,531] INFO [LogLoader partition=__consumer_offsets-20, dir=/tmp/kafka-logs] Producer state recovery took 0ms for snapshot load and 0ms for segment recovery from offset 0 (org.apache.kafka.storage.internals.log.UnifiedLog)
kafka1      | 2026-09-26T00:25:58.537285478Z [2026-09-26 00:25:58,536] INFO [LogLoader partition=__consumer_offsets-20, dir=/tmp/kafka-logs] Loading producer state till offset 0 (org.apache.kafka.storage.internals.log.UnifiedLog)
kafka1      | 2026-09-26T00:25:58.537851110Z [2026-09-26 00:25:58,537] INFO [LogLoader partition=__consumer_offsets-20, dir=/tmp/kafka-logs] Reloading from producer snapshot and rebuilding producer state from offset 0 (org.apache.kafka.storage.internals.log.UnifiedLog)
kafka1      | 2026-09-26T00:25:58.539128581Z [2026-09-26 00:25:58,538] INFO [LogLoader partition=__consumer_offsets-20, dir=/tmp/kafka-logs] Producer state recovery took 1ms for snapshot load and 0ms for segment recovery from offset 0 (org.apache.kafka.storage.internals.log.UnifiedLog)
kafka1      | 2026-09-26T00:25:58.540405299Z [2026-09-26 00:25:58,539] INFO [LogLoader partition=__consumer_offsets-24, dir=/tmp/kafka-logs] Loading producer state till offset 0 (org.apache.kafka.storage.internals.log.UnifiedLog)
kafka1      | 2026-09-26T00:25:58.541433388Z [2026-09-26 00:25:58,540] INFO [LogLoader partition=__consumer_offsets-24, dir=/tmp/kafka-logs] Reloading from producer snapshot and rebuilding producer state from offset 0 (org.apache.kafka.storage.internals.log.UnifiedLog)
kafka1      | 2026-09-26T00:25:58.542831650Z [2026-09-26 00:25:58,542] INFO [LogLoader partition=__consumer_offsets-24, dir=/tmp/kafka-logs] Producer state recovery took 0ms for snapshot load and 0ms for segment recovery from offset 0 (org.apache.kafka.storage.internals.log.UnifiedLog)
kafka1      | 2026-09-26T00:25:58.543470716Z [2026-09-26 00:25:58,542] INFO Completed load of Log(dir=/tmp/kafka-logs/__consumer_offsets-20, topicId=ZGFhrgkeSDKE-O_FaP3hAA, topic=__consumer_offsets, partition=20, highWatermark=0, lastStableOffset=0, logStartOffset=0, logEndOffset=0) with 1 segments, local-log-start-offset 0 and log-end-offset 0 in 19ms (20/52 completed in /tmp/kafka-logs) (kafka.log.LogManager)
kafka1      | 2026-09-26T00:25:58.548434723Z [2026-09-26 00:25:58,547] INFO Completed load of Log(dir=/tmp/kafka-logs/__consumer_offsets-24, topicId=ZGFhrgkeSDKE-O_FaP3hAA, topic=__consumer_offsets, partition=24, highWatermark=0, lastStableOffset=0, logStartOffset=0, logEndOffset=0) with 1 segments, local-log-start-offset 0 and log-end-offset 0 in 23ms (21/52 completed in /tmp/kafka-logs) (kafka.log.LogManager)
kafka1      | 2026-09-26T00:25:58.551559991Z [2026-09-26 00:25:58,550] INFO [LogLoader partition=__consumer_offsets-19, dir=/tmp/kafka-logs] Recovering unflushed segment 0. 0 recovered for __consumer_offsets-19. (org.apache.kafka.storage.internals.log.LogLoader)
kafka1      | 2026-09-26T00:25:58.553252230Z [2026-09-26 00:25:58,552] INFO [LogLoader partition=__consumer_offsets-19, dir=/tmp/kafka-logs] Loading producer state till offset 0 (org.apache.kafka.storage.internals.log.UnifiedLog)
kafka1      | 2026-09-26T00:25:58.553433274Z [2026-09-26 00:25:58,553] INFO [LogLoader partition=__consumer_offsets-19, dir=/tmp/kafka-logs] Reloading from producer snapshot and rebuilding producer state from offset 0 (org.apache.kafka.storage.internals.log.UnifiedLog)
kafka1      | 2026-09-26T00:25:58.554898093Z [2026-09-26 00:25:58,554] INFO [LogLoader partition=__consumer_offsets-19, dir=/tmp/kafka-logs] Producer state recovery took 0ms for snapshot load and 0ms for segment recovery from offset 0 (org.apache.kafka.storage.internals.log.UnifiedLog)
kafka1      | 2026-09-26T00:25:58.556913165Z [2026-09-26 00:25:58,556] INFO [LogLoader partition=__consumer_offsets-39, dir=/tmp/kafka-logs] Recovering unflushed segment 0. 0 recovered for __consumer_offsets-39. (org.apache.kafka.storage.internals.log.LogLoader)
kafka1      | 2026-09-26T00:25:58.558536471Z [2026-09-26 00:25:58,557] INFO [LogLoader partition=__consumer_offsets-39, dir=/tmp/kafka-logs] Loading producer state till offset 0 (org.apache.kafka.storage.internals.log.UnifiedLog)
kafka1      | 2026-09-26T00:25:58.558577333Z [2026-09-26 00:25:58,558] INFO [LogLoader partition=__consumer_offsets-39, dir=/tmp/kafka-logs] Reloading from producer snapshot and rebuilding producer state from offset 0 (org.apache.kafka.storage.internals.log.UnifiedLog)
kafka1      | 2026-09-26T00:25:58.558888790Z [2026-09-26 00:25:58,558] INFO [LogLoader partition=__consumer_offsets-39, dir=/tmp/kafka-logs] Producer state recovery took 0ms for snapshot load and 0ms for segment recovery from offset 0 (org.apache.kafka.storage.internals.log.UnifiedLog)
kafka1      | 2026-09-26T00:25:58.558914692Z [2026-09-26 00:25:58,558] INFO [LogLoader partition=__consumer_offsets-19, dir=/tmp/kafka-logs] Loading producer state till offset 0 (org.apache.kafka.storage.internals.log.UnifiedLog)
kafka1      | 2026-09-26T00:25:58.559295833Z [2026-09-26 00:25:58,558] INFO [LogLoader partition=__consumer_offsets-19, dir=/tmp/kafka-logs] Reloading from producer snapshot and rebuilding producer state from offset 0 (org.apache.kafka.storage.internals.log.UnifiedLog)
kafka1      | 2026-09-26T00:25:58.559849623Z [2026-09-26 00:25:58,559] INFO [LogLoader partition=__consumer_offsets-19, dir=/tmp/kafka-logs] Producer state recovery took 0ms for snapshot load and 0ms for segment recovery from offset 0 (org.apache.kafka.storage.internals.log.UnifiedLog)
kafka1      | 2026-09-26T00:25:58.563859149Z [2026-09-26 00:25:58,562] INFO Completed load of Log(dir=/tmp/kafka-logs/__consumer_offsets-19, topicId=ZGFhrgkeSDKE-O_FaP3hAA, topic=__consumer_offsets, partition=19, highWatermark=0, lastStableOffset=0, logStartOffset=0, logEndOffset=0) with 1 segments, local-log-start-offset 0 and log-end-offset 0 in 19ms (22/52 completed in /tmp/kafka-logs) (kafka.log.LogManager)
kafka1      | 2026-09-26T00:25:58.565399037Z [2026-09-26 00:25:58,564] INFO [LogLoader partition=__consumer_offsets-39, dir=/tmp/kafka-logs] Loading producer state till offset 0 (org.apache.kafka.storage.internals.log.UnifiedLog)
kafka1      | 2026-09-26T00:25:58.566081943Z [2026-09-26 00:25:58,565] INFO [LogLoader partition=__consumer_offsets-39, dir=/tmp/kafka-logs] Reloading from producer snapshot and rebuilding producer state from offset 0 (org.apache.kafka.storage.internals.log.UnifiedLog)
kafka1      | 2026-09-26T00:25:58.566465054Z [2026-09-26 00:25:58,565] INFO [LogLoader partition=__consumer_offsets-39, dir=/tmp/kafka-logs] Producer state recovery took 0ms for snapshot load and 0ms for segment recovery from offset 0 (org.apache.kafka.storage.internals.log.UnifiedLog)
kafka1      | 2026-09-26T00:25:58.570871940Z [2026-09-26 00:25:58,569] INFO Completed load of Log(dir=/tmp/kafka-logs/__consumer_offsets-39, topicId=ZGFhrgkeSDKE-O_FaP3hAA, topic=__consumer_offsets, partition=39, highWatermark=0, lastStableOffset=0, logStartOffset=0, logEndOffset=0) with 1 segments, local-log-start-offset 0 and log-end-offset 0 in 21ms (23/52 completed in /tmp/kafka-logs) (kafka.log.LogManager)
kafka1      | 2026-09-26T00:25:58.572255656Z [2026-09-26 00:25:58,571] INFO [LogLoader partition=__consumer_offsets-4, dir=/tmp/kafka-logs] Recovering unflushed segment 0. 0 recovered for __consumer_offsets-4. (org.apache.kafka.storage.internals.log.LogLoader)
kafka1      | 2026-09-26T00:25:58.574066118Z [2026-09-26 00:25:58,573] INFO [LogLoader partition=__consumer_offsets-4, dir=/tmp/kafka-logs] Loading producer state till offset 0 (org.apache.kafka.storage.internals.log.UnifiedLog)
kafka1      | 2026-09-26T00:25:58.574259716Z [2026-09-26 00:25:58,573] INFO [LogLoader partition=__consumer_offsets-4, dir=/tmp/kafka-logs] Reloading from producer snapshot and rebuilding producer state from offset 0 (org.apache.kafka.storage.internals.log.UnifiedLog)
kafka1      | 2026-09-26T00:25:58.575026781Z [2026-09-26 00:25:58,574] INFO [LogLoader partition=__consumer_offsets-4, dir=/tmp/kafka-logs] Producer state recovery took 0ms for snapshot load and 0ms for segment recovery from offset 0 (org.apache.kafka.storage.internals.log.UnifiedLog)
kafka1      | 2026-09-26T00:25:58.582604076Z [2026-09-26 00:25:58,581] INFO [LogLoader partition=__consumer_offsets-4, dir=/tmp/kafka-logs] Loading producer state till offset 0 (org.apache.kafka.storage.internals.log.UnifiedLog)
kafka1      | 2026-09-26T00:25:58.584235686Z [2026-09-26 00:25:58,582] INFO [LogLoader partition=__consumer_offsets-4, dir=/tmp/kafka-logs] Reloading from producer snapshot and rebuilding producer state from offset 0 (org.apache.kafka.storage.internals.log.UnifiedLog)
kafka1      | 2026-09-26T00:25:58.584297310Z [2026-09-26 00:25:58,582] INFO [LogLoader partition=dados-sensores-0, dir=/tmp/kafka-logs] Recovering unflushed segment 0. 0 recovered for dados-sensores-0. (org.apache.kafka.storage.internals.log.LogLoader)
kafka1      | 2026-09-26T00:25:58.584304043Z [2026-09-26 00:25:58,582] INFO [LogLoader partition=__consumer_offsets-4, dir=/tmp/kafka-logs] Producer state recovery took 0ms for snapshot load and 0ms for segment recovery from offset 0 (org.apache.kafka.storage.internals.log.UnifiedLog)
kafka1      | 2026-09-26T00:25:58.585187110Z [2026-09-26 00:25:58,584] INFO [LogLoader partition=dados-sensores-0, dir=/tmp/kafka-logs] Loading producer state till offset 0 (org.apache.kafka.storage.internals.log.UnifiedLog)
kafka1      | 2026-09-26T00:25:58.586025388Z [2026-09-26 00:25:58,585] INFO [LogLoader partition=dados-sensores-0, dir=/tmp/kafka-logs] Reloading from producer snapshot and rebuilding producer state from offset 0 (org.apache.kafka.storage.internals.log.UnifiedLog)
kafka1      | 2026-09-26T00:25:58.586817572Z [2026-09-26 00:25:58,586] INFO [LogLoader partition=dados-sensores-0, dir=/tmp/kafka-logs] Producer state recovery took 0ms for snapshot load and 0ms for segment recovery from offset 0 (org.apache.kafka.storage.internals.log.UnifiedLog)
kafka1      | 2026-09-26T00:25:58.589004640Z [2026-09-26 00:25:58,588] INFO Completed load of Log(dir=/tmp/kafka-logs/__consumer_offsets-4, topicId=ZGFhrgkeSDKE-O_FaP3hAA, topic=__consumer_offsets, partition=4, highWatermark=0, lastStableOffset=0, logStartOffset=0, logEndOffset=0) with 1 segments, local-log-start-offset 0 and log-end-offset 0 in 24ms (24/52 completed in /tmp/kafka-logs) (kafka.log.LogManager)
kafka1      | 2026-09-26T00:25:58.598974317Z [2026-09-26 00:25:58,598] INFO [LogLoader partition=__consumer_offsets-22, dir=/tmp/kafka-logs] Recovering unflushed segment 0. 0 recovered for __consumer_offsets-22. (org.apache.kafka.storage.internals.log.LogLoader)
kafka1      | 2026-09-26T00:25:58.601373205Z [2026-09-26 00:25:58,600] INFO [LogLoader partition=__consumer_offsets-22, dir=/tmp/kafka-logs] Loading producer state till offset 0 (org.apache.kafka.storage.internals.log.UnifiedLog)
kafka1      | 2026-09-26T00:25:58.602058053Z [2026-09-26 00:25:58,601] INFO [LogLoader partition=__consumer_offsets-22, dir=/tmp/kafka-logs] Reloading from producer snapshot and rebuilding producer state from offset 0 (org.apache.kafka.storage.internals.log.UnifiedLog)
kafka1      | 2026-09-26T00:25:58.602836575Z [2026-09-26 00:25:58,601] INFO [LogLoader partition=__consumer_offsets-22, dir=/tmp/kafka-logs] Producer state recovery took 0ms for snapshot load and 0ms for segment recovery from offset 0 (org.apache.kafka.storage.internals.log.UnifiedLog)
kafka1      | 2026-09-26T00:25:58.606330051Z [2026-09-26 00:25:58,605] INFO [ProducerStateManager partition=dados-sensores-0] Wrote producer snapshot at offset 18 with 1 producer ids in 9 ms. (org.apache.kafka.storage.internals.log.ProducerStateManager)
kafka1      | 2026-09-26T00:25:58.613313761Z [2026-09-26 00:25:58,610] INFO [LogLoader partition=__consumer_offsets-22, dir=/tmp/kafka-logs] Loading producer state till offset 0 (org.apache.kafka.storage.internals.log.UnifiedLog)
kafka1      | 2026-09-26T00:25:58.613406057Z [2026-09-26 00:25:58,610] INFO [LogLoader partition=__consumer_offsets-22, dir=/tmp/kafka-logs] Reloading from producer snapshot and rebuilding producer state from offset 0 (org.apache.kafka.storage.internals.log.UnifiedLog)
kafka1      | 2026-09-26T00:25:58.613414043Z [2026-09-26 00:25:58,610] INFO [LogLoader partition=__consumer_offsets-22, dir=/tmp/kafka-logs] Producer state recovery took 0ms for snapshot load and 0ms for segment recovery from offset 0 (org.apache.kafka.storage.internals.log.UnifiedLog)
kafka1      | 2026-09-26T00:25:58.614365870Z [2026-09-26 00:25:58,613] INFO [LogLoader partition=dados-sensores-0, dir=/tmp/kafka-logs] Loading producer state till offset 18 (org.apache.kafka.storage.internals.log.UnifiedLog)
kafka1      | 2026-09-26T00:25:58.615975345Z [2026-09-26 00:25:58,615] INFO [LogLoader partition=dados-sensores-0, dir=/tmp/kafka-logs] Reloading from producer snapshot and rebuilding producer state from offset 18 (org.apache.kafka.storage.internals.log.UnifiedLog)
kafka1      | 2026-09-26T00:25:58.617698377Z [2026-09-26 00:25:58,616] INFO [ProducerStateManager partition=dados-sensores-0] Loading producer state from snapshot file 'SnapshotFile(offset=18, file=/tmp/kafka-logs/dados-sensores-0/00000000000000000018.snapshot)' (org.apache.kafka.storage.internals.log.ProducerStateManager)
kafka1      | 2026-09-26T00:25:58.620063948Z [2026-09-26 00:25:58,619] INFO Completed load of Log(dir=/tmp/kafka-logs/__consumer_offsets-22, topicId=ZGFhrgkeSDKE-O_FaP3hAA, topic=__consumer_offsets, partition=22, highWatermark=0, lastStableOffset=0, logStartOffset=0, logEndOffset=0) with 1 segments, local-log-start-offset 0 and log-end-offset 0 in 29ms (25/52 completed in /tmp/kafka-logs) (kafka.log.LogManager)
kafka1      | 2026-09-26T00:25:58.622458203Z [2026-09-26 00:25:58,621] INFO [LogLoader partition=dados-sensores-0, dir=/tmp/kafka-logs] Producer state recovery took 5ms for snapshot load and 0ms for segment recovery from offset 18 (org.apache.kafka.storage.internals.log.UnifiedLog)
kafka1      | 2026-09-26T00:25:58.627862756Z [2026-09-26 00:25:58,626] INFO Completed load of Log(dir=/tmp/kafka-logs/dados-sensores-0, topicId=kSEfEO15SLGhnZ_ydx6XRQ, topic=dados-sensores, partition=0, highWatermark=0, lastStableOffset=0, logStartOffset=0, logEndOffset=18) with 1 segments, local-log-start-offset 0 and log-end-offset 18 in 56ms (26/52 completed in /tmp/kafka-logs) (kafka.log.LogManager)
kafka1      | 2026-09-26T00:25:58.627964971Z [2026-09-26 00:25:58,627] INFO [LogLoader partition=__consumer_offsets-36, dir=/tmp/kafka-logs] Recovering unflushed segment 0. 0 recovered for __consumer_offsets-36. (org.apache.kafka.storage.internals.log.LogLoader)
kafka1      | 2026-09-26T00:25:58.630632217Z [2026-09-26 00:25:58,629] INFO [LogLoader partition=__consumer_offsets-36, dir=/tmp/kafka-logs] Loading producer state till offset 0 (org.apache.kafka.storage.internals.log.UnifiedLog)
kafka1      | 2026-09-26T00:25:58.634511254Z [2026-09-26 00:25:58,630] INFO [LogLoader partition=__consumer_offsets-36, dir=/tmp/kafka-logs] Reloading from producer snapshot and rebuilding producer state from offset 0 (org.apache.kafka.storage.internals.log.UnifiedLog)
kafka1      | 2026-09-26T00:25:58.634583329Z [2026-09-26 00:25:58,632] INFO [LogLoader partition=__consumer_offsets-36, dir=/tmp/kafka-logs] Producer state recovery took 0ms for snapshot load and 0ms for segment recovery from offset 0 (org.apache.kafka.storage.internals.log.UnifiedLog)
kafka1      | 2026-09-26T00:25:58.642083788Z [2026-09-26 00:25:58,640] INFO [LogLoader partition=__consumer_offsets-12, dir=/tmp/kafka-logs] Recovering unflushed segment 0. 0 recovered for __consumer_offsets-12. (org.apache.kafka.storage.internals.log.LogLoader)
kafka1      | 2026-09-26T00:25:58.645322804Z [2026-09-26 00:25:58,644] INFO [LogLoader partition=__consumer_offsets-36, dir=/tmp/kafka-logs] Loading producer state till offset 0 (org.apache.kafka.storage.internals.log.UnifiedLog)
kafka1      | 2026-09-26T00:25:58.645567106Z [2026-09-26 00:25:58,644] INFO [LogLoader partition=__consumer_offsets-12, dir=/tmp/kafka-logs] Loading producer state till offset 0 (org.apache.kafka.storage.internals.log.UnifiedLog)
kafka1      | 2026-09-26T00:25:58.646221512Z [2026-09-26 00:25:58,645] INFO [LogLoader partition=__consumer_offsets-36, dir=/tmp/kafka-logs] Reloading from producer snapshot and rebuilding producer state from offset 0 (org.apache.kafka.storage.internals.log.UnifiedLog)
kafka1      | 2026-09-26T00:25:58.647363566Z [2026-09-26 00:25:58,646] INFO [LogLoader partition=__consumer_offsets-36, dir=/tmp/kafka-logs] Producer state recovery took 0ms for snapshot load and 0ms for segment recovery from offset 0 (org.apache.kafka.storage.internals.log.UnifiedLog)
kafka1      | 2026-09-26T00:25:58.652250745Z [2026-09-26 00:25:58,651] INFO [LogLoader partition=__consumer_offsets-12, dir=/tmp/kafka-logs] Reloading from producer snapshot and rebuilding producer state from offset 0 (org.apache.kafka.storage.internals.log.UnifiedLog)
kafka1      | 2026-09-26T00:25:58.657343303Z [2026-09-26 00:25:58,653] INFO [LogLoader partition=__consumer_offsets-12, dir=/tmp/kafka-logs] Producer state recovery took 0ms for snapshot load and 0ms for segment recovery from offset 0 (org.apache.kafka.storage.internals.log.UnifiedLog)
kafka1      | 2026-09-26T00:25:58.662415031Z [2026-09-26 00:25:58,661] INFO Completed load of Log(dir=/tmp/kafka-logs/__consumer_offsets-36, topicId=ZGFhrgkeSDKE-O_FaP3hAA, topic=__consumer_offsets, partition=36, highWatermark=0, lastStableOffset=0, logStartOffset=0, logEndOffset=0) with 1 segments, local-log-start-offset 0 and log-end-offset 0 in 40ms (27/52 completed in /tmp/kafka-logs) (kafka.log.LogManager)
kafka1      | 2026-09-26T00:25:58.668776184Z [2026-09-26 00:25:58,667] INFO [LogLoader partition=__consumer_offsets-12, dir=/tmp/kafka-logs] Loading producer state till offset 0 (org.apache.kafka.storage.internals.log.UnifiedLog)
kafka1      | 2026-09-26T00:25:58.670733629Z [2026-09-26 00:25:58,669] INFO [LogLoader partition=__consumer_offsets-40, dir=/tmp/kafka-logs] Recovering unflushed segment 0. 0 recovered for __consumer_offsets-40. (org.apache.kafka.storage.internals.log.LogLoader)
kafka1      | 2026-09-26T00:25:58.672312851Z [2026-09-26 00:25:58,671] INFO [LogLoader partition=__consumer_offsets-12, dir=/tmp/kafka-logs] Reloading from producer snapshot and rebuilding producer state from offset 0 (org.apache.kafka.storage.internals.log.UnifiedLog)
kafka1      | 2026-09-26T00:25:58.674392726Z [2026-09-26 00:25:58,671] INFO [LogLoader partition=__consumer_offsets-40, dir=/tmp/kafka-logs] Loading producer state till offset 0 (org.apache.kafka.storage.internals.log.UnifiedLog)
kafka1      | 2026-09-26T00:25:58.674488529Z [2026-09-26 00:25:58,673] INFO [LogLoader partition=__consumer_offsets-40, dir=/tmp/kafka-logs] Reloading from producer snapshot and rebuilding producer state from offset 0 (org.apache.kafka.storage.internals.log.UnifiedLog)
kafka1      | 2026-09-26T00:25:58.675594756Z [2026-09-26 00:25:58,673] INFO [LogLoader partition=__consumer_offsets-40, dir=/tmp/kafka-logs] Producer state recovery took 0ms for snapshot load and 0ms for segment recovery from offset 0 (org.apache.kafka.storage.internals.log.UnifiedLog)
kafka1      | 2026-09-26T00:25:58.675673986Z [2026-09-26 00:25:58,672] INFO [LogLoader partition=__consumer_offsets-12, dir=/tmp/kafka-logs] Producer state recovery took 0ms for snapshot load and 0ms for segment recovery from offset 0 (org.apache.kafka.storage.internals.log.UnifiedLog)
kafka1      | 2026-09-26T00:25:58.680652890Z [2026-09-26 00:25:58,679] INFO Completed load of Log(dir=/tmp/kafka-logs/__consumer_offsets-12, topicId=ZGFhrgkeSDKE-O_FaP3hAA, topic=__consumer_offsets, partition=12, highWatermark=0, lastStableOffset=0, logStartOffset=0, logEndOffset=0) with 1 segments, local-log-start-offset 0 and log-end-offset 0 in 52ms (28/52 completed in /tmp/kafka-logs) (kafka.log.LogManager)
kafka1      | 2026-09-26T00:25:58.681963048Z [2026-09-26 00:25:58,680] INFO [LogLoader partition=__consumer_offsets-40, dir=/tmp/kafka-logs] Loading producer state till offset 0 (org.apache.kafka.storage.internals.log.UnifiedLog)
kafka1      | 2026-09-26T00:25:58.683122120Z [2026-09-26 00:25:58,682] INFO [LogLoader partition=__consumer_offsets-40, dir=/tmp/kafka-logs] Reloading from producer snapshot and rebuilding producer state from offset 0 (org.apache.kafka.storage.internals.log.UnifiedLog)
kafka1      | 2026-09-26T00:25:58.683389631Z [2026-09-26 00:25:58,682] INFO [LogLoader partition=__consumer_offsets-40, dir=/tmp/kafka-logs] Producer state recovery took 0ms for snapshot load and 0ms for segment recovery from offset 0 (org.apache.kafka.storage.internals.log.UnifiedLog)
kafka1      | 2026-09-26T00:25:58.688191491Z [2026-09-26 00:25:58,687] INFO Completed load of Log(dir=/tmp/kafka-logs/__consumer_offsets-40, topicId=ZGFhrgkeSDKE-O_FaP3hAA, topic=__consumer_offsets, partition=40, highWatermark=0, lastStableOffset=0, logStartOffset=0, logEndOffset=0) with 1 segments, local-log-start-offset 0 and log-end-offset 0 in 24ms (29/52 completed in /tmp/kafka-logs) (kafka.log.LogManager)
kafka1      | 2026-09-26T00:25:58.688250630Z [2026-09-26 00:25:58,687] INFO [LogLoader partition=__consumer_offsets-38, dir=/tmp/kafka-logs] Recovering unflushed segment 0. 0 recovered for __consumer_offsets-38. (org.apache.kafka.storage.internals.log.LogLoader)
kafka1      | 2026-09-26T00:25:58.690455634Z [2026-09-26 00:25:58,689] INFO [LogLoader partition=__consumer_offsets-38, dir=/tmp/kafka-logs] Loading producer state till offset 0 (org.apache.kafka.storage.internals.log.UnifiedLog)
kafka1      | 2026-09-26T00:25:58.690542950Z [2026-09-26 00:25:58,690] INFO [LogLoader partition=__consumer_offsets-38, dir=/tmp/kafka-logs] Reloading from producer snapshot and rebuilding producer state from offset 0 (org.apache.kafka.storage.internals.log.UnifiedLog)
kafka1      | 2026-09-26T00:25:58.691259023Z [2026-09-26 00:25:58,690] INFO [LogLoader partition=__consumer_offsets-38, dir=/tmp/kafka-logs] Producer state recovery took 0ms for snapshot load and 0ms for segment recovery from offset 0 (org.apache.kafka.storage.internals.log.UnifiedLog)
kafka1      | 2026-09-26T00:25:58.696735758Z [2026-09-26 00:25:58,696] INFO [LogLoader partition=__consumer_offsets-2, dir=/tmp/kafka-logs] Recovering unflushed segment 0. 0 recovered for __consumer_offsets-2. (org.apache.kafka.storage.internals.log.LogLoader)
kafka1      | 2026-09-26T00:25:58.698143570Z [2026-09-26 00:25:58,697] INFO [LogLoader partition=__consumer_offsets-38, dir=/tmp/kafka-logs] Loading producer state till offset 0 (org.apache.kafka.storage.internals.log.UnifiedLog)
kafka1      | 2026-09-26T00:25:58.698544437Z [2026-09-26 00:25:58,697] INFO [LogLoader partition=__consumer_offsets-38, dir=/tmp/kafka-logs] Reloading from producer snapshot and rebuilding producer state from offset 0 (org.apache.kafka.storage.internals.log.UnifiedLog)
kafka1      | 2026-09-26T00:25:58.698619518Z [2026-09-26 00:25:58,697] INFO [LogLoader partition=__consumer_offsets-2, dir=/tmp/kafka-logs] Loading producer state till offset 0 (org.apache.kafka.storage.internals.log.UnifiedLog)
kafka1      | 2026-09-26T00:25:58.699276094Z [2026-09-26 00:25:58,698] INFO [LogLoader partition=__consumer_offsets-2, dir=/tmp/kafka-logs] Reloading from producer snapshot and rebuilding producer state from offset 0 (org.apache.kafka.storage.internals.log.UnifiedLog)
kafka1      | 2026-09-26T00:25:58.699336576Z [2026-09-26 00:25:58,698] INFO [LogLoader partition=__consumer_offsets-38, dir=/tmp/kafka-logs] Producer state recovery took 0ms for snapshot load and 0ms for segment recovery from offset 0 (org.apache.kafka.storage.internals.log.UnifiedLog)
kafka1      | 2026-09-26T00:25:58.699344923Z [2026-09-26 00:25:58,698] INFO [LogLoader partition=__consumer_offsets-2, dir=/tmp/kafka-logs] Producer state recovery took 0ms for snapshot load and 0ms for segment recovery from offset 0 (org.apache.kafka.storage.internals.log.UnifiedLog)
kafka1      | 2026-09-26T00:25:58.703629002Z [2026-09-26 00:25:58,702] INFO Completed load of Log(dir=/tmp/kafka-logs/__consumer_offsets-38, topicId=ZGFhrgkeSDKE-O_FaP3hAA, topic=__consumer_offsets, partition=38, highWatermark=0, lastStableOffset=0, logStartOffset=0, logEndOffset=0) with 1 segments, local-log-start-offset 0 and log-end-offset 0 in 21ms (30/52 completed in /tmp/kafka-logs) (kafka.log.LogManager)
kafka1      | 2026-09-26T00:25:58.708118899Z [2026-09-26 00:25:58,707] INFO [LogLoader partition=__consumer_offsets-2, dir=/tmp/kafka-logs] Loading producer state till offset 0 (org.apache.kafka.storage.internals.log.UnifiedLog)
kafka1      | 2026-09-26T00:25:58.709176147Z [2026-09-26 00:25:58,708] INFO [LogLoader partition=__consumer_offsets-2, dir=/tmp/kafka-logs] Reloading from producer snapshot and rebuilding producer state from offset 0 (org.apache.kafka.storage.internals.log.UnifiedLog)
kafka1      | 2026-09-26T00:25:58.710032024Z [2026-09-26 00:25:58,709] INFO [LogLoader partition=__consumer_offsets-2, dir=/tmp/kafka-logs] Producer state recovery took 0ms for snapshot load and 0ms for segment recovery from offset 0 (org.apache.kafka.storage.internals.log.UnifiedLog)
kafka1      | 2026-09-26T00:25:58.711759864Z [2026-09-26 00:25:58,710] INFO [LogLoader partition=__consumer_offsets-3, dir=/tmp/kafka-logs] Recovering unflushed segment 0. 0 recovered for __consumer_offsets-3. (org.apache.kafka.storage.internals.log.LogLoader)
kafka1      | 2026-09-26T00:25:58.713399774Z [2026-09-26 00:25:58,712] INFO [LogLoader partition=__consumer_offsets-3, dir=/tmp/kafka-logs] Loading producer state till offset 0 (org.apache.kafka.storage.internals.log.UnifiedLog)
kafka1      | 2026-09-26T00:25:58.714328592Z [2026-09-26 00:25:58,713] INFO [LogLoader partition=__consumer_offsets-3, dir=/tmp/kafka-logs] Reloading from producer snapshot and rebuilding producer state from offset 0 (org.apache.kafka.storage.internals.log.UnifiedLog)
kafka1      | 2026-09-26T00:25:58.715091216Z [2026-09-26 00:25:58,714] INFO [LogLoader partition=__consumer_offsets-3, dir=/tmp/kafka-logs] Producer state recovery took 0ms for snapshot load and 0ms for segment recovery from offset 0 (org.apache.kafka.storage.internals.log.UnifiedLog)
kafka1      | 2026-09-26T00:25:58.717244243Z [2026-09-26 00:25:58,716] INFO Completed load of Log(dir=/tmp/kafka-logs/__consumer_offsets-2, topicId=ZGFhrgkeSDKE-O_FaP3hAA, topic=__consumer_offsets, partition=2, highWatermark=0, lastStableOffset=0, logStartOffset=0, logEndOffset=0) with 1 segments, local-log-start-offset 0 and log-end-offset 0 in 27ms (31/52 completed in /tmp/kafka-logs) (kafka.log.LogManager)
kafka1      | 2026-09-26T00:25:58.726239955Z [2026-09-26 00:25:58,725] INFO [LogLoader partition=__consumer_offsets-7, dir=/tmp/kafka-logs] Recovering unflushed segment 0. 0 recovered for __consumer_offsets-7. (org.apache.kafka.storage.internals.log.LogLoader)
kafka1      | 2026-09-26T00:25:58.726304154Z [2026-09-26 00:25:58,725] INFO [LogLoader partition=__consumer_offsets-3, dir=/tmp/kafka-logs] Loading producer state till offset 0 (org.apache.kafka.storage.internals.log.UnifiedLog)
kafka1      | 2026-09-26T00:25:58.726839820Z [2026-09-26 00:25:58,726] INFO [LogLoader partition=__consumer_offsets-3, dir=/tmp/kafka-logs] Reloading from producer snapshot and rebuilding producer state from offset 0 (org.apache.kafka.storage.internals.log.UnifiedLog)
kafka1      | 2026-09-26T00:25:58.727105865Z [2026-09-26 00:25:58,726] INFO [LogLoader partition=__consumer_offsets-3, dir=/tmp/kafka-logs] Producer state recovery took 0ms for snapshot load and 0ms for segment recovery from offset 0 (org.apache.kafka.storage.internals.log.UnifiedLog)
kafka1      | 2026-09-26T00:25:58.728138505Z [2026-09-26 00:25:58,727] INFO [LogLoader partition=__consumer_offsets-7, dir=/tmp/kafka-logs] Loading producer state till offset 0 (org.apache.kafka.storage.internals.log.UnifiedLog)
kafka1      | 2026-09-26T00:25:58.729633403Z [2026-09-26 00:25:58,727] INFO [LogLoader partition=__consumer_offsets-7, dir=/tmp/kafka-logs] Reloading from producer snapshot and rebuilding producer state from offset 0 (org.apache.kafka.storage.internals.log.UnifiedLog)
kafka1      | 2026-09-26T00:25:58.729703654Z [2026-09-26 00:25:58,728] INFO [LogLoader partition=__consumer_offsets-7, dir=/tmp/kafka-logs] Producer state recovery took 0ms for snapshot load and 0ms for segment recovery from offset 0 (org.apache.kafka.storage.internals.log.UnifiedLog)
kafka1      | 2026-09-26T00:25:58.731495647Z [2026-09-26 00:25:58,730] INFO Completed load of Log(dir=/tmp/kafka-logs/__consumer_offsets-3, topicId=ZGFhrgkeSDKE-O_FaP3hAA, topic=__consumer_offsets, partition=3, highWatermark=0, lastStableOffset=0, logStartOffset=0, logEndOffset=0) with 1 segments, local-log-start-offset 0 and log-end-offset 0 in 27ms (32/52 completed in /tmp/kafka-logs) (kafka.log.LogManager)
kafka1      | 2026-09-26T00:25:58.734633742Z [2026-09-26 00:25:58,733] INFO [LogLoader partition=__consumer_offsets-7, dir=/tmp/kafka-logs] Loading producer state till offset 0 (org.apache.kafka.storage.internals.log.UnifiedLog)
kafka1      | 2026-09-26T00:25:58.734712992Z [2026-09-26 00:25:58,734] INFO [LogLoader partition=__consumer_offsets-7, dir=/tmp/kafka-logs] Reloading from producer snapshot and rebuilding producer state from offset 0 (org.apache.kafka.storage.internals.log.UnifiedLog)
kafka1      | 2026-09-26T00:25:58.735114420Z [2026-09-26 00:25:58,734] INFO [LogLoader partition=__consumer_offsets-7, dir=/tmp/kafka-logs] Producer state recovery took 0ms for snapshot load and 0ms for segment recovery from offset 0 (org.apache.kafka.storage.internals.log.UnifiedLog)
kafka1      | 2026-09-26T00:25:58.739687668Z [2026-09-26 00:25:58,738] INFO [LogLoader partition=__consumer_offsets-42, dir=/tmp/kafka-logs] Recovering unflushed segment 0. 0 recovered for __consumer_offsets-42. (org.apache.kafka.storage.internals.log.LogLoader)
kafka1      | 2026-09-26T00:25:58.740702158Z [2026-09-26 00:25:58,740] INFO Completed load of Log(dir=/tmp/kafka-logs/__consumer_offsets-7, topicId=ZGFhrgkeSDKE-O_FaP3hAA, topic=__consumer_offsets, partition=7, highWatermark=0, lastStableOffset=0, logStartOffset=0, logEndOffset=0) with 1 segments, local-log-start-offset 0 and log-end-offset 0 in 22ms (33/52 completed in /tmp/kafka-logs) (kafka.log.LogManager)
kafka1      | 2026-09-26T00:25:58.741580425Z [2026-09-26 00:25:58,740] INFO [LogLoader partition=__consumer_offsets-42, dir=/tmp/kafka-logs] Loading producer state till offset 0 (org.apache.kafka.storage.internals.log.UnifiedLog)
kafka1      | 2026-09-26T00:25:58.745422851Z [2026-09-26 00:25:58,741] INFO [LogLoader partition=__consumer_offsets-42, dir=/tmp/kafka-logs] Reloading from producer snapshot and rebuilding producer state from offset 0 (org.apache.kafka.storage.internals.log.UnifiedLog)
kafka1      | 2026-09-26T00:25:58.745498273Z [2026-09-26 00:25:58,741] INFO [LogLoader partition=__consumer_offsets-42, dir=/tmp/kafka-logs] Producer state recovery took 0ms for snapshot load and 0ms for segment recovery from offset 0 (org.apache.kafka.storage.internals.log.UnifiedLog)
kafka1      | 2026-09-26T00:25:58.746995259Z [2026-09-26 00:25:58,746] INFO [LogLoader partition=__consumer_offsets-42, dir=/tmp/kafka-logs] Loading producer state till offset 0 (org.apache.kafka.storage.internals.log.UnifiedLog)
kafka1      | 2026-09-26T00:25:58.747104519Z [2026-09-26 00:25:58,746] INFO [LogLoader partition=__consumer_offsets-42, dir=/tmp/kafka-logs] Reloading from producer snapshot and rebuilding producer state from offset 0 (org.apache.kafka.storage.internals.log.UnifiedLog)
kafka1      | 2026-09-26T00:25:58.747114679Z [2026-09-26 00:25:58,746] INFO [LogLoader partition=__consumer_offsets-34, dir=/tmp/kafka-logs] Recovering unflushed segment 0. 0 recovered for __consumer_offsets-34. (org.apache.kafka.storage.internals.log.LogLoader)
kafka1      | 2026-09-26T00:25:58.747618531Z [2026-09-26 00:25:58,747] INFO [LogLoader partition=__consumer_offsets-42, dir=/tmp/kafka-logs] Producer state recovery took 0ms for snapshot load and 0ms for segment recovery from offset 0 (org.apache.kafka.storage.internals.log.UnifiedLog)
kafka1      | 2026-09-26T00:25:58.748999471Z [2026-09-26 00:25:58,748] INFO [LogLoader partition=__consumer_offsets-34, dir=/tmp/kafka-logs] Loading producer state till offset 0 (org.apache.kafka.storage.internals.log.UnifiedLog)
kafka1      | 2026-09-26T00:25:58.749675113Z [2026-09-26 00:25:58,748] INFO [LogLoader partition=__consumer_offsets-34, dir=/tmp/kafka-logs] Reloading from producer snapshot and rebuilding producer state from offset 0 (org.apache.kafka.storage.internals.log.UnifiedLog)
kafka1      | 2026-09-26T00:25:58.750275789Z [2026-09-26 00:25:58,749] INFO [LogLoader partition=__consumer_offsets-34, dir=/tmp/kafka-logs] Producer state recovery took 0ms for snapshot load and 0ms for segment recovery from offset 0 (org.apache.kafka.storage.internals.log.UnifiedLog)
kafka1      | 2026-09-26T00:25:58.752451885Z [2026-09-26 00:25:58,751] INFO Completed load of Log(dir=/tmp/kafka-logs/__consumer_offsets-42, topicId=ZGFhrgkeSDKE-O_FaP3hAA, topic=__consumer_offsets, partition=42, highWatermark=0, lastStableOffset=0, logStartOffset=0, logEndOffset=0) with 1 segments, local-log-start-offset 0 and log-end-offset 0 in 20ms (34/52 completed in /tmp/kafka-logs) (kafka.log.LogManager)
kafka1      | 2026-09-26T00:25:58.756641734Z [2026-09-26 00:25:58,755] INFO [LogLoader partition=__consumer_offsets-34, dir=/tmp/kafka-logs] Loading producer state till offset 0 (org.apache.kafka.storage.internals.log.UnifiedLog)
kafka1      | 2026-09-26T00:25:58.756723028Z [2026-09-26 00:25:58,756] INFO [LogLoader partition=__consumer_offsets-34, dir=/tmp/kafka-logs] Reloading from producer snapshot and rebuilding producer state from offset 0 (org.apache.kafka.storage.internals.log.UnifiedLog)
kafka1      | 2026-09-26T00:25:58.758033213Z [2026-09-26 00:25:58,756] INFO [LogLoader partition=__consumer_offsets-34, dir=/tmp/kafka-logs] Producer state recovery took 0ms for snapshot load and 0ms for segment recovery from offset 0 (org.apache.kafka.storage.internals.log.UnifiedLog)
kafka1      | 2026-09-26T00:25:58.759340764Z [2026-09-26 00:25:58,758] INFO [LogLoader partition=__consumer_offsets-47, dir=/tmp/kafka-logs] Recovering unflushed segment 0. 0 recovered for __consumer_offsets-47. (org.apache.kafka.storage.internals.log.LogLoader)
kafka1      | 2026-09-26T00:25:58.760816808Z [2026-09-26 00:25:58,760] INFO [LogLoader partition=__consumer_offsets-47, dir=/tmp/kafka-logs] Loading producer state till offset 0 (org.apache.kafka.storage.internals.log.UnifiedLog)
kafka1      | 2026-09-26T00:25:58.761563297Z [2026-09-26 00:25:58,760] INFO [LogLoader partition=__consumer_offsets-47, dir=/tmp/kafka-logs] Reloading from producer snapshot and rebuilding producer state from offset 0 (org.apache.kafka.storage.internals.log.UnifiedLog)
kafka1      | 2026-09-26T00:25:58.762344832Z [2026-09-26 00:25:58,761] INFO [LogLoader partition=__consumer_offsets-47, dir=/tmp/kafka-logs] Producer state recovery took 0ms for snapshot load and 0ms for segment recovery from offset 0 (org.apache.kafka.storage.internals.log.UnifiedLog)
kafka1      | 2026-09-26T00:25:58.763365525Z [2026-09-26 00:25:58,762] INFO Completed load of Log(dir=/tmp/kafka-logs/__consumer_offsets-34, topicId=ZGFhrgkeSDKE-O_FaP3hAA, topic=__consumer_offsets, partition=34, highWatermark=0, lastStableOffset=0, logStartOffset=0, logEndOffset=0) with 1 segments, local-log-start-offset 0 and log-end-offset 0 in 22ms (35/52 completed in /tmp/kafka-logs) (kafka.log.LogManager)
kafka1      | 2026-09-26T00:25:58.766713158Z [2026-09-26 00:25:58,765] INFO [LogLoader partition=__consumer_offsets-47, dir=/tmp/kafka-logs] Loading producer state till offset 0 (org.apache.kafka.storage.internals.log.UnifiedLog)
kafka1      | 2026-09-26T00:25:58.767900639Z [2026-09-26 00:25:58,767] INFO [LogLoader partition=__consumer_offsets-47, dir=/tmp/kafka-logs] Reloading from producer snapshot and rebuilding producer state from offset 0 (org.apache.kafka.storage.internals.log.UnifiedLog)
kafka1      | 2026-09-26T00:25:58.767948065Z [2026-09-26 00:25:58,767] INFO [LogLoader partition=__consumer_offsets-47, dir=/tmp/kafka-logs] Producer state recovery took 0ms for snapshot load and 0ms for segment recovery from offset 0 (org.apache.kafka.storage.internals.log.UnifiedLog)
kafka1      | 2026-09-26T00:25:58.769815269Z [2026-09-26 00:25:58,768] INFO [LogLoader partition=__consumer_offsets-14, dir=/tmp/kafka-logs] Recovering unflushed segment 0. 0 recovered for __consumer_offsets-14. (org.apache.kafka.storage.internals.log.LogLoader)
kafka1      | 2026-09-26T00:25:58.772226666Z [2026-09-26 00:25:58,771] INFO [LogLoader partition=__consumer_offsets-14, dir=/tmp/kafka-logs] Loading producer state till offset 0 (org.apache.kafka.storage.internals.log.UnifiedLog)
kafka1      | 2026-09-26T00:25:58.773354364Z [2026-09-26 00:25:58,772] INFO [LogLoader partition=__consumer_offsets-14, dir=/tmp/kafka-logs] Reloading from producer snapshot and rebuilding producer state from offset 0 (org.apache.kafka.storage.internals.log.UnifiedLog)
kafka1      | 2026-09-26T00:25:58.774228851Z [2026-09-26 00:25:58,773] INFO [LogLoader partition=__consumer_offsets-14, dir=/tmp/kafka-logs] Producer state recovery took 0ms for snapshot load and 0ms for segment recovery from offset 0 (org.apache.kafka.storage.internals.log.UnifiedLog)
kafka1      | 2026-09-26T00:25:58.774288481Z [2026-09-26 00:25:58,773] INFO Completed load of Log(dir=/tmp/kafka-logs/__consumer_offsets-47, topicId=ZGFhrgkeSDKE-O_FaP3hAA, topic=__consumer_offsets, partition=47, highWatermark=0, lastStableOffset=0, logStartOffset=0, logEndOffset=0) with 1 segments, local-log-start-offset 0 and log-end-offset 0 in 21ms (36/52 completed in /tmp/kafka-logs) (kafka.log.LogManager)
kafka1      | 2026-09-26T00:25:58.779733606Z [2026-09-26 00:25:58,778] INFO [LogLoader partition=__consumer_offsets-14, dir=/tmp/kafka-logs] Loading producer state till offset 0 (org.apache.kafka.storage.internals.log.UnifiedLog)
kafka1      | 2026-09-26T00:25:58.781455001Z [2026-09-26 00:25:58,779] INFO [LogLoader partition=__consumer_offsets-14, dir=/tmp/kafka-logs] Reloading from producer snapshot and rebuilding producer state from offset 0 (org.apache.kafka.storage.internals.log.UnifiedLog)
kafka1      | 2026-09-26T00:25:58.781546435Z [2026-09-26 00:25:58,780] INFO [LogLoader partition=__consumer_offsets-14, dir=/tmp/kafka-logs] Producer state recovery took 0ms for snapshot load and 0ms for segment recovery from offset 0 (org.apache.kafka.storage.internals.log.UnifiedLog)
kafka1      | 2026-09-26T00:25:58.781555574Z [2026-09-26 00:25:58,780] INFO [LogLoader partition=__consumer_offsets-10, dir=/tmp/kafka-logs] Recovering unflushed segment 0. 0 recovered for __consumer_offsets-10. (org.apache.kafka.storage.internals.log.LogLoader)
kafka1      | 2026-09-26T00:25:58.782033663Z [2026-09-26 00:25:58,781] INFO [LogLoader partition=__consumer_offsets-10, dir=/tmp/kafka-logs] Loading producer state till offset 0 (org.apache.kafka.storage.internals.log.UnifiedLog)
kafka1      | 2026-09-26T00:25:58.782181623Z [2026-09-26 00:25:58,781] INFO [LogLoader partition=__consumer_offsets-10, dir=/tmp/kafka-logs] Reloading from producer snapshot and rebuilding producer state from offset 0 (org.apache.kafka.storage.internals.log.UnifiedLog)
kafka1      | 2026-09-26T00:25:58.782901203Z [2026-09-26 00:25:58,782] INFO [LogLoader partition=__consumer_offsets-10, dir=/tmp/kafka-logs] Producer state recovery took 0ms for snapshot load and 0ms for segment recovery from offset 0 (org.apache.kafka.storage.internals.log.UnifiedLog)
kafka1      | 2026-09-26T00:25:58.785451899Z [2026-09-26 00:25:58,784] INFO Completed load of Log(dir=/tmp/kafka-logs/__consumer_offsets-14, topicId=ZGFhrgkeSDKE-O_FaP3hAA, topic=__consumer_offsets, partition=14, highWatermark=0, lastStableOffset=0, logStartOffset=0, logEndOffset=0) with 1 segments, local-log-start-offset 0 and log-end-offset 0 in 21ms (37/52 completed in /tmp/kafka-logs) (kafka.log.LogManager)
kafka1      | 2026-09-26T00:25:58.790408090Z [2026-09-26 00:25:58,789] INFO [LogLoader partition=__consumer_offsets-10, dir=/tmp/kafka-logs] Loading producer state till offset 0 (org.apache.kafka.storage.internals.log.UnifiedLog)
kafka1      | 2026-09-26T00:25:58.791624247Z [2026-09-26 00:25:58,790] INFO [LogLoader partition=__consumer_offsets-10, dir=/tmp/kafka-logs] Reloading from producer snapshot and rebuilding producer state from offset 0 (org.apache.kafka.storage.internals.log.UnifiedLog)
kafka1      | 2026-09-26T00:25:58.791727886Z [2026-09-26 00:25:58,790] INFO [LogLoader partition=__consumer_offsets-31, dir=/tmp/kafka-logs] Recovering unflushed segment 0. 0 recovered for __consumer_offsets-31. (org.apache.kafka.storage.internals.log.LogLoader)
kafka1      | 2026-09-26T00:25:58.791736102Z [2026-09-26 00:25:58,790] INFO [LogLoader partition=__consumer_offsets-10, dir=/tmp/kafka-logs] Producer state recovery took 0ms for snapshot load and 0ms for segment recovery from offset 0 (org.apache.kafka.storage.internals.log.UnifiedLog)
kafka1      | 2026-09-26T00:25:58.797415367Z [2026-09-26 00:25:58,792] INFO [LogLoader partition=__consumer_offsets-31, dir=/tmp/kafka-logs] Loading producer state till offset 0 (org.apache.kafka.storage.internals.log.UnifiedLog)
kafka1      | 2026-09-26T00:25:58.797483875Z [2026-09-26 00:25:58,793] INFO [LogLoader partition=__consumer_offsets-31, dir=/tmp/kafka-logs] Reloading from producer snapshot and rebuilding producer state from offset 0 (org.apache.kafka.storage.internals.log.UnifiedLog)
kafka1      | 2026-09-26T00:25:58.797491070Z [2026-09-26 00:25:58,793] INFO [LogLoader partition=__consumer_offsets-31, dir=/tmp/kafka-logs] Producer state recovery took 0ms for snapshot load and 0ms for segment recovery from offset 0 (org.apache.kafka.storage.internals.log.UnifiedLog)
kafka1      | 2026-09-26T00:25:58.797497563Z [2026-09-26 00:25:58,795] INFO Completed load of Log(dir=/tmp/kafka-logs/__consumer_offsets-10, topicId=ZGFhrgkeSDKE-O_FaP3hAA, topic=__consumer_offsets, partition=10, highWatermark=0, lastStableOffset=0, logStartOffset=0, logEndOffset=0) with 1 segments, local-log-start-offset 0 and log-end-offset 0 in 21ms (38/52 completed in /tmp/kafka-logs) (kafka.log.LogManager)
kafka1      | 2026-09-26T00:25:58.802032733Z [2026-09-26 00:25:58,800] INFO [LogLoader partition=__consumer_offsets-31, dir=/tmp/kafka-logs] Loading producer state till offset 0 (org.apache.kafka.storage.internals.log.UnifiedLog)
kafka1      | 2026-09-26T00:25:58.802130519Z [2026-09-26 00:25:58,801] INFO [LogLoader partition=__consumer_offsets-31, dir=/tmp/kafka-logs] Reloading from producer snapshot and rebuilding producer state from offset 0 (org.apache.kafka.storage.internals.log.UnifiedLog)
kafka1      | 2026-09-26T00:25:58.802139207Z [2026-09-26 00:25:58,801] INFO [LogLoader partition=__consumer_offsets-31, dir=/tmp/kafka-logs] Producer state recovery took 0ms for snapshot load and 0ms for segment recovery from offset 0 (org.apache.kafka.storage.internals.log.UnifiedLog)
kafka1      | 2026-09-26T00:25:58.803294180Z [2026-09-26 00:25:58,802] INFO [LogLoader partition=__consumer_offsets-1, dir=/tmp/kafka-logs] Recovering unflushed segment 0. 0 recovered for __consumer_offsets-1. (org.apache.kafka.storage.internals.log.LogLoader)
kafka1      | 2026-09-26T00:25:58.805124565Z [2026-09-26 00:25:58,803] INFO [LogLoader partition=__consumer_offsets-1, dir=/tmp/kafka-logs] Loading producer state till offset 0 (org.apache.kafka.storage.internals.log.UnifiedLog)
kafka1      | 2026-09-26T00:25:58.805232111Z [2026-09-26 00:25:58,804] INFO [LogLoader partition=__consumer_offsets-1, dir=/tmp/kafka-logs] Reloading from producer snapshot and rebuilding producer state from offset 0 (org.apache.kafka.storage.internals.log.UnifiedLog)
kafka1      | 2026-09-26T00:25:58.805957581Z [2026-09-26 00:25:58,805] INFO [LogLoader partition=__consumer_offsets-1, dir=/tmp/kafka-logs] Producer state recovery took 1ms for snapshot load and 0ms for segment recovery from offset 0 (org.apache.kafka.storage.internals.log.UnifiedLog)
kafka1      | 2026-09-26T00:25:58.807331425Z [2026-09-26 00:25:58,806] INFO Completed load of Log(dir=/tmp/kafka-logs/__consumer_offsets-31, topicId=ZGFhrgkeSDKE-O_FaP3hAA, topic=__consumer_offsets, partition=31, highWatermark=0, lastStableOffset=0, logStartOffset=0, logEndOffset=0) with 1 segments, local-log-start-offset 0 and log-end-offset 0 in 21ms (39/52 completed in /tmp/kafka-logs) (kafka.log.LogManager)
kafka1      | 2026-09-26T00:25:58.811150340Z [2026-09-26 00:25:58,810] INFO [LogLoader partition=__consumer_offsets-1, dir=/tmp/kafka-logs] Loading producer state till offset 0 (org.apache.kafka.storage.internals.log.UnifiedLog)
kafka1      | 2026-09-26T00:25:58.811218116Z [2026-09-26 00:25:58,810] INFO [LogLoader partition=__consumer_offsets-1, dir=/tmp/kafka-logs] Reloading from producer snapshot and rebuilding producer state from offset 0 (org.apache.kafka.storage.internals.log.UnifiedLog)
kafka1      | 2026-09-26T00:25:58.811445061Z [2026-09-26 00:25:58,811] INFO [LogLoader partition=__consumer_offsets-1, dir=/tmp/kafka-logs] Producer state recovery took 0ms for snapshot load and 1ms for segment recovery from offset 0 (org.apache.kafka.storage.internals.log.UnifiedLog)
kafka1      | 2026-09-26T00:25:58.813633576Z [2026-09-26 00:25:58,812] INFO [LogLoader partition=__consumer_offsets-46, dir=/tmp/kafka-logs] Recovering unflushed segment 0. 0 recovered for __consumer_offsets-46. (org.apache.kafka.storage.internals.log.LogLoader)
kafka1      | 2026-09-26T00:25:58.814972698Z [2026-09-26 00:25:58,814] INFO [LogLoader partition=__consumer_offsets-46, dir=/tmp/kafka-logs] Loading producer state till offset 0 (org.apache.kafka.storage.internals.log.UnifiedLog)
kafka1      | 2026-09-26T00:25:58.815017929Z [2026-09-26 00:25:58,814] INFO [LogLoader partition=__consumer_offsets-46, dir=/tmp/kafka-logs] Reloading from producer snapshot and rebuilding producer state from offset 0 (org.apache.kafka.storage.internals.log.UnifiedLog)
kafka1      | 2026-09-26T00:25:58.815581184Z [2026-09-26 00:25:58,814] INFO [LogLoader partition=__consumer_offsets-46, dir=/tmp/kafka-logs] Producer state recovery took 0ms for snapshot load and 0ms for segment recovery from offset 0 (org.apache.kafka.storage.internals.log.UnifiedLog)
kafka1      | 2026-09-26T00:25:58.815622337Z [2026-09-26 00:25:58,815] INFO Completed load of Log(dir=/tmp/kafka-logs/__consumer_offsets-1, topicId=ZGFhrgkeSDKE-O_FaP3hAA, topic=__consumer_offsets, partition=1, highWatermark=0, lastStableOffset=0, logStartOffset=0, logEndOffset=0) with 1 segments, local-log-start-offset 0 and log-end-offset 0 in 18ms (40/52 completed in /tmp/kafka-logs) (kafka.log.LogManager)
kafka1      | 2026-09-26T00:25:58.820713908Z [2026-09-26 00:25:58,819] INFO [LogLoader partition=__consumer_offsets-46, dir=/tmp/kafka-logs] Loading producer state till offset 0 (org.apache.kafka.storage.internals.log.UnifiedLog)
kafka1      | 2026-09-26T00:25:58.820967228Z [2026-09-26 00:25:58,820] INFO [LogLoader partition=__consumer_offsets-29, dir=/tmp/kafka-logs] Recovering unflushed segment 0. 0 recovered for __consumer_offsets-29. (org.apache.kafka.storage.internals.log.LogLoader)
kafka1      | 2026-09-26T00:25:58.820988070Z [2026-09-26 00:25:58,820] INFO [LogLoader partition=__consumer_offsets-46, dir=/tmp/kafka-logs] Reloading from producer snapshot and rebuilding producer state from offset 0 (org.apache.kafka.storage.internals.log.UnifiedLog)
kafka1      | 2026-09-26T00:25:58.820994603Z [2026-09-26 00:25:58,820] INFO [LogLoader partition=__consumer_offsets-46, dir=/tmp/kafka-logs] Producer state recovery took 0ms for snapshot load and 0ms for segment recovery from offset 0 (org.apache.kafka.storage.internals.log.UnifiedLog)
kafka1      | 2026-09-26T00:25:58.822560152Z [2026-09-26 00:25:58,821] INFO [LogLoader partition=__consumer_offsets-29, dir=/tmp/kafka-logs] Loading producer state till offset 0 (org.apache.kafka.storage.internals.log.UnifiedLog)
kafka1      | 2026-09-26T00:25:58.823610728Z [2026-09-26 00:25:58,822] INFO [LogLoader partition=__consumer_offsets-29, dir=/tmp/kafka-logs] Reloading from producer snapshot and rebuilding producer state from offset 0 (org.apache.kafka.storage.internals.log.UnifiedLog)
kafka1      | 2026-09-26T00:25:58.823688425Z [2026-09-26 00:25:58,823] INFO [LogLoader partition=__consumer_offsets-29, dir=/tmp/kafka-logs] Producer state recovery took 0ms for snapshot load and 0ms for segment recovery from offset 0 (org.apache.kafka.storage.internals.log.UnifiedLog)
kafka1      | 2026-09-26T00:25:58.826169346Z [2026-09-26 00:25:58,825] INFO Completed load of Log(dir=/tmp/kafka-logs/__consumer_offsets-46, topicId=ZGFhrgkeSDKE-O_FaP3hAA, topic=__consumer_offsets, partition=46, highWatermark=0, lastStableOffset=0, logStartOffset=0, logEndOffset=0) with 1 segments, local-log-start-offset 0 and log-end-offset 0 in 17ms (41/52 completed in /tmp/kafka-logs) (kafka.log.LogManager)
kafka1      | 2026-09-26T00:25:58.830677253Z [2026-09-26 00:25:58,829] INFO [LogLoader partition=__consumer_offsets-29, dir=/tmp/kafka-logs] Loading producer state till offset 0 (org.apache.kafka.storage.internals.log.UnifiedLog)
kafka1      | 2026-09-26T00:25:58.830750049Z [2026-09-26 00:25:58,830] INFO [LogLoader partition=__consumer_offsets-29, dir=/tmp/kafka-logs] Reloading from producer snapshot and rebuilding producer state from offset 0 (org.apache.kafka.storage.internals.log.UnifiedLog)
kafka1      | 2026-09-26T00:25:58.831001856Z [2026-09-26 00:25:58,830] INFO [LogLoader partition=__consumer_offsets-29, dir=/tmp/kafka-logs] Producer state recovery took 0ms for snapshot load and 0ms for segment recovery from offset 0 (org.apache.kafka.storage.internals.log.UnifiedLog)
kafka1      | 2026-09-26T00:25:58.832630362Z [2026-09-26 00:25:58,831] INFO [LogLoader partition=__consumer_offsets-5, dir=/tmp/kafka-logs] Recovering unflushed segment 0. 0 recovered for __consumer_offsets-5. (org.apache.kafka.storage.internals.log.LogLoader)
kafka1      | 2026-09-26T00:25:58.834019940Z [2026-09-26 00:25:58,833] INFO [LogLoader partition=__consumer_offsets-5, dir=/tmp/kafka-logs] Loading producer state till offset 0 (org.apache.kafka.storage.internals.log.UnifiedLog)
kafka1      | 2026-09-26T00:25:58.834094430Z [2026-09-26 00:25:58,833] INFO [LogLoader partition=__consumer_offsets-5, dir=/tmp/kafka-logs] Reloading from producer snapshot and rebuilding producer state from offset 0 (org.apache.kafka.storage.internals.log.UnifiedLog)
kafka1      | 2026-09-26T00:25:58.834132266Z [2026-09-26 00:25:58,834] INFO [LogLoader partition=__consumer_offsets-5, dir=/tmp/kafka-logs] Producer state recovery took 0ms for snapshot load and 0ms for segment recovery from offset 0 (org.apache.kafka.storage.internals.log.UnifiedLog)
kafka1      | 2026-09-26T00:25:58.834618351Z [2026-09-26 00:25:58,834] INFO Completed load of Log(dir=/tmp/kafka-logs/__consumer_offsets-29, topicId=ZGFhrgkeSDKE-O_FaP3hAA, topic=__consumer_offsets, partition=29, highWatermark=0, lastStableOffset=0, logStartOffset=0, logEndOffset=0) with 1 segments, local-log-start-offset 0 and log-end-offset 0 in 18ms (42/52 completed in /tmp/kafka-logs) (kafka.log.LogManager)
kafka1      | 2026-09-26T00:25:58.838999721Z [2026-09-26 00:25:58,838] INFO [LogLoader partition=__consumer_offsets-5, dir=/tmp/kafka-logs] Loading producer state till offset 0 (org.apache.kafka.storage.internals.log.UnifiedLog)
kafka1      | 2026-09-26T00:25:58.839086536Z [2026-09-26 00:25:58,838] INFO [LogLoader partition=__consumer_offsets-5, dir=/tmp/kafka-logs] Reloading from producer snapshot and rebuilding producer state from offset 0 (org.apache.kafka.storage.internals.log.UnifiedLog)
kafka1      | 2026-09-26T00:25:58.839137739Z [2026-09-26 00:25:58,838] INFO [LogLoader partition=__consumer_offsets-5, dir=/tmp/kafka-logs] Producer state recovery took 0ms for snapshot load and 0ms for segment recovery from offset 0 (org.apache.kafka.storage.internals.log.UnifiedLog)
kafka1      | 2026-09-26T00:25:58.841232956Z [2026-09-26 00:25:58,840] INFO [LogLoader partition=__consumer_offsets-6, dir=/tmp/kafka-logs] Recovering unflushed segment 0. 0 recovered for __consumer_offsets-6. (org.apache.kafka.storage.internals.log.LogLoader)
kafka1      | 2026-09-26T00:25:58.842560299Z [2026-09-26 00:25:58,841] INFO Completed load of Log(dir=/tmp/kafka-logs/__consumer_offsets-5, topicId=ZGFhrgkeSDKE-O_FaP3hAA, topic=__consumer_offsets, partition=5, highWatermark=0, lastStableOffset=0, logStartOffset=0, logEndOffset=0) with 1 segments, local-log-start-offset 0 and log-end-offset 0 in 15ms (43/52 completed in /tmp/kafka-logs) (kafka.log.LogManager)
kafka1      | 2026-09-26T00:25:58.842610310Z [2026-09-26 00:25:58,841] INFO [LogLoader partition=__consumer_offsets-6, dir=/tmp/kafka-logs] Loading producer state till offset 0 (org.apache.kafka.storage.internals.log.UnifiedLog)
kafka1      | 2026-09-26T00:25:58.843049786Z [2026-09-26 00:25:58,842] INFO [LogLoader partition=__consumer_offsets-6, dir=/tmp/kafka-logs] Reloading from producer snapshot and rebuilding producer state from offset 0 (org.apache.kafka.storage.internals.log.UnifiedLog)
kafka1      | 2026-09-26T00:25:58.843082392Z [2026-09-26 00:25:58,842] INFO [LogLoader partition=__consumer_offsets-6, dir=/tmp/kafka-logs] Producer state recovery took 0ms for snapshot load and 0ms for segment recovery from offset 0 (org.apache.kafka.storage.internals.log.UnifiedLog)
kafka1      | 2026-09-26T00:25:58.847622804Z [2026-09-26 00:25:58,846] INFO [LogLoader partition=__consumer_offsets-37, dir=/tmp/kafka-logs] Recovering unflushed segment 0. 0 recovered for __consumer_offsets-37. (org.apache.kafka.storage.internals.log.LogLoader)
kafka1      | 2026-09-26T00:25:58.847692454Z [2026-09-26 00:25:58,847] INFO [LogLoader partition=__consumer_offsets-6, dir=/tmp/kafka-logs] Loading producer state till offset 0 (org.apache.kafka.storage.internals.log.UnifiedLog)
kafka1      | 2026-09-26T00:25:58.847702384Z [2026-09-26 00:25:58,847] INFO [LogLoader partition=__consumer_offsets-6, dir=/tmp/kafka-logs] Reloading from producer snapshot and rebuilding producer state from offset 0 (org.apache.kafka.storage.internals.log.UnifiedLog)
kafka1      | 2026-09-26T00:25:58.848028981Z [2026-09-26 00:25:58,847] INFO [LogLoader partition=__consumer_offsets-6, dir=/tmp/kafka-logs] Producer state recovery took 0ms for snapshot load and 0ms for segment recovery from offset 0 (org.apache.kafka.storage.internals.log.UnifiedLog)
kafka1      | 2026-09-26T00:25:58.849052342Z [2026-09-26 00:25:58,848] INFO [LogLoader partition=__consumer_offsets-37, dir=/tmp/kafka-logs] Loading producer state till offset 0 (org.apache.kafka.storage.internals.log.UnifiedLog)
kafka1      | 2026-09-26T00:25:58.849118034Z [2026-09-26 00:25:58,848] INFO [LogLoader partition=__consumer_offsets-37, dir=/tmp/kafka-logs] Reloading from producer snapshot and rebuilding producer state from offset 0 (org.apache.kafka.storage.internals.log.UnifiedLog)
kafka1      | 2026-09-26T00:25:58.849126461Z [2026-09-26 00:25:58,848] INFO [LogLoader partition=__consumer_offsets-37, dir=/tmp/kafka-logs] Producer state recovery took 0ms for snapshot load and 0ms for segment recovery from offset 0 (org.apache.kafka.storage.internals.log.UnifiedLog)
kafka1      | 2026-09-26T00:25:58.852226446Z [2026-09-26 00:25:58,851] INFO Completed load of Log(dir=/tmp/kafka-logs/__consumer_offsets-6, topicId=ZGFhrgkeSDKE-O_FaP3hAA, topic=__consumer_offsets, partition=6, highWatermark=0, lastStableOffset=0, logStartOffset=0, logEndOffset=0) with 1 segments, local-log-start-offset 0 and log-end-offset 0 in 16ms (44/52 completed in /tmp/kafka-logs) (kafka.log.LogManager)
kafka1      | 2026-09-26T00:25:58.853828677Z [2026-09-26 00:25:58,853] INFO [LogLoader partition=__consumer_offsets-37, dir=/tmp/kafka-logs] Loading producer state till offset 0 (org.apache.kafka.storage.internals.log.UnifiedLog)
kafka1      | 2026-09-26T00:25:58.853894880Z [2026-09-26 00:25:58,853] INFO [LogLoader partition=__consumer_offsets-37, dir=/tmp/kafka-logs] Reloading from producer snapshot and rebuilding producer state from offset 0 (org.apache.kafka.storage.internals.log.UnifiedLog)
kafka1      | 2026-09-26T00:25:58.855083749Z [2026-09-26 00:25:58,854] INFO [LogLoader partition=__consumer_offsets-37, dir=/tmp/kafka-logs] Producer state recovery took 0ms for snapshot load and 0ms for segment recovery from offset 0 (org.apache.kafka.storage.internals.log.UnifiedLog)
kafka1      | 2026-09-26T00:25:58.858851607Z [2026-09-26 00:25:58,858] INFO Completed load of Log(dir=/tmp/kafka-logs/__consumer_offsets-37, topicId=ZGFhrgkeSDKE-O_FaP3hAA, topic=__consumer_offsets, partition=37, highWatermark=0, lastStableOffset=0, logStartOffset=0, logEndOffset=0) with 1 segments, local-log-start-offset 0 and log-end-offset 0 in 15ms (45/52 completed in /tmp/kafka-logs) (kafka.log.LogManager)
kafka1      | 2026-09-26T00:25:58.858929603Z [2026-09-26 00:25:58,858] INFO [LogLoader partition=__consumer_offsets-18, dir=/tmp/kafka-logs] Recovering unflushed segment 0. 0 recovered for __consumer_offsets-18. (org.apache.kafka.storage.internals.log.LogLoader)
kafka1      | 2026-09-26T00:25:58.859962071Z [2026-09-26 00:25:58,859] INFO [LogLoader partition=__consumer_offsets-18, dir=/tmp/kafka-logs] Loading producer state till offset 0 (org.apache.kafka.storage.internals.log.UnifiedLog)
kafka1      | 2026-09-26T00:25:58.860052601Z [2026-09-26 00:25:58,859] INFO [LogLoader partition=__consumer_offsets-18, dir=/tmp/kafka-logs] Reloading from producer snapshot and rebuilding producer state from offset 0 (org.apache.kafka.storage.internals.log.UnifiedLog)
kafka1      | 2026-09-26T00:25:58.860748132Z [2026-09-26 00:25:58,860] INFO [LogLoader partition=__consumer_offsets-18, dir=/tmp/kafka-logs] Producer state recovery took 0ms for snapshot load and 0ms for segment recovery from offset 0 (org.apache.kafka.storage.internals.log.UnifiedLog)
kafka1      | 2026-09-26T00:25:58.866611201Z [2026-09-26 00:25:58,865] INFO [LogLoader partition=__consumer_offsets-18, dir=/tmp/kafka-logs] Loading producer state till offset 0 (org.apache.kafka.storage.internals.log.UnifiedLog)
kafka1      | 2026-09-26T00:25:58.869680506Z [2026-09-26 00:25:58,866] INFO [LogLoader partition=__consumer_offsets-18, dir=/tmp/kafka-logs] Reloading from producer snapshot and rebuilding producer state from offset 0 (org.apache.kafka.storage.internals.log.UnifiedLog)
kafka1      | 2026-09-26T00:25:58.869766338Z [2026-09-26 00:25:58,866] INFO [LogLoader partition=__consumer_offsets-18, dir=/tmp/kafka-logs] Producer state recovery took 0ms for snapshot load and 0ms for segment recovery from offset 0 (org.apache.kafka.storage.internals.log.UnifiedLog)
kafka1      | 2026-09-26T00:25:58.869776228Z [2026-09-26 00:25:58,867] INFO [LogLoader partition=__consumer_offsets-11, dir=/tmp/kafka-logs] Recovering unflushed segment 0. 0 recovered for __consumer_offsets-11. (org.apache.kafka.storage.internals.log.LogLoader)
kafka1      | 2026-09-26T00:25:58.869783894Z [2026-09-26 00:25:58,868] INFO [LogLoader partition=__consumer_offsets-11, dir=/tmp/kafka-logs] Loading producer state till offset 0 (org.apache.kafka.storage.internals.log.UnifiedLog)
kafka1      | 2026-09-26T00:25:58.869834956Z [2026-09-26 00:25:58,869] INFO [LogLoader partition=__consumer_offsets-11, dir=/tmp/kafka-logs] Reloading from producer snapshot and rebuilding producer state from offset 0 (org.apache.kafka.storage.internals.log.UnifiedLog)
kafka1      | 2026-09-26T00:25:58.869892094Z [2026-09-26 00:25:58,869] INFO [LogLoader partition=__consumer_offsets-11, dir=/tmp/kafka-logs] Producer state recovery took 0ms for snapshot load and 0ms for segment recovery from offset 0 (org.apache.kafka.storage.internals.log.UnifiedLog)
kafka1      | 2026-09-26T00:25:58.874296054Z [2026-09-26 00:25:58,873] INFO Completed load of Log(dir=/tmp/kafka-logs/__consumer_offsets-18, topicId=ZGFhrgkeSDKE-O_FaP3hAA, topic=__consumer_offsets, partition=18, highWatermark=0, lastStableOffset=0, logStartOffset=0, logEndOffset=0) with 1 segments, local-log-start-offset 0 and log-end-offset 0 in 21ms (46/52 completed in /tmp/kafka-logs) (kafka.log.LogManager)
kafka1      | 2026-09-26T00:25:58.878184701Z [2026-09-26 00:25:58,877] INFO [LogLoader partition=__consumer_offsets-11, dir=/tmp/kafka-logs] Loading producer state till offset 0 (org.apache.kafka.storage.internals.log.UnifiedLog)
kafka1      | 2026-09-26T00:25:58.878487178Z [2026-09-26 00:25:58,877] INFO [LogLoader partition=__consumer_offsets-11, dir=/tmp/kafka-logs] Reloading from producer snapshot and rebuilding producer state from offset 0 (org.apache.kafka.storage.internals.log.UnifiedLog)
kafka1      | 2026-09-26T00:25:58.879136987Z [2026-09-26 00:25:58,878] INFO [LogLoader partition=__consumer_offsets-11, dir=/tmp/kafka-logs] Producer state recovery took 0ms for snapshot load and 0ms for segment recovery from offset 0 (org.apache.kafka.storage.internals.log.UnifiedLog)
kafka1      | 2026-09-26T00:25:58.883813794Z [2026-09-26 00:25:58,883] INFO Completed load of Log(dir=/tmp/kafka-logs/__consumer_offsets-11, topicId=ZGFhrgkeSDKE-O_FaP3hAA, topic=__consumer_offsets, partition=11, highWatermark=0, lastStableOffset=0, logStartOffset=0, logEndOffset=0) with 1 segments, local-log-start-offset 0 and log-end-offset 0 in 24ms (47/52 completed in /tmp/kafka-logs) (kafka.log.LogManager)
kafka1      | 2026-09-26T00:25:58.883909596Z [2026-09-26 00:25:58,883] INFO [LogLoader partition=dados-sensores-2, dir=/tmp/kafka-logs] Recovering unflushed segment 0. 0 recovered for dados-sensores-2. (org.apache.kafka.storage.internals.log.LogLoader)
kafka1      | 2026-09-26T00:25:58.885505229Z [2026-09-26 00:25:58,884] INFO [LogLoader partition=dados-sensores-2, dir=/tmp/kafka-logs] Loading producer state till offset 0 (org.apache.kafka.storage.internals.log.UnifiedLog)
kafka1      | 2026-09-26T00:25:58.885786412Z [2026-09-26 00:25:58,885] INFO [LogLoader partition=dados-sensores-2, dir=/tmp/kafka-logs] Reloading from producer snapshot and rebuilding producer state from offset 0 (org.apache.kafka.storage.internals.log.UnifiedLog)
kafka1      | 2026-09-26T00:25:58.887332190Z [2026-09-26 00:25:58,886] INFO [LogLoader partition=dados-sensores-2, dir=/tmp/kafka-logs] Producer state recovery took 0ms for snapshot load and 0ms for segment recovery from offset 0 (org.apache.kafka.storage.internals.log.UnifiedLog)
kafka1      | 2026-09-26T00:25:58.890664975Z [2026-09-26 00:25:58,889] INFO [LogLoader partition=__consumer_offsets-49, dir=/tmp/kafka-logs] Recovering unflushed segment 0. 0 recovered for __consumer_offsets-49. (org.apache.kafka.storage.internals.log.LogLoader)
kafka1      | 2026-09-26T00:25:58.892681622Z [2026-09-26 00:25:58,891] INFO [LogLoader partition=__consumer_offsets-49, dir=/tmp/kafka-logs] Loading producer state till offset 0 (org.apache.kafka.storage.internals.log.UnifiedLog)
kafka1      | 2026-09-26T00:25:58.892835221Z [2026-09-26 00:25:58,892] INFO [LogLoader partition=__consumer_offsets-49, dir=/tmp/kafka-logs] Reloading from producer snapshot and rebuilding producer state from offset 0 (org.apache.kafka.storage.internals.log.UnifiedLog)
kafka1      | 2026-09-26T00:25:58.893851628Z [2026-09-26 00:25:58,892] INFO [LogLoader partition=__consumer_offsets-49, dir=/tmp/kafka-logs] Producer state recovery took 0ms for snapshot load and 0ms for segment recovery from offset 0 (org.apache.kafka.storage.internals.log.UnifiedLog)
kafka1      | 2026-09-26T00:25:58.901042082Z [2026-09-26 00:25:58,900] INFO [LogLoader partition=__consumer_offsets-49, dir=/tmp/kafka-logs] Loading producer state till offset 0 (org.apache.kafka.storage.internals.log.UnifiedLog)
kafka1      | 2026-09-26T00:25:58.901119688Z [2026-09-26 00:25:58,900] INFO [LogLoader partition=__consumer_offsets-49, dir=/tmp/kafka-logs] Reloading from producer snapshot and rebuilding producer state from offset 0 (org.apache.kafka.storage.internals.log.UnifiedLog)
kafka1      | 2026-09-26T00:25:58.901816202Z [2026-09-26 00:25:58,901] INFO [LogLoader partition=__consumer_offsets-49, dir=/tmp/kafka-logs] Producer state recovery took 1ms for snapshot load and 0ms for segment recovery from offset 0 (org.apache.kafka.storage.internals.log.UnifiedLog)
kafka1      | 2026-09-26T00:25:58.901859499Z [2026-09-26 00:25:58,901] INFO [ProducerStateManager partition=dados-sensores-2] Wrote producer snapshot at offset 20 with 1 producer ids in 7 ms. (org.apache.kafka.storage.internals.log.ProducerStateManager)
kafka1      | 2026-09-26T00:25:58.907318146Z [2026-09-26 00:25:58,906] INFO Completed load of Log(dir=/tmp/kafka-logs/__consumer_offsets-49, topicId=ZGFhrgkeSDKE-O_FaP3hAA, topic=__consumer_offsets, partition=49, highWatermark=0, lastStableOffset=0, logStartOffset=0, logEndOffset=0) with 1 segments, local-log-start-offset 0 and log-end-offset 0 in 22ms (48/52 completed in /tmp/kafka-logs) (kafka.log.LogManager)
kafka1      | 2026-09-26T00:25:58.907403658Z [2026-09-26 00:25:58,906] INFO [LogLoader partition=dados-sensores-2, dir=/tmp/kafka-logs] Loading producer state till offset 20 (org.apache.kafka.storage.internals.log.UnifiedLog)
kafka1      | 2026-09-26T00:25:58.908053044Z [2026-09-26 00:25:58,907] INFO [LogLoader partition=dados-sensores-2, dir=/tmp/kafka-logs] Reloading from producer snapshot and rebuilding producer state from offset 20 (org.apache.kafka.storage.internals.log.UnifiedLog)
kafka1      | 2026-09-26T00:25:58.908617557Z [2026-09-26 00:25:58,908] INFO [ProducerStateManager partition=dados-sensores-2] Loading producer state from snapshot file 'SnapshotFile(offset=20, file=/tmp/kafka-logs/dados-sensores-2/00000000000000000020.snapshot)' (org.apache.kafka.storage.internals.log.ProducerStateManager)
kafka1      | 2026-09-26T00:25:58.910556177Z [2026-09-26 00:25:58,909] INFO [LogLoader partition=dados-sensores-2, dir=/tmp/kafka-logs] Producer state recovery took 2ms for snapshot load and 0ms for segment recovery from offset 20 (org.apache.kafka.storage.internals.log.UnifiedLog)
kafka1      | 2026-09-26T00:25:58.914969156Z [2026-09-26 00:25:58,914] INFO Completed load of Log(dir=/tmp/kafka-logs/dados-sensores-2, topicId=kSEfEO15SLGhnZ_ydx6XRQ, topic=dados-sensores, partition=2, highWatermark=0, lastStableOffset=0, logStartOffset=0, logEndOffset=20) with 1 segments, local-log-start-offset 0 and log-end-offset 20 in 38ms (49/52 completed in /tmp/kafka-logs) (kafka.log.LogManager)
kafka1      | 2026-09-26T00:25:58.915297053Z [2026-09-26 00:25:58,914] INFO [LogLoader partition=__consumer_offsets-16, dir=/tmp/kafka-logs] Recovering unflushed segment 0. 0 recovered for __consumer_offsets-16. (org.apache.kafka.storage.internals.log.LogLoader)
kafka1      | 2026-09-26T00:25:58.917441755Z [2026-09-26 00:25:58,916] INFO [LogLoader partition=__consumer_offsets-16, dir=/tmp/kafka-logs] Loading producer state till offset 0 (org.apache.kafka.storage.internals.log.UnifiedLog)
kafka1      | 2026-09-26T00:25:58.917885801Z [2026-09-26 00:25:58,917] INFO [LogLoader partition=__consumer_offsets-16, dir=/tmp/kafka-logs] Reloading from producer snapshot and rebuilding producer state from offset 0 (org.apache.kafka.storage.internals.log.UnifiedLog)
kafka1      | 2026-09-26T00:25:58.918608913Z [2026-09-26 00:25:58,918] INFO [LogLoader partition=__consumer_offsets-16, dir=/tmp/kafka-logs] Producer state recovery took 0ms for snapshot load and 0ms for segment recovery from offset 0 (org.apache.kafka.storage.internals.log.UnifiedLog)
kafka1      | 2026-09-26T00:25:58.923647074Z [2026-09-26 00:25:58,922] INFO [LogLoader partition=__consumer_offsets-30, dir=/tmp/kafka-logs] Recovering unflushed segment 0. 0 recovered for __consumer_offsets-30. (org.apache.kafka.storage.internals.log.LogLoader)
kafka1      | 2026-09-26T00:25:58.924239792Z [2026-09-26 00:25:58,923] INFO [LogLoader partition=__consumer_offsets-16, dir=/tmp/kafka-logs] Loading producer state till offset 0 (org.apache.kafka.storage.internals.log.UnifiedLog)
kafka1      | 2026-09-26T00:25:58.924416858Z [2026-09-26 00:25:58,924] INFO [LogLoader partition=__consumer_offsets-16, dir=/tmp/kafka-logs] Reloading from producer snapshot and rebuilding producer state from offset 0 (org.apache.kafka.storage.internals.log.UnifiedLog)
kafka1      | 2026-09-26T00:25:58.924435325Z [2026-09-26 00:25:58,924] INFO [LogLoader partition=__consumer_offsets-30, dir=/tmp/kafka-logs] Loading producer state till offset 0 (org.apache.kafka.storage.internals.log.UnifiedLog)
kafka1      | 2026-09-26T00:25:58.924712297Z [2026-09-26 00:25:58,924] INFO [LogLoader partition=__consumer_offsets-30, dir=/tmp/kafka-logs] Reloading from producer snapshot and rebuilding producer state from offset 0 (org.apache.kafka.storage.internals.log.UnifiedLog)
kafka1      | 2026-09-26T00:25:58.924980404Z [2026-09-26 00:25:58,924] INFO [LogLoader partition=__consumer_offsets-16, dir=/tmp/kafka-logs] Producer state recovery took 0ms for snapshot load and 0ms for segment recovery from offset 0 (org.apache.kafka.storage.internals.log.UnifiedLog)
kafka1      | 2026-09-26T00:25:58.925427343Z [2026-09-26 00:25:58,924] INFO [LogLoader partition=__consumer_offsets-30, dir=/tmp/kafka-logs] Producer state recovery took 0ms for snapshot load and 0ms for segment recovery from offset 0 (org.apache.kafka.storage.internals.log.UnifiedLog)
kafka1      | 2026-09-26T00:25:58.929257461Z [2026-09-26 00:25:58,928] INFO Completed load of Log(dir=/tmp/kafka-logs/__consumer_offsets-16, topicId=ZGFhrgkeSDKE-O_FaP3hAA, topic=__consumer_offsets, partition=16, highWatermark=0, lastStableOffset=0, logStartOffset=0, logEndOffset=0) with 1 segments, local-log-start-offset 0 and log-end-offset 0 in 21ms (50/52 completed in /tmp/kafka-logs) (kafka.log.LogManager)
kafka1      | 2026-09-26T00:25:58.933677236Z [2026-09-26 00:25:58,931] INFO [LogLoader partition=__consumer_offsets-30, dir=/tmp/kafka-logs] Loading producer state till offset 0 (org.apache.kafka.storage.internals.log.UnifiedLog)
kafka1      | 2026-09-26T00:25:58.934155555Z [2026-09-26 00:25:58,932] INFO [LogLoader partition=__consumer_offsets-30, dir=/tmp/kafka-logs] Reloading from producer snapshot and rebuilding producer state from offset 0 (org.apache.kafka.storage.internals.log.UnifiedLog)
kafka1      | 2026-09-26T00:25:58.934183251Z [2026-09-26 00:25:58,932] INFO [LogLoader partition=__consumer_offsets-30, dir=/tmp/kafka-logs] Producer state recovery took 0ms for snapshot load and 0ms for segment recovery from offset 0 (org.apache.kafka.storage.internals.log.UnifiedLog)
kafka1      | 2026-09-26T00:25:58.938061784Z [2026-09-26 00:25:58,936] INFO [LogLoader partition=__consumer_offsets-32, dir=/tmp/kafka-logs] Recovering unflushed segment 0. 0 recovered for __consumer_offsets-32. (org.apache.kafka.storage.internals.log.LogLoader)
kafka1      | 2026-09-26T00:25:58.939804590Z [2026-09-26 00:25:58,938] INFO [LogLoader partition=__consumer_offsets-32, dir=/tmp/kafka-logs] Loading producer state till offset 0 (org.apache.kafka.storage.internals.log.UnifiedLog)
kafka1      | 2026-09-26T00:25:58.939852136Z [2026-09-26 00:25:58,939] INFO Completed load of Log(dir=/tmp/kafka-logs/__consumer_offsets-30, topicId=ZGFhrgkeSDKE-O_FaP3hAA, topic=__consumer_offsets, partition=30, highWatermark=0, lastStableOffset=0, logStartOffset=0, logEndOffset=0) with 1 segments, local-log-start-offset 0 and log-end-offset 0 in 23ms (51/52 completed in /tmp/kafka-logs) (kafka.log.LogManager)
kafka1      | 2026-09-26T00:25:58.941278658Z [2026-09-26 00:25:58,939] INFO [LogLoader partition=__consumer_offsets-32, dir=/tmp/kafka-logs] Reloading from producer snapshot and rebuilding producer state from offset 0 (org.apache.kafka.storage.internals.log.UnifiedLog)
kafka1      | 2026-09-26T00:25:58.941398029Z [2026-09-26 00:25:58,939] INFO [LogLoader partition=__consumer_offsets-32, dir=/tmp/kafka-logs] Producer state recovery took 0ms for snapshot load and 0ms for segment recovery from offset 0 (org.apache.kafka.storage.internals.log.UnifiedLog)
kafka1      | 2026-09-26T00:25:58.947114291Z [2026-09-26 00:25:58,946] INFO [LogLoader partition=__consumer_offsets-32, dir=/tmp/kafka-logs] Loading producer state till offset 0 (org.apache.kafka.storage.internals.log.UnifiedLog)
kafka1      | 2026-09-26T00:25:58.947172288Z [2026-09-26 00:25:58,946] INFO [LogLoader partition=__consumer_offsets-32, dir=/tmp/kafka-logs] Reloading from producer snapshot and rebuilding producer state from offset 0 (org.apache.kafka.storage.internals.log.UnifiedLog)
kafka1      | 2026-09-26T00:25:58.947393716Z [2026-09-26 00:25:58,947] INFO [LogLoader partition=__consumer_offsets-32, dir=/tmp/kafka-logs] Producer state recovery took 0ms for snapshot load and 0ms for segment recovery from offset 0 (org.apache.kafka.storage.internals.log.UnifiedLog)
kafka1      | 2026-09-26T00:25:58.950803157Z [2026-09-26 00:25:58,950] INFO Completed load of Log(dir=/tmp/kafka-logs/__consumer_offsets-32, topicId=ZGFhrgkeSDKE-O_FaP3hAA, topic=__consumer_offsets, partition=32, highWatermark=0, lastStableOffset=0, logStartOffset=0, logEndOffset=0) with 1 segments, local-log-start-offset 0 and log-end-offset 0 in 20ms (52/52 completed in /tmp/kafka-logs) (kafka.log.LogManager)
kafka1      | 2026-09-26T00:25:58.968118473Z [2026-09-26 00:25:58,967] INFO Loaded 52 logs in 775ms (unclean log dirs = ArrayBuffer(/tmp/kafka-logs)) (kafka.log.LogManager)
kafka1      | 2026-09-26T00:25:58.969957007Z [2026-09-26 00:25:58,969] INFO Starting log cleanup with a period of 300000 ms. (kafka.log.LogManager)
kafka1      | 2026-09-26T00:25:58.972201546Z [2026-09-26 00:25:58,971] INFO Starting log flusher with a default period of 9223372036854775807 ms. (kafka.log.LogManager)
kafka1      | 2026-09-26T00:25:59.232303376Z [2026-09-26 00:25:59,231] INFO [LogDirFailureHandler]: Starting (kafka.server.ReplicaManager$LogDirFailureHandler)
kafka1      | 2026-09-26T00:25:59.233529009Z [2026-09-26 00:25:59,232] INFO [AddPartitionsToTxnSenderThread-1]: Starting (org.apache.kafka.server.transaction.AddPartitionsToTxnManager)
kafka1      | 2026-09-26T00:25:59.235026163Z [2026-09-26 00:25:59,234] INFO [GroupCoordinator id=1] Starting up. (org.apache.kafka.coordinator.group.GroupCoordinatorService)
kafka1      | 2026-09-26T00:25:59.236342582Z [2026-09-26 00:25:59,235] INFO [GroupCoordinator id=1] Startup complete. (org.apache.kafka.coordinator.group.GroupCoordinatorService)
kafka1      | 2026-09-26T00:25:59.239987690Z [2026-09-26 00:25:59,239] INFO [TransactionCoordinator id=1] Starting up. (kafka.coordinator.transaction.TransactionCoordinator)
kafka1      | 2026-09-26T00:25:59.246119003Z [2026-09-26 00:25:59,245] INFO [TxnMarkerSenderThread-1]: Starting (kafka.coordinator.transaction.TransactionMarkerChannelManager)
kafka1      | 2026-09-26T00:25:59.247847074Z [2026-09-26 00:25:59,246] INFO [TransactionCoordinator id=1] Startup complete. (kafka.coordinator.transaction.TransactionCoordinator)
kafka1      | 2026-09-26T00:25:59.249016818Z [2026-09-26 00:25:59,248] INFO [ShareCoordinator id=1] Starting up. (org.apache.kafka.coordinator.share.ShareCoordinatorService)
kafka1      | 2026-09-26T00:25:59.249377774Z [2026-09-26 00:25:59,248] INFO [ShareCoordinator id=1] Startup complete. (org.apache.kafka.coordinator.share.ShareCoordinatorService)
kafka1      | 2026-09-26T00:25:59.293336769Z [2026-09-26 00:25:59,292] INFO [Partition __consumer_offsets-13 broker=1] Log loaded for partition __consumer_offsets-13 with initial high watermark 0 (kafka.cluster.Partition)
kafka1      | 2026-09-26T00:25:59.317873655Z [2026-09-26 00:25:59,317] INFO [Partition __consumer_offsets-46 broker=1] Log loaded for partition __consumer_offsets-46 with initial high watermark 0 (kafka.cluster.Partition)
kafka1      | 2026-09-26T00:25:59.322647530Z [2026-09-26 00:25:59,321] INFO [Partition __consumer_offsets-9 broker=1] Log loaded for partition __consumer_offsets-9 with initial high watermark 0 (kafka.cluster.Partition)
kafka1      | 2026-09-26T00:25:59.327200698Z [2026-09-26 00:25:59,326] INFO [Partition __consumer_offsets-42 broker=1] Log loaded for partition __consumer_offsets-42 with initial high watermark 0 (kafka.cluster.Partition)
kafka1      | 2026-09-26T00:25:59.331280327Z [2026-09-26 00:25:59,330] INFO [Partition __consumer_offsets-21 broker=1] Log loaded for partition __consumer_offsets-21 with initial high watermark 0 (kafka.cluster.Partition)
kafka1      | 2026-09-26T00:25:59.335607150Z [2026-09-26 00:25:59,334] INFO [Partition __consumer_offsets-17 broker=1] Log loaded for partition __consumer_offsets-17 with initial high watermark 0 (kafka.cluster.Partition)
kafka1      | 2026-09-26T00:25:59.340659495Z [2026-09-26 00:25:59,339] INFO [Partition __consumer_offsets-30 broker=1] Log loaded for partition __consumer_offsets-30 with initial high watermark 0 (kafka.cluster.Partition)
kafka1      | 2026-09-26T00:25:59.345214308Z [2026-09-26 00:25:59,344] INFO [Partition __consumer_offsets-26 broker=1] Log loaded for partition __consumer_offsets-26 with initial high watermark 0 (kafka.cluster.Partition)
kafka1      | 2026-09-26T00:25:59.348881520Z [2026-09-26 00:25:59,348] INFO [Partition __consumer_offsets-5 broker=1] Log loaded for partition __consumer_offsets-5 with initial high watermark 0 (kafka.cluster.Partition)
kafka1      | 2026-09-26T00:25:59.353515939Z [2026-09-26 00:25:59,352] INFO [Partition __consumer_offsets-38 broker=1] Log loaded for partition __consumer_offsets-38 with initial high watermark 0 (kafka.cluster.Partition)
kafka1      | 2026-09-26T00:25:59.357345453Z [2026-09-26 00:25:59,356] INFO [Partition dados-sensores-0 broker=1] Log loaded for partition dados-sensores-0 with initial high watermark 18 (kafka.cluster.Partition)
kafka1      | 2026-09-26T00:25:59.361611646Z [2026-09-26 00:25:59,360] INFO [Partition __consumer_offsets-1 broker=1] Log loaded for partition __consumer_offsets-1 with initial high watermark 0 (kafka.cluster.Partition)
kafka1      | 2026-09-26T00:25:59.365391370Z [2026-09-26 00:25:59,364] INFO [Partition __consumer_offsets-34 broker=1] Log loaded for partition __consumer_offsets-34 with initial high watermark 0 (kafka.cluster.Partition)
kafka1      | 2026-09-26T00:25:59.369301051Z [2026-09-26 00:25:59,368] INFO [Partition __consumer_offsets-16 broker=1] Log loaded for partition __consumer_offsets-16 with initial high watermark 0 (kafka.cluster.Partition)
kafka1      | 2026-09-26T00:25:59.373782562Z [2026-09-26 00:25:59,372] INFO [Partition __consumer_offsets-45 broker=1] Log loaded for partition __consumer_offsets-45 with initial high watermark 0 (kafka.cluster.Partition)
kafka1      | 2026-09-26T00:25:59.379304098Z [2026-09-26 00:25:59,378] INFO [Partition __consumer_offsets-12 broker=1] Log loaded for partition __consumer_offsets-12 with initial high watermark 0 (kafka.cluster.Partition)
kafka1      | 2026-09-26T00:25:59.384178958Z [2026-09-26 00:25:59,383] INFO [Partition __consumer_offsets-41 broker=1] Log loaded for partition __consumer_offsets-41 with initial high watermark 0 (kafka.cluster.Partition)
kafka1      | 2026-09-26T00:25:59.389071124Z [2026-09-26 00:25:59,388] INFO [Partition __consumer_offsets-24 broker=1] Log loaded for partition __consumer_offsets-24 with initial high watermark 0 (kafka.cluster.Partition)
kafka1      | 2026-09-26T00:25:59.394068949Z [2026-09-26 00:25:59,393] INFO [Partition __consumer_offsets-20 broker=1] Log loaded for partition __consumer_offsets-20 with initial high watermark 0 (kafka.cluster.Partition)
kafka1      | 2026-09-26T00:25:59.398673362Z [2026-09-26 00:25:59,397] INFO [Partition __consumer_offsets-49 broker=1] Log loaded for partition __consumer_offsets-49 with initial high watermark 0 (kafka.cluster.Partition)
kafka1      | 2026-09-26T00:25:59.402844995Z [2026-09-26 00:25:59,402] INFO [Partition __consumer_offsets-0 broker=1] Log loaded for partition __consumer_offsets-0 with initial high watermark 60 (kafka.cluster.Partition)
kafka1      | 2026-09-26T00:25:59.407283472Z [2026-09-26 00:25:59,406] INFO [Partition __consumer_offsets-29 broker=1] Log loaded for partition __consumer_offsets-29 with initial high watermark 0 (kafka.cluster.Partition)
kafka1      | 2026-09-26T00:25:59.411918116Z [2026-09-26 00:25:59,411] INFO [Partition __consumer_offsets-25 broker=1] Log loaded for partition __consumer_offsets-25 with initial high watermark 0 (kafka.cluster.Partition)
kafka1      | 2026-09-26T00:25:59.415995952Z [2026-09-26 00:25:59,415] INFO [Partition __consumer_offsets-8 broker=1] Log loaded for partition __consumer_offsets-8 with initial high watermark 0 (kafka.cluster.Partition)
kafka1      | 2026-09-26T00:25:59.420433688Z [2026-09-26 00:25:59,419] INFO [Partition __consumer_offsets-37 broker=1] Log loaded for partition __consumer_offsets-37 with initial high watermark 0 (kafka.cluster.Partition)
kafka1      | 2026-09-26T00:25:59.425274108Z [2026-09-26 00:25:59,424] INFO [Partition __consumer_offsets-4 broker=1] Log loaded for partition __consumer_offsets-4 with initial high watermark 0 (kafka.cluster.Partition)
kafka1      | 2026-09-26T00:25:59.428581789Z [2026-09-26 00:25:59,427] INFO [Partition __consumer_offsets-33 broker=1] Log loaded for partition __consumer_offsets-33 with initial high watermark 0 (kafka.cluster.Partition)
kafka1      | 2026-09-26T00:25:59.433008930Z [2026-09-26 00:25:59,431] INFO [Partition __consumer_offsets-15 broker=1] Log loaded for partition __consumer_offsets-15 with initial high watermark 0 (kafka.cluster.Partition)
kafka1      | 2026-09-26T00:25:59.436278994Z [2026-09-26 00:25:59,435] INFO [Partition __consumer_offsets-48 broker=1] Log loaded for partition __consumer_offsets-48 with initial high watermark 0 (kafka.cluster.Partition)
kafka1      | 2026-09-26T00:25:59.439818595Z [2026-09-26 00:25:59,438] INFO [Partition __consumer_offsets-11 broker=1] Log loaded for partition __consumer_offsets-11 with initial high watermark 0 (kafka.cluster.Partition)
kafka1      | 2026-09-26T00:25:59.444523653Z [2026-09-26 00:25:59,443] INFO [Partition __consumer_offsets-44 broker=1] Log loaded for partition __consumer_offsets-44 with initial high watermark 0 (kafka.cluster.Partition)
kafka1      | 2026-09-26T00:25:59.448475606Z [2026-09-26 00:25:59,447] INFO [Partition __consumer_offsets-23 broker=1] Log loaded for partition __consumer_offsets-23 with initial high watermark 0 (kafka.cluster.Partition)
kafka1      | 2026-09-26T00:25:59.453250838Z [2026-09-26 00:25:59,452] INFO [Partition __consumer_offsets-19 broker=1] Log loaded for partition __consumer_offsets-19 with initial high watermark 0 (kafka.cluster.Partition)
kafka1      | 2026-09-26T00:25:59.457364975Z [2026-09-26 00:25:59,456] INFO [Partition __consumer_offsets-32 broker=1] Log loaded for partition __consumer_offsets-32 with initial high watermark 0 (kafka.cluster.Partition)
kafka1      | 2026-09-26T00:25:59.461277190Z [2026-09-26 00:25:59,460] INFO [Partition __consumer_offsets-28 broker=1] Log loaded for partition __consumer_offsets-28 with initial high watermark 0 (kafka.cluster.Partition)
kafka1      | 2026-09-26T00:25:59.464691267Z [2026-09-26 00:25:59,463] INFO [Partition __consumer_offsets-7 broker=1] Log loaded for partition __consumer_offsets-7 with initial high watermark 0 (kafka.cluster.Partition)
kafka1      | 2026-09-26T00:25:59.468251707Z [2026-09-26 00:25:59,467] INFO [Partition __consumer_offsets-40 broker=1] Log loaded for partition __consumer_offsets-40 with initial high watermark 0 (kafka.cluster.Partition)
kafka1      | 2026-09-26T00:25:59.471824964Z [2026-09-26 00:25:59,470] INFO [Partition __consumer_offsets-3 broker=1] Log loaded for partition __consumer_offsets-3 with initial high watermark 0 (kafka.cluster.Partition)
kafka1      | 2026-09-26T00:25:59.475744396Z [2026-09-26 00:25:59,474] INFO [Partition __consumer_offsets-36 broker=1] Log loaded for partition __consumer_offsets-36 with initial high watermark 0 (kafka.cluster.Partition)
kafka1      | 2026-09-26T00:25:59.479746984Z [2026-09-26 00:25:59,478] INFO [Partition dados-sensores-2 broker=1] Log loaded for partition dados-sensores-2 with initial high watermark 19 (kafka.cluster.Partition)
kafka1      | 2026-09-26T00:25:59.483388755Z [2026-09-26 00:25:59,482] INFO [Partition __consumer_offsets-47 broker=1] Log loaded for partition __consumer_offsets-47 with initial high watermark 0 (kafka.cluster.Partition)
kafka1      | 2026-09-26T00:25:59.486674516Z [2026-09-26 00:25:59,485] INFO [Partition __consumer_offsets-14 broker=1] Log loaded for partition __consumer_offsets-14 with initial high watermark 0 (kafka.cluster.Partition)
kafka1      | 2026-09-26T00:25:59.490309884Z [2026-09-26 00:25:59,489] INFO [Partition __consumer_offsets-43 broker=1] Log loaded for partition __consumer_offsets-43 with initial high watermark 0 (kafka.cluster.Partition)
kafka1      | 2026-09-26T00:25:59.494078128Z [2026-09-26 00:25:59,493] INFO [Partition __consumer_offsets-10 broker=1] Log loaded for partition __consumer_offsets-10 with initial high watermark 0 (kafka.cluster.Partition)
kafka1      | 2026-09-26T00:25:59.497343389Z [2026-09-26 00:25:59,496] INFO [Partition __consumer_offsets-22 broker=1] Log loaded for partition __consumer_offsets-22 with initial high watermark 0 (kafka.cluster.Partition)
kafka1      | 2026-09-26T00:25:59.501525068Z [2026-09-26 00:25:59,500] INFO [Partition __consumer_offsets-18 broker=1] Log loaded for partition __consumer_offsets-18 with initial high watermark 0 (kafka.cluster.Partition)
kafka1      | 2026-09-26T00:25:59.505186650Z [2026-09-26 00:25:59,504] INFO [Partition __consumer_offsets-31 broker=1] Log loaded for partition __consumer_offsets-31 with initial high watermark 0 (kafka.cluster.Partition)
kafka1      | 2026-09-26T00:25:59.509067316Z [2026-09-26 00:25:59,508] INFO [Partition __consumer_offsets-27 broker=1] Log loaded for partition __consumer_offsets-27 with initial high watermark 0 (kafka.cluster.Partition)
kafka1      | 2026-09-26T00:25:59.513492951Z [2026-09-26 00:25:59,512] INFO [Partition __consumer_offsets-39 broker=1] Log loaded for partition __consumer_offsets-39 with initial high watermark 0 (kafka.cluster.Partition)
kafka1      | 2026-09-26T00:25:59.517493855Z [2026-09-26 00:25:59,516] INFO [Partition __consumer_offsets-6 broker=1] Log loaded for partition __consumer_offsets-6 with initial high watermark 0 (kafka.cluster.Partition)
kafka1      | 2026-09-26T00:25:59.521007953Z [2026-09-26 00:25:59,519] INFO [Partition __consumer_offsets-35 broker=1] Log loaded for partition __consumer_offsets-35 with initial high watermark 0 (kafka.cluster.Partition)
kafka1      | 2026-09-26T00:25:59.524832476Z [2026-09-26 00:25:59,523] INFO [Partition __consumer_offsets-2 broker=1] Log loaded for partition __consumer_offsets-2 with initial high watermark 0 (kafka.cluster.Partition)
kafka1      | 2026-09-26T00:25:59.530606214Z [2026-09-26 00:25:59,529] INFO [ReplicaFetcherManager on broker 1] Removed fetcher for partitions Set(__consumer_offsets-13, __consumer_offsets-46, __consumer_offsets-9, __consumer_offsets-42, __consumer_offsets-21, __consumer_offsets-17, __consumer_offsets-30, __consumer_offsets-26, __consumer_offsets-5, __consumer_offsets-38, dados-sensores-0, __consumer_offsets-1, __consumer_offsets-34, __consumer_offsets-16, __consumer_offsets-45, __consumer_offsets-12, __consumer_offsets-41, __consumer_offsets-24, __consumer_offsets-20, __consumer_offsets-49, __consumer_offsets-0, __consumer_offsets-29, __consumer_offsets-25, __consumer_offsets-8, __consumer_offsets-37, __consumer_offsets-4, __consumer_offsets-33, __consumer_offsets-15, __consumer_offsets-48, __consumer_offsets-11, __consumer_offsets-44, __consumer_offsets-23, __consumer_offsets-19, __consumer_offsets-32, __consumer_offsets-28, __consumer_offsets-7, __consumer_offsets-40, __consumer_offsets-3, __consumer_offsets-36, dados-sensores-2, __consumer_offsets-47, __consumer_offsets-14, __consumer_offsets-43, __consumer_offsets-10, __consumer_offsets-22, __consumer_offsets-18, __consumer_offsets-31, __consumer_offsets-27, __consumer_offsets-39, __consumer_offsets-6, __consumer_offsets-35, __consumer_offsets-2) (kafka.server.ReplicaFetcherManager)
kafka1      | 2026-09-26T00:25:59.619295835Z [2026-09-26 00:25:59,618] INFO [ReplicaFetcherThread-0-2]: Starting (kafka.server.ReplicaFetcherThread)
kafka1      | 2026-09-26T00:25:59.643005206Z [2026-09-26 00:25:59,642] INFO [ReplicaFetcherManager on broker 1] Added fetcher to broker 2 for partitions HashMap(__consumer_offsets-46 -> InitialFetchState(Some(ZGFhrgkeSDKE-O_FaP3hAA),BrokerEndPoint[id=2, host=kafka2, port=19092],1,0), __consumer_offsets-11 -> InitialFetchState(Some(ZGFhrgkeSDKE-O_FaP3hAA),BrokerEndPoint[id=2, host=kafka2, port=19092],0,0), __consumer_offsets-44 -> InitialFetchState(Some(ZGFhrgkeSDKE-O_FaP3hAA),BrokerEndPoint[id=2, host=kafka2, port=19092],1,0), __consumer_offsets-42 -> InitialFetchState(Some(ZGFhrgkeSDKE-O_FaP3hAA),BrokerEndPoint[id=2, host=kafka2, port=19092],0,0), __consumer_offsets-23 -> InitialFetchState(Some(ZGFhrgkeSDKE-O_FaP3hAA),BrokerEndPoint[id=2, host=kafka2, port=19092],0,0), __consumer_offsets-17 -> InitialFetchState(Some(ZGFhrgkeSDKE-O_FaP3hAA),BrokerEndPoint[id=2, host=kafka2, port=19092],0,0), __consumer_offsets-30 -> InitialFetchState(Some(ZGFhrgkeSDKE-O_FaP3hAA),BrokerEndPoint[id=2, host=kafka2, port=19092],1,0), __consumer_offsets-28 -> InitialFetchState(Some(ZGFhrgkeSDKE-O_FaP3hAA),BrokerEndPoint[id=2, host=kafka2, port=19092],0,0), __consumer_offsets-7 -> InitialFetchState(Some(ZGFhrgkeSDKE-O_FaP3hAA),BrokerEndPoint[id=2, host=kafka2, port=19092],0,0), __consumer_offsets-5 -> InitialFetchState(Some(ZGFhrgkeSDKE-O_FaP3hAA),BrokerEndPoint[id=2, host=kafka2, port=19092],0,0), __consumer_offsets-38 -> InitialFetchState(Some(ZGFhrgkeSDKE-O_FaP3hAA),BrokerEndPoint[id=2, host=kafka2, port=19092],1,0), __consumer_offsets-36 -> InitialFetchState(Some(ZGFhrgkeSDKE-O_FaP3hAA),BrokerEndPoint[id=2, host=kafka2, port=19092],0,0), dados-sensores-0 -> InitialFetchState(Some(kSEfEO15SLGhnZ_ydx6XRQ),BrokerEndPoint[id=2, host=kafka2, port=19092],1,18), __consumer_offsets-34 -> InitialFetchState(Some(ZGFhrgkeSDKE-O_FaP3hAA),BrokerEndPoint[id=2, host=kafka2, port=19092],1,0), __consumer_offsets-47 -> InitialFetchState(Some(ZGFhrgkeSDKE-O_FaP3hAA),BrokerEndPoint[id=2, host=kafka2, port=19092],0,0), __consumer_offsets-14 -> InitialFetchState(Some(ZGFhrgkeSDKE-O_FaP3hAA),BrokerEndPoint[id=2, host=kafka2, port=19092],0,0), __consumer_offsets-41 -> InitialFetchState(Some(ZGFhrgkeSDKE-O_FaP3hAA),BrokerEndPoint[id=2, host=kafka2, port=19092],1,0), __consumer_offsets-10 -> InitialFetchState(Some(ZGFhrgkeSDKE-O_FaP3hAA),BrokerEndPoint[id=2, host=kafka2, port=19092],1,0), __consumer_offsets-24 -> InitialFetchState(Some(ZGFhrgkeSDKE-O_FaP3hAA),BrokerEndPoint[id=2, host=kafka2, port=19092],1,0), __consumer_offsets-20 -> InitialFetchState(Some(ZGFhrgkeSDKE-O_FaP3hAA),BrokerEndPoint[id=2, host=kafka2, port=19092],0,0), __consumer_offsets-49 -> InitialFetchState(Some(ZGFhrgkeSDKE-O_FaP3hAA),BrokerEndPoint[id=2, host=kafka2, port=19092],0,0), __consumer_offsets-31 -> InitialFetchState(Some(ZGFhrgkeSDKE-O_FaP3hAA),BrokerEndPoint[id=2, host=kafka2, port=19092],0,0), __consumer_offsets-0 -> InitialFetchState(Some(ZGFhrgkeSDKE-O_FaP3hAA),BrokerEndPoint[id=2, host=kafka2, port=19092],0,60), __consumer_offsets-27 -> InitialFetchState(Some(ZGFhrgkeSDKE-O_FaP3hAA),BrokerEndPoint[id=2, host=kafka2, port=19092],1,0), __consumer_offsets-25 -> InitialFetchState(Some(ZGFhrgkeSDKE-O_FaP3hAA),BrokerEndPoint[id=2, host=kafka2, port=19092],0,0), __consumer_offsets-39 -> InitialFetchState(Some(ZGFhrgkeSDKE-O_FaP3hAA),BrokerEndPoint[id=2, host=kafka2, port=19092],0,0), __consumer_offsets-35 -> InitialFetchState(Some(ZGFhrgkeSDKE-O_FaP3hAA),BrokerEndPoint[id=2, host=kafka2, port=19092],0,0), __consumer_offsets-4 -> InitialFetchState(Some(ZGFhrgkeSDKE-O_FaP3hAA),BrokerEndPoint[id=2, host=kafka2, port=19092],1,0), __consumer_offsets-2 -> InitialFetchState(Some(ZGFhrgkeSDKE-O_FaP3hAA),BrokerEndPoint[id=2, host=kafka2, port=19092],1,0)) (kafka.server.ReplicaFetcherManager)
kafka1      | 2026-09-26T00:25:59.661122366Z [2026-09-26 00:25:59,655] INFO [ReplicaFetcher replicaId=1, leaderId=2, fetcherId=0] Truncating partition __consumer_offsets-46 with TruncationState(offset=0, completed=true) due to local high watermark 0 (kafka.server.ReplicaFetcherThread)
kafka1      | 2026-09-26T00:25:59.672756360Z [2026-09-26 00:25:59,670] INFO [ReplicaFetcherManager on broker 1] Added fetcher to broker 3 for partitions HashMap(__consumer_offsets-15 -> InitialFetchState(Some(ZGFhrgkeSDKE-O_FaP3hAA),BrokerEndPoint[id=3, host=kafka3, port=19092],1,0), __consumer_offsets-16 -> InitialFetchState(Some(ZGFhrgkeSDKE-O_FaP3hAA),BrokerEndPoint[id=3, host=kafka3, port=19092],0,0), __consumer_offsets-48 -> InitialFetchState(Some(ZGFhrgkeSDKE-O_FaP3hAA),BrokerEndPoint[id=3, host=kafka3, port=19092],0,0), __consumer_offsets-13 -> InitialFetchState(Some(ZGFhrgkeSDKE-O_FaP3hAA),BrokerEndPoint[id=3, host=kafka3, port=19092],0,0), __consumer_offsets-45 -> InitialFetchState(Some(ZGFhrgkeSDKE-O_FaP3hAA),BrokerEndPoint[id=3, host=kafka3, port=19092],0,0), __consumer_offsets-43 -> InitialFetchState(Some(ZGFhrgkeSDKE-O_FaP3hAA),BrokerEndPoint[id=3, host=kafka3, port=19092],0,0), __consumer_offsets-12 -> InitialFetchState(Some(ZGFhrgkeSDKE-O_FaP3hAA),BrokerEndPoint[id=3, host=kafka3, port=19092],1,0), __consumer_offsets-9 -> InitialFetchState(Some(ZGFhrgkeSDKE-O_FaP3hAA),BrokerEndPoint[id=3, host=kafka3, port=19092],0,0), __consumer_offsets-21 -> InitialFetchState(Some(ZGFhrgkeSDKE-O_FaP3hAA),BrokerEndPoint[id=3, host=kafka3, port=19092],1,0), __consumer_offsets-22 -> InitialFetchState(Some(ZGFhrgkeSDKE-O_FaP3hAA),BrokerEndPoint[id=3, host=kafka3, port=19092],0,0), __consumer_offsets-19 -> InitialFetchState(Some(ZGFhrgkeSDKE-O_FaP3hAA),BrokerEndPoint[id=3, host=kafka3, port=19092],0,0), __consumer_offsets-18 -> InitialFetchState(Some(ZGFhrgkeSDKE-O_FaP3hAA),BrokerEndPoint[id=3, host=kafka3, port=19092],1,0), __consumer_offsets-32 -> InitialFetchState(Some(ZGFhrgkeSDKE-O_FaP3hAA),BrokerEndPoint[id=3, host=kafka3, port=19092],0,0), __consumer_offsets-29 -> InitialFetchState(Some(ZGFhrgkeSDKE-O_FaP3hAA),BrokerEndPoint[id=3, host=kafka3, port=19092],0,0), __consumer_offsets-26 -> InitialFetchState(Some(ZGFhrgkeSDKE-O_FaP3hAA),BrokerEndPoint[id=3, host=kafka3, port=19092],0,0), __consumer_offsets-40 -> InitialFetchState(Some(ZGFhrgkeSDKE-O_FaP3hAA),BrokerEndPoint[id=3, host=kafka3, port=19092],0,0), __consumer_offsets-8 -> InitialFetchState(Some(ZGFhrgkeSDKE-O_FaP3hAA),BrokerEndPoint[id=3, host=kafka3, port=19092],1,0), __consumer_offsets-37 -> InitialFetchState(Some(ZGFhrgkeSDKE-O_FaP3hAA),BrokerEndPoint[id=3, host=kafka3, port=19092],0,0), __consumer_offsets-6 -> InitialFetchState(Some(ZGFhrgkeSDKE-O_FaP3hAA),BrokerEndPoint[id=3, host=kafka3, port=19092],0,0), __consumer_offsets-3 -> InitialFetchState(Some(ZGFhrgkeSDKE-O_FaP3hAA),BrokerEndPoint[id=3, host=kafka3, port=19092],0,0), __consumer_offsets-33 -> InitialFetchState(Some(ZGFhrgkeSDKE-O_FaP3hAA),BrokerEndPoint[id=3, host=kafka3, port=19092],0,0), __consumer_offsets-1 -> InitialFetchState(Some(ZGFhrgkeSDKE-O_FaP3hAA),BrokerEndPoint[id=3, host=kafka3, port=19092],0,0), dados-sensores-2 -> InitialFetchState(Some(kSEfEO15SLGhnZ_ydx6XRQ),BrokerEndPoint[id=3, host=kafka3, port=19092],0,20)) (kafka.server.ReplicaFetcherManager)
kafka1      | 2026-09-26T00:25:59.683135985Z [2026-09-26 00:25:59,671] INFO [ReplicaFetcherThread-0-3]: Starting (kafka.server.ReplicaFetcherThread)
kafka1      | 2026-09-26T00:25:59.685332468Z [2026-09-26 00:25:59,671] INFO [UnifiedLog partition=__consumer_offsets-46, dir=/tmp/kafka-logs] Truncating to 0 has no effect as the largest offset in the log is -1 (org.apache.kafka.storage.internals.log.UnifiedLog)
kafka1      | 2026-09-26T00:25:59.687915131Z [2026-09-26 00:25:59,685] INFO [ReplicaFetcher replicaId=1, leaderId=3, fetcherId=0] Truncating partition __consumer_offsets-15 with TruncationState(offset=0, completed=true) due to local high watermark 0 (kafka.server.ReplicaFetcherThread)
kafka1      | 2026-09-26T00:25:59.687981226Z [2026-09-26 00:25:59,686] INFO [UnifiedLog partition=__consumer_offsets-15, dir=/tmp/kafka-logs] Truncating to 0 has no effect as the largest offset in the log is -1 (org.apache.kafka.storage.internals.log.UnifiedLog)
kafka1      | 2026-09-26T00:25:59.692851886Z [2026-09-26 00:25:59,691] INFO [ReplicaFetcher replicaId=1, leaderId=2, fetcherId=0] Truncating partition __consumer_offsets-11 with TruncationState(offset=0, completed=true) due to local high watermark 0 (kafka.server.ReplicaFetcherThread)
kafka1      | 2026-09-26T00:25:59.694040969Z [2026-09-26 00:25:59,693] INFO [UnifiedLog partition=__consumer_offsets-11, dir=/tmp/kafka-logs] Truncating to 0 has no effect as the largest offset in the log is -1 (org.apache.kafka.storage.internals.log.UnifiedLog)
kafka1      | 2026-09-26T00:25:59.694391202Z [2026-09-26 00:25:59,693] INFO [ReplicaFetcher replicaId=1, leaderId=3, fetcherId=0] Truncating partition __consumer_offsets-16 with TruncationState(offset=0, completed=true) due to local high watermark 0 (kafka.server.ReplicaFetcherThread)
kafka1      | 2026-09-26T00:25:59.695318048Z [2026-09-26 00:25:59,694] INFO [ReplicaFetcher replicaId=1, leaderId=2, fetcherId=0] Truncating partition __consumer_offsets-44 with TruncationState(offset=0, completed=true) due to local high watermark 0 (kafka.server.ReplicaFetcherThread)
kafka1      | 2026-09-26T00:25:59.695368131Z [2026-09-26 00:25:59,694] INFO [UnifiedLog partition=__consumer_offsets-16, dir=/tmp/kafka-logs] Truncating to 0 has no effect as the largest offset in the log is -1 (org.apache.kafka.storage.internals.log.UnifiedLog)
kafka1      | 2026-09-26T00:25:59.696333125Z [2026-09-26 00:25:59,695] INFO [UnifiedLog partition=__consumer_offsets-44, dir=/tmp/kafka-logs] Truncating to 0 has no effect as the largest offset in the log is -1 (org.apache.kafka.storage.internals.log.UnifiedLog)
kafka1      | 2026-09-26T00:25:59.697132109Z [2026-09-26 00:25:59,695] INFO [ReplicaFetcher replicaId=1, leaderId=3, fetcherId=0] Truncating partition __consumer_offsets-48 with TruncationState(offset=0, completed=true) due to local high watermark 0 (kafka.server.ReplicaFetcherThread)
kafka1      | 2026-09-26T00:25:59.698239203Z [2026-09-26 00:25:59,697] INFO [UnifiedLog partition=__consumer_offsets-48, dir=/tmp/kafka-logs] Truncating to 0 has no effect as the largest offset in the log is -1 (org.apache.kafka.storage.internals.log.UnifiedLog)
kafka1      | 2026-09-26T00:25:59.698338005Z [2026-09-26 00:25:59,697] INFO [ReplicaFetcher replicaId=1, leaderId=2, fetcherId=0] Truncating partition __consumer_offsets-42 with TruncationState(offset=0, completed=true) due to local high watermark 0 (kafka.server.ReplicaFetcherThread)
kafka1      | 2026-09-26T00:25:59.699601139Z [2026-09-26 00:25:59,698] INFO [UnifiedLog partition=__consumer_offsets-42, dir=/tmp/kafka-logs] Truncating to 0 has no effect as the largest offset in the log is -1 (org.apache.kafka.storage.internals.log.UnifiedLog)
kafka1      | 2026-09-26T00:25:59.699659218Z [2026-09-26 00:25:59,699] INFO [ReplicaFetcher replicaId=1, leaderId=3, fetcherId=0] Truncating partition __consumer_offsets-13 with TruncationState(offset=0, completed=true) due to local high watermark 0 (kafka.server.ReplicaFetcherThread)
kafka1      | 2026-09-26T00:25:59.701338894Z [2026-09-26 00:25:59,700] INFO [ReplicaFetcher replicaId=1, leaderId=2, fetcherId=0] Truncating partition __consumer_offsets-23 with TruncationState(offset=0, completed=true) due to local high watermark 0 (kafka.server.ReplicaFetcherThread)
kafka1      | 2026-09-26T00:25:59.703062279Z [2026-09-26 00:25:59,702] INFO [UnifiedLog partition=__consumer_offsets-23, dir=/tmp/kafka-logs] Truncating to 0 has no effect as the largest offset in the log is -1 (org.apache.kafka.storage.internals.log.UnifiedLog)
kafka1      | 2026-09-26T00:25:59.705000494Z [2026-09-26 00:25:59,703] INFO [UnifiedLog partition=__consumer_offsets-13, dir=/tmp/kafka-logs] Truncating to 0 has no effect as the largest offset in the log is -1 (org.apache.kafka.storage.internals.log.UnifiedLog)
kafka1      | 2026-09-26T00:25:59.713190983Z [2026-09-26 00:25:59,711] INFO [ReplicaFetcher replicaId=1, leaderId=3, fetcherId=0] Truncating partition __consumer_offsets-45 with TruncationState(offset=0, completed=true) due to local high watermark 0 (kafka.server.ReplicaFetcherThread)
kafka1      | 2026-09-26T00:25:59.716365321Z [2026-09-26 00:25:59,715] INFO [UnifiedLog partition=__consumer_offsets-45, dir=/tmp/kafka-logs] Truncating to 0 has no effect as the largest offset in the log is -1 (org.apache.kafka.storage.internals.log.UnifiedLog)
kafka1      | 2026-09-26T00:25:59.716458782Z [2026-09-26 00:25:59,704] INFO [ReplicaFetcher replicaId=1, leaderId=2, fetcherId=0] Truncating partition __consumer_offsets-17 with TruncationState(offset=0, completed=true) due to local high watermark 0 (kafka.server.ReplicaFetcherThread)
kafka1      | 2026-09-26T00:25:59.718326262Z [2026-09-26 00:25:59,717] INFO [UnifiedLog partition=__consumer_offsets-17, dir=/tmp/kafka-logs] Truncating to 0 has no effect as the largest offset in the log is -1 (org.apache.kafka.storage.internals.log.UnifiedLog)
kafka1      | 2026-09-26T00:25:59.722958467Z [2026-09-26 00:25:59,722] INFO [ReplicaFetcher replicaId=1, leaderId=2, fetcherId=0] Truncating partition __consumer_offsets-30 with TruncationState(offset=0, completed=true) due to local high watermark 0 (kafka.server.ReplicaFetcherThread)
kafka1      | 2026-09-26T00:25:59.724698134Z [2026-09-26 00:25:59,724] INFO [ReplicaFetcher replicaId=1, leaderId=3, fetcherId=0] Truncating partition __consumer_offsets-43 with TruncationState(offset=0, completed=true) due to local high watermark 0 (kafka.server.ReplicaFetcherThread)
kafka1      | 2026-09-26T00:25:59.726519812Z [2026-09-26 00:25:59,724] INFO [UnifiedLog partition=__consumer_offsets-30, dir=/tmp/kafka-logs] Truncating to 0 has no effect as the largest offset in the log is -1 (org.apache.kafka.storage.internals.log.UnifiedLog)
kafka1      | 2026-09-26T00:25:59.728861362Z [2026-09-26 00:25:59,726] INFO [UnifiedLog partition=__consumer_offsets-43, dir=/tmp/kafka-logs] Truncating to 0 has no effect as the largest offset in the log is -1 (org.apache.kafka.storage.internals.log.UnifiedLog)
kafka1      | 2026-09-26T00:25:59.729033855Z [2026-09-26 00:25:59,728] INFO [ReplicaFetcher replicaId=1, leaderId=3, fetcherId=0] Truncating partition __consumer_offsets-12 with TruncationState(offset=0, completed=true) due to local high watermark 0 (kafka.server.ReplicaFetcherThread)
kafka1      | 2026-09-26T00:25:59.729082334Z [2026-09-26 00:25:59,728] INFO [ReplicaFetcher replicaId=1, leaderId=2, fetcherId=0] Truncating partition __consumer_offsets-28 with TruncationState(offset=0, completed=true) due to local high watermark 0 (kafka.server.ReplicaFetcherThread)
kafka1      | 2026-09-26T00:25:59.730623053Z [2026-09-26 00:25:59,729] INFO [UnifiedLog partition=__consumer_offsets-28, dir=/tmp/kafka-logs] Truncating to 0 has no effect as the largest offset in the log is -1 (org.apache.kafka.storage.internals.log.UnifiedLog)
kafka1      | 2026-09-26T00:25:59.730686363Z [2026-09-26 00:25:59,729] INFO [UnifiedLog partition=__consumer_offsets-12, dir=/tmp/kafka-logs] Truncating to 0 has no effect as the largest offset in the log is -1 (org.apache.kafka.storage.internals.log.UnifiedLog)
kafka1      | 2026-09-26T00:25:59.735006883Z [2026-09-26 00:25:59,731] INFO [ReplicaFetcher replicaId=1, leaderId=3, fetcherId=0] Truncating partition __consumer_offsets-9 with TruncationState(offset=0, completed=true) due to local high watermark 0 (kafka.server.ReplicaFetcherThread)
kafka1      | 2026-09-26T00:25:59.735094121Z [2026-09-26 00:25:59,731] INFO [ReplicaFetcher replicaId=1, leaderId=2, fetcherId=0] Truncating partition __consumer_offsets-7 with TruncationState(offset=0, completed=true) due to local high watermark 0 (kafka.server.ReplicaFetcherThread)
kafka1      | 2026-09-26T00:25:59.735103981Z [2026-09-26 00:25:59,732] INFO [UnifiedLog partition=__consumer_offsets-7, dir=/tmp/kafka-logs] Truncating to 0 has no effect as the largest offset in the log is -1 (org.apache.kafka.storage.internals.log.UnifiedLog)
kafka1      | 2026-09-26T00:25:59.735167271Z [2026-09-26 00:25:59,732] INFO [UnifiedLog partition=__consumer_offsets-9, dir=/tmp/kafka-logs] Truncating to 0 has no effect as the largest offset in the log is -1 (org.apache.kafka.storage.internals.log.UnifiedLog)
kafka1      | 2026-09-26T00:25:59.735181951Z [2026-09-26 00:25:59,734] INFO [ReplicaFetcher replicaId=1, leaderId=2, fetcherId=0] Truncating partition __consumer_offsets-5 with TruncationState(offset=0, completed=true) due to local high watermark 0 (kafka.server.ReplicaFetcherThread)
kafka1      | 2026-09-26T00:25:59.738670201Z [2026-09-26 00:25:59,735] INFO [UnifiedLog partition=__consumer_offsets-5, dir=/tmp/kafka-logs] Truncating to 0 has no effect as the largest offset in the log is -1 (org.apache.kafka.storage.internals.log.UnifiedLog)
kafka1      | 2026-09-26T00:25:59.738765877Z [2026-09-26 00:25:59,736] INFO [ReplicaFetcher replicaId=1, leaderId=2, fetcherId=0] Truncating partition __consumer_offsets-38 with TruncationState(offset=0, completed=true) due to local high watermark 0 (kafka.server.ReplicaFetcherThread)
kafka1      | 2026-09-26T00:25:59.738774485Z [2026-09-26 00:25:59,736] INFO [ReplicaFetcher replicaId=1, leaderId=3, fetcherId=0] Truncating partition __consumer_offsets-21 with TruncationState(offset=0, completed=true) due to local high watermark 0 (kafka.server.ReplicaFetcherThread)
kafka1      | 2026-09-26T00:25:59.738781679Z [2026-09-26 00:25:59,737] INFO [UnifiedLog partition=__consumer_offsets-38, dir=/tmp/kafka-logs] Truncating to 0 has no effect as the largest offset in the log is -1 (org.apache.kafka.storage.internals.log.UnifiedLog)
kafka1      | 2026-09-26T00:25:59.738788784Z [2026-09-26 00:25:59,737] INFO [UnifiedLog partition=__consumer_offsets-21, dir=/tmp/kafka-logs] Truncating to 0 has no effect as the largest offset in the log is -1 (org.apache.kafka.storage.internals.log.UnifiedLog)
kafka1      | 2026-09-26T00:25:59.738798043Z [2026-09-26 00:25:59,738] INFO [ReplicaFetcher replicaId=1, leaderId=3, fetcherId=0] Truncating partition __consumer_offsets-22 with TruncationState(offset=0, completed=true) due to local high watermark 0 (kafka.server.ReplicaFetcherThread)
kafka1      | 2026-09-26T00:25:59.738954453Z [2026-09-26 00:25:59,738] INFO [ReplicaFetcher replicaId=1, leaderId=2, fetcherId=0] Truncating partition __consumer_offsets-36 with TruncationState(offset=0, completed=true) due to local high watermark 0 (kafka.server.ReplicaFetcherThread)
kafka1      | 2026-09-26T00:25:59.740433037Z [2026-09-26 00:25:59,739] INFO [UnifiedLog partition=__consumer_offsets-36, dir=/tmp/kafka-logs] Truncating to 0 has no effect as the largest offset in the log is -1 (org.apache.kafka.storage.internals.log.UnifiedLog)
kafka1      | 2026-09-26T00:25:59.741773920Z [2026-09-26 00:25:59,741] INFO [ReplicaFetcher replicaId=1, leaderId=2, fetcherId=0] Truncating partition __consumer_offsets-34 with TruncationState(offset=0, completed=true) due to local high watermark 0 (kafka.server.ReplicaFetcherThread)
kafka1      | 2026-09-26T00:25:59.742963718Z [2026-09-26 00:25:59,742] INFO [UnifiedLog partition=__consumer_offsets-34, dir=/tmp/kafka-logs] Truncating to 0 has no effect as the largest offset in the log is -1 (org.apache.kafka.storage.internals.log.UnifiedLog)
kafka1      | 2026-09-26T00:25:59.743790700Z [2026-09-26 00:25:59,743] INFO [ReplicaFetcher replicaId=1, leaderId=2, fetcherId=0] Truncating partition __consumer_offsets-47 with TruncationState(offset=0, completed=true) due to local high watermark 0 (kafka.server.ReplicaFetcherThread)
kafka1      | 2026-09-26T00:25:59.744537177Z [2026-09-26 00:25:59,744] INFO [UnifiedLog partition=__consumer_offsets-47, dir=/tmp/kafka-logs] Truncating to 0 has no effect as the largest offset in the log is -1 (org.apache.kafka.storage.internals.log.UnifiedLog)
kafka1      | 2026-09-26T00:25:59.746131558Z [2026-09-26 00:25:59,744] INFO [ReplicaFetcher replicaId=1, leaderId=2, fetcherId=0] Truncating partition __consumer_offsets-14 with TruncationState(offset=0, completed=true) due to local high watermark 0 (kafka.server.ReplicaFetcherThread)
kafka1      | 2026-09-26T00:25:59.746231843Z [2026-09-26 00:25:59,745] INFO [UnifiedLog partition=__consumer_offsets-22, dir=/tmp/kafka-logs] Truncating to 0 has no effect as the largest offset in the log is -1 (org.apache.kafka.storage.internals.log.UnifiedLog)
kafka1      | 2026-09-26T00:25:59.746960985Z [2026-09-26 00:25:59,746] INFO [ReplicaFetcher replicaId=1, leaderId=3, fetcherId=0] Truncating partition __consumer_offsets-19 with TruncationState(offset=0, completed=true) due to local high watermark 0 (kafka.server.ReplicaFetcherThread)
kafka1      | 2026-09-26T00:25:59.747885566Z [2026-09-26 00:25:59,747] INFO [UnifiedLog partition=__consumer_offsets-19, dir=/tmp/kafka-logs] Truncating to 0 has no effect as the largest offset in the log is -1 (org.apache.kafka.storage.internals.log.UnifiedLog)
kafka1      | 2026-09-26T00:25:59.748736637Z [2026-09-26 00:25:59,748] INFO [ReplicaFetcher replicaId=1, leaderId=3, fetcherId=0] Truncating partition __consumer_offsets-18 with TruncationState(offset=0, completed=true) due to local high watermark 0 (kafka.server.ReplicaFetcherThread)
kafka1      | 2026-09-26T00:25:59.749482253Z [2026-09-26 00:25:59,749] INFO [UnifiedLog partition=__consumer_offsets-18, dir=/tmp/kafka-logs] Truncating to 0 has no effect as the largest offset in the log is -1 (org.apache.kafka.storage.internals.log.UnifiedLog)
kafka1      | 2026-09-26T00:25:59.750341643Z [2026-09-26 00:25:59,749] INFO [ReplicaFetcher replicaId=1, leaderId=3, fetcherId=0] Truncating partition __consumer_offsets-32 with TruncationState(offset=0, completed=true) due to local high watermark 0 (kafka.server.ReplicaFetcherThread)
kafka1      | 2026-09-26T00:25:59.750388509Z [2026-09-26 00:25:59,749] INFO [UnifiedLog partition=__consumer_offsets-14, dir=/tmp/kafka-logs] Truncating to 0 has no effect as the largest offset in the log is -1 (org.apache.kafka.storage.internals.log.UnifiedLog)
kafka1      | 2026-09-26T00:25:59.750571714Z [2026-09-26 00:25:59,750] INFO [UnifiedLog partition=__consumer_offsets-32, dir=/tmp/kafka-logs] Truncating to 0 has no effect as the largest offset in the log is -1 (org.apache.kafka.storage.internals.log.UnifiedLog)
kafka1      | 2026-09-26T00:25:59.751527879Z [2026-09-26 00:25:59,750] INFO [ReplicaFetcher replicaId=1, leaderId=3, fetcherId=0] Truncating partition __consumer_offsets-29 with TruncationState(offset=0, completed=true) due to local high watermark 0 (kafka.server.ReplicaFetcherThread)
kafka1      | 2026-09-26T00:25:59.751586860Z [2026-09-26 00:25:59,750] INFO [ReplicaFetcher replicaId=1, leaderId=2, fetcherId=0] Truncating partition __consumer_offsets-41 with TruncationState(offset=0, completed=true) due to local high watermark 0 (kafka.server.ReplicaFetcherThread)
kafka1      | 2026-09-26T00:25:59.752227999Z [2026-09-26 00:25:59,751] INFO [UnifiedLog partition=__consumer_offsets-41, dir=/tmp/kafka-logs] Truncating to 0 has no effect as the largest offset in the log is -1 (org.apache.kafka.storage.internals.log.UnifiedLog)
kafka1      | 2026-09-26T00:25:59.752272851Z [2026-09-26 00:25:59,751] INFO [UnifiedLog partition=__consumer_offsets-29, dir=/tmp/kafka-logs] Truncating to 0 has no effect as the largest offset in the log is -1 (org.apache.kafka.storage.internals.log.UnifiedLog)
kafka1      | 2026-09-26T00:25:59.753524674Z [2026-09-26 00:25:59,752] INFO [ReplicaFetcher replicaId=1, leaderId=3, fetcherId=0] Truncating partition __consumer_offsets-26 with TruncationState(offset=0, completed=true) due to local high watermark 0 (kafka.server.ReplicaFetcherThread)
kafka1      | 2026-09-26T00:25:59.753754895Z [2026-09-26 00:25:59,752] INFO [ReplicaFetcher replicaId=1, leaderId=2, fetcherId=0] Truncating partition __consumer_offsets-10 with TruncationState(offset=0, completed=true) due to local high watermark 0 (kafka.server.ReplicaFetcherThread)
kafka1      | 2026-09-26T00:25:59.754953807Z [2026-09-26 00:25:59,754] INFO [UnifiedLog partition=__consumer_offsets-26, dir=/tmp/kafka-logs] Truncating to 0 has no effect as the largest offset in the log is -1 (org.apache.kafka.storage.internals.log.UnifiedLog)
kafka1      | 2026-09-26T00:25:59.755004130Z [2026-09-26 00:25:59,754] INFO [UnifiedLog partition=__consumer_offsets-10, dir=/tmp/kafka-logs] Truncating to 0 has no effect as the largest offset in the log is -1 (org.apache.kafka.storage.internals.log.UnifiedLog)
kafka1      | 2026-09-26T00:25:59.756207371Z [2026-09-26 00:25:59,755] INFO [ReplicaFetcher replicaId=1, leaderId=3, fetcherId=0] Truncating partition __consumer_offsets-40 with TruncationState(offset=0, completed=true) due to local high watermark 0 (kafka.server.ReplicaFetcherThread)
kafka1      | 2026-09-26T00:25:59.756251461Z [2026-09-26 00:25:59,755] INFO [ReplicaFetcher replicaId=1, leaderId=2, fetcherId=0] Truncating partition __consumer_offsets-24 with TruncationState(offset=0, completed=true) due to local high watermark 0 (kafka.server.ReplicaFetcherThread)
kafka1      | 2026-09-26T00:25:59.758836156Z [2026-09-26 00:25:59,756] INFO [UnifiedLog partition=__consumer_offsets-24, dir=/tmp/kafka-logs] Truncating to 0 has no effect as the largest offset in the log is -1 (org.apache.kafka.storage.internals.log.UnifiedLog)
kafka1      | 2026-09-26T00:25:59.759022327Z [2026-09-26 00:25:59,756] INFO [UnifiedLog partition=__consumer_offsets-40, dir=/tmp/kafka-logs] Truncating to 0 has no effect as the largest offset in the log is -1 (org.apache.kafka.storage.internals.log.UnifiedLog)
kafka1      | 2026-09-26T00:25:59.759029471Z [2026-09-26 00:25:59,757] INFO [ReplicaFetcher replicaId=1, leaderId=3, fetcherId=0] Truncating partition __consumer_offsets-8 with TruncationState(offset=0, completed=true) due to local high watermark 0 (kafka.server.ReplicaFetcherThread)
kafka1      | 2026-09-26T00:25:59.759035844Z [2026-09-26 00:25:59,757] INFO [ReplicaFetcher replicaId=1, leaderId=2, fetcherId=0] Truncating partition __consumer_offsets-20 with TruncationState(offset=0, completed=true) due to local high watermark 0 (kafka.server.ReplicaFetcherThread)
kafka1      | 2026-09-26T00:25:59.759041897Z [2026-09-26 00:25:59,758] INFO [UnifiedLog partition=__consumer_offsets-8, dir=/tmp/kafka-logs] Truncating to 0 has no effect as the largest offset in the log is -1 (org.apache.kafka.storage.internals.log.UnifiedLog)
kafka1      | 2026-09-26T00:25:59.759577813Z [2026-09-26 00:25:59,759] INFO [ReplicaFetcher replicaId=1, leaderId=3, fetcherId=0] Truncating partition __consumer_offsets-37 with TruncationState(offset=0, completed=true) due to local high watermark 0 (kafka.server.ReplicaFetcherThread)
kafka1      | 2026-09-26T00:25:59.760282454Z [2026-09-26 00:25:59,759] INFO [UnifiedLog partition=__consumer_offsets-37, dir=/tmp/kafka-logs] Truncating to 0 has no effect as the largest offset in the log is -1 (org.apache.kafka.storage.internals.log.UnifiedLog)
kafka1      | 2026-09-26T00:25:59.761339116Z [2026-09-26 00:25:59,760] INFO [ReplicaFetcher replicaId=1, leaderId=3, fetcherId=0] Truncating partition __consumer_offsets-6 with TruncationState(offset=0, completed=true) due to local high watermark 0 (kafka.server.ReplicaFetcherThread)
kafka1      | 2026-09-26T00:25:59.762374754Z [2026-09-26 00:25:59,761] INFO [UnifiedLog partition=__consumer_offsets-20, dir=/tmp/kafka-logs] Truncating to 0 has no effect as the largest offset in the log is -1 (org.apache.kafka.storage.internals.log.UnifiedLog)
kafka1      | 2026-09-26T00:25:59.763237870Z [2026-09-26 00:25:59,762] INFO [ReplicaFetcher replicaId=1, leaderId=2, fetcherId=0] Truncating partition __consumer_offsets-49 with TruncationState(offset=0, completed=true) due to local high watermark 0 (kafka.server.ReplicaFetcherThread)
kafka1      | 2026-09-26T00:25:59.764180000Z [2026-09-26 00:25:59,763] INFO [UnifiedLog partition=__consumer_offsets-49, dir=/tmp/kafka-logs] Truncating to 0 has no effect as the largest offset in the log is -1 (org.apache.kafka.storage.internals.log.UnifiedLog)
kafka1      | 2026-09-26T00:25:59.766319754Z [2026-09-26 00:25:59,765] INFO [UnifiedLog partition=__consumer_offsets-6, dir=/tmp/kafka-logs] Truncating to 0 has no effect as the largest offset in the log is -1 (org.apache.kafka.storage.internals.log.UnifiedLog)
kafka1      | 2026-09-26T00:25:59.767148229Z [2026-09-26 00:25:59,766] INFO [ReplicaFetcher replicaId=1, leaderId=3, fetcherId=0] Truncating partition __consumer_offsets-3 with TruncationState(offset=0, completed=true) due to local high watermark 0 (kafka.server.ReplicaFetcherThread)
kafka1      | 2026-09-26T00:25:59.767878031Z [2026-09-26 00:25:59,767] INFO [UnifiedLog partition=__consumer_offsets-3, dir=/tmp/kafka-logs] Truncating to 0 has no effect as the largest offset in the log is -1 (org.apache.kafka.storage.internals.log.UnifiedLog)
kafka1      | 2026-09-26T00:25:59.768710053Z [2026-09-26 00:25:59,768] INFO [ReplicaFetcher replicaId=1, leaderId=3, fetcherId=0] Truncating partition __consumer_offsets-33 with TruncationState(offset=0, completed=true) due to local high watermark 0 (kafka.server.ReplicaFetcherThread)
kafka1      | 2026-09-26T00:25:59.769328929Z [2026-09-26 00:25:59,764] INFO [ReplicaFetcher replicaId=1, leaderId=2, fetcherId=0] Truncating partition __consumer_offsets-31 with TruncationState(offset=0, completed=true) due to local high watermark 0 (kafka.server.ReplicaFetcherThread)
kafka1      | 2026-09-26T00:25:59.770337582Z [2026-09-26 00:25:59,769] INFO [UnifiedLog partition=__consumer_offsets-31, dir=/tmp/kafka-logs] Truncating to 0 has no effect as the largest offset in the log is -1 (org.apache.kafka.storage.internals.log.UnifiedLog)
kafka1      | 2026-09-26T00:25:59.771507919Z [2026-09-26 00:25:59,770] INFO [ReplicaFetcher replicaId=1, leaderId=2, fetcherId=0] Truncating partition __consumer_offsets-27 with TruncationState(offset=0, completed=true) due to local high watermark 0 (kafka.server.ReplicaFetcherThread)
kafka1      | 2026-09-26T00:25:59.772276782Z [2026-09-26 00:25:59,771] INFO [UnifiedLog partition=__consumer_offsets-27, dir=/tmp/kafka-logs] Truncating to 0 has no effect as the largest offset in the log is -1 (org.apache.kafka.storage.internals.log.UnifiedLog)
kafka1      | 2026-09-26T00:25:59.773950252Z [2026-09-26 00:25:59,772] INFO [ReplicaFetcher replicaId=1, leaderId=2, fetcherId=0] Truncating partition __consumer_offsets-25 with TruncationState(offset=0, completed=true) due to local high watermark 0 (kafka.server.ReplicaFetcherThread)
kafka1      | 2026-09-26T00:25:59.774027310Z [2026-09-26 00:25:59,773] INFO [UnifiedLog partition=__consumer_offsets-33, dir=/tmp/kafka-logs] Truncating to 0 has no effect as the largest offset in the log is -1 (org.apache.kafka.storage.internals.log.UnifiedLog)
kafka1      | 2026-09-26T00:25:59.774326071Z [2026-09-26 00:25:59,773] INFO [ReplicaFetcher replicaId=1, leaderId=3, fetcherId=0] Truncating partition __consumer_offsets-1 with TruncationState(offset=0, completed=true) due to local high watermark 0 (kafka.server.ReplicaFetcherThread)
kafka1      | 2026-09-26T00:25:59.775487236Z [2026-09-26 00:25:59,774] INFO [UnifiedLog partition=__consumer_offsets-1, dir=/tmp/kafka-logs] Truncating to 0 has no effect as the largest offset in the log is -1 (org.apache.kafka.storage.internals.log.UnifiedLog)
kafka1      | 2026-09-26T00:25:59.778902512Z [2026-09-26 00:25:59,778] INFO [UnifiedLog partition=__consumer_offsets-25, dir=/tmp/kafka-logs] Truncating to 0 has no effect as the largest offset in the log is -1 (org.apache.kafka.storage.internals.log.UnifiedLog)
kafka1      | 2026-09-26T00:25:59.779559386Z [2026-09-26 00:25:59,779] INFO [ReplicaFetcher replicaId=1, leaderId=2, fetcherId=0] Truncating partition __consumer_offsets-39 with TruncationState(offset=0, completed=true) due to local high watermark 0 (kafka.server.ReplicaFetcherThread)
kafka1      | 2026-09-26T00:25:59.780451340Z [2026-09-26 00:25:59,779] INFO [UnifiedLog partition=__consumer_offsets-39, dir=/tmp/kafka-logs] Truncating to 0 has no effect as the largest offset in the log is -1 (org.apache.kafka.storage.internals.log.UnifiedLog)
kafka1      | 2026-09-26T00:25:59.784754983Z [2026-09-26 00:25:59,780] INFO [ReplicaFetcher replicaId=1, leaderId=2, fetcherId=0] Truncating partition __consumer_offsets-35 with TruncationState(offset=0, completed=true) due to local high watermark 0 (kafka.server.ReplicaFetcherThread)
kafka1      | 2026-09-26T00:25:59.786039633Z [2026-09-26 00:25:59,785] INFO [UnifiedLog partition=__consumer_offsets-35, dir=/tmp/kafka-logs] Truncating to 0 has no effect as the largest offset in the log is -1 (org.apache.kafka.storage.internals.log.UnifiedLog)
kafka1      | 2026-09-26T00:25:59.793403254Z [2026-09-26 00:25:59,788] INFO [ReplicaFetcher replicaId=1, leaderId=2, fetcherId=0] Truncating partition __consumer_offsets-4 with TruncationState(offset=0, completed=true) due to local high watermark 0 (kafka.server.ReplicaFetcherThread)
kafka1      | 2026-09-26T00:25:59.793454228Z [2026-09-26 00:25:59,790] INFO [UnifiedLog partition=__consumer_offsets-4, dir=/tmp/kafka-logs] Truncating to 0 has no effect as the largest offset in the log is -1 (org.apache.kafka.storage.internals.log.UnifiedLog)
kafka1      | 2026-09-26T00:25:59.793460942Z [2026-09-26 00:25:59,791] INFO [ReplicaFetcher replicaId=1, leaderId=2, fetcherId=0] Truncating partition __consumer_offsets-2 with TruncationState(offset=0, completed=true) due to local high watermark 0 (kafka.server.ReplicaFetcherThread)
kafka1      | 2026-09-26T00:25:59.793466243Z [2026-09-26 00:25:59,792] INFO [UnifiedLog partition=__consumer_offsets-2, dir=/tmp/kafka-logs] Truncating to 0 has no effect as the largest offset in the log is -1 (org.apache.kafka.storage.internals.log.UnifiedLog)
kafka1      | 2026-09-26T00:25:59.895063264Z [2026-09-26 00:25:59,894] INFO [GroupCoordinator id=1] Scheduling unloading of metadata for __consumer_offsets-13 with epoch OptionalInt[0] (org.apache.kafka.coordinator.common.runtime.CoordinatorRuntime)
kafka1      | 2026-09-26T00:25:59.899677683Z [2026-09-26 00:25:59,899] INFO [GroupCoordinator id=1] Ignored unloading metadata for __consumer_offsets-13 in epoch OptionalInt[0] since metadata was never loaded. (org.apache.kafka.coordinator.common.runtime.CoordinatorRuntime)
kafka1      | 2026-09-26T00:25:59.901708224Z [2026-09-26 00:25:59,900] INFO [GroupCoordinator id=1] Scheduling unloading of metadata for __consumer_offsets-46 with epoch OptionalInt[1] (org.apache.kafka.coordinator.common.runtime.CoordinatorRuntime)
kafka1      | 2026-09-26T00:25:59.902463950Z [2026-09-26 00:25:59,901] INFO [GroupCoordinator id=1] Scheduling unloading of metadata for __consumer_offsets-9 with epoch OptionalInt[0] (org.apache.kafka.coordinator.common.runtime.CoordinatorRuntime)
kafka1      | 2026-09-26T00:25:59.903315762Z [2026-09-26 00:25:59,902] INFO [GroupCoordinator id=1] Ignored unloading metadata for __consumer_offsets-46 in epoch OptionalInt[1] since metadata was never loaded. (org.apache.kafka.coordinator.common.runtime.CoordinatorRuntime)
kafka1      | 2026-09-26T00:25:59.903892091Z [2026-09-26 00:25:59,903] INFO [GroupCoordinator id=1] Ignored unloading metadata for __consumer_offsets-9 in epoch OptionalInt[0] since metadata was never loaded. (org.apache.kafka.coordinator.common.runtime.CoordinatorRuntime)
kafka1      | 2026-09-26T00:25:59.904331320Z [2026-09-26 00:25:59,904] INFO [GroupCoordinator id=1] Scheduling unloading of metadata for __consumer_offsets-42 with epoch OptionalInt[0] (org.apache.kafka.coordinator.common.runtime.CoordinatorRuntime)
kafka1      | 2026-09-26T00:25:59.905751454Z [2026-09-26 00:25:59,905] INFO [GroupCoordinator id=1] Scheduling unloading of metadata for __consumer_offsets-21 with epoch OptionalInt[1] (org.apache.kafka.coordinator.common.runtime.CoordinatorRuntime)
kafka1      | 2026-09-26T00:25:59.906515638Z [2026-09-26 00:25:59,905] INFO [GroupCoordinator id=1] Ignored unloading metadata for __consumer_offsets-42 in epoch OptionalInt[0] since metadata was never loaded. (org.apache.kafka.coordinator.common.runtime.CoordinatorRuntime)
kafka1      | 2026-09-26T00:25:59.908103956Z [2026-09-26 00:25:59,907] INFO [GroupCoordinator id=1] Ignored unloading metadata for __consumer_offsets-21 in epoch OptionalInt[1] since metadata was never loaded. (org.apache.kafka.coordinator.common.runtime.CoordinatorRuntime)
kafka1      | 2026-09-26T00:25:59.909026704Z [2026-09-26 00:25:59,908] INFO [GroupCoordinator id=1] Scheduling unloading of metadata for __consumer_offsets-17 with epoch OptionalInt[0] (org.apache.kafka.coordinator.common.runtime.CoordinatorRuntime)
kafka1      | 2026-09-26T00:25:59.910107836Z [2026-09-26 00:25:59,909] INFO [GroupCoordinator id=1] Ignored unloading metadata for __consumer_offsets-17 in epoch OptionalInt[0] since metadata was never loaded. (org.apache.kafka.coordinator.common.runtime.CoordinatorRuntime)
kafka1      | 2026-09-26T00:25:59.911691996Z [2026-09-26 00:25:59,910] INFO [GroupCoordinator id=1] Scheduling unloading of metadata for __consumer_offsets-30 with epoch OptionalInt[1] (org.apache.kafka.coordinator.common.runtime.CoordinatorRuntime)
kafka1      | 2026-09-26T00:25:59.911759885Z [2026-09-26 00:25:59,911] INFO [GroupCoordinator id=1] Scheduling unloading of metadata for __consumer_offsets-26 with epoch OptionalInt[0] (org.apache.kafka.coordinator.common.runtime.CoordinatorRuntime)
kafka1      | 2026-09-26T00:25:59.912497175Z [2026-09-26 00:25:59,911] INFO [GroupCoordinator id=1] Scheduling unloading of metadata for __consumer_offsets-5 with epoch OptionalInt[0] (org.apache.kafka.coordinator.common.runtime.CoordinatorRuntime)
kafka1      | 2026-09-26T00:25:59.913237447Z [2026-09-26 00:25:59,912] INFO [GroupCoordinator id=1] Scheduling unloading of metadata for __consumer_offsets-38 with epoch OptionalInt[1] (org.apache.kafka.coordinator.common.runtime.CoordinatorRuntime)
kafka1      | 2026-09-26T00:25:59.914107858Z [2026-09-26 00:25:59,913] INFO [GroupCoordinator id=1] Scheduling unloading of metadata for __consumer_offsets-1 with epoch OptionalInt[0] (org.apache.kafka.coordinator.common.runtime.CoordinatorRuntime)
kafka1      | 2026-09-26T00:25:59.914744302Z [2026-09-26 00:25:59,914] INFO [GroupCoordinator id=1] Scheduling unloading of metadata for __consumer_offsets-34 with epoch OptionalInt[1] (org.apache.kafka.coordinator.common.runtime.CoordinatorRuntime)
kafka1      | 2026-09-26T00:25:59.915669514Z [2026-09-26 00:25:59,915] INFO [GroupCoordinator id=1] Scheduling unloading of metadata for __consumer_offsets-16 with epoch OptionalInt[0] (org.apache.kafka.coordinator.common.runtime.CoordinatorRuntime)
kafka1      | 2026-09-26T00:25:59.916502869Z [2026-09-26 00:25:59,915] INFO [GroupCoordinator id=1] Scheduling unloading of metadata for __consumer_offsets-45 with epoch OptionalInt[0] (org.apache.kafka.coordinator.common.runtime.CoordinatorRuntime)
kafka1      | 2026-09-26T00:25:59.918827823Z [2026-09-26 00:25:59,916] INFO [GroupCoordinator id=1] Scheduling unloading of metadata for __consumer_offsets-12 with epoch OptionalInt[1] (org.apache.kafka.coordinator.common.runtime.CoordinatorRuntime)
kafka1      | 2026-09-26T00:25:59.918900461Z [2026-09-26 00:25:59,917] INFO [GroupCoordinator id=1] Ignored unloading metadata for __consumer_offsets-26 in epoch OptionalInt[0] since metadata was never loaded. (org.apache.kafka.coordinator.common.runtime.CoordinatorRuntime)
kafka1      | 2026-09-26T00:25:59.918907516Z [2026-09-26 00:25:59,917] INFO [GroupCoordinator id=1] Scheduling unloading of metadata for __consumer_offsets-41 with epoch OptionalInt[1] (org.apache.kafka.coordinator.common.runtime.CoordinatorRuntime)
kafka1      | 2026-09-26T00:25:59.918914350Z [2026-09-26 00:25:59,917] INFO [GroupCoordinator id=1] Scheduling unloading of metadata for __consumer_offsets-24 with epoch OptionalInt[1] (org.apache.kafka.coordinator.common.runtime.CoordinatorRuntime)
kafka1      | 2026-09-26T00:25:59.918921063Z [2026-09-26 00:25:59,917] INFO [GroupCoordinator id=1] Ignored unloading metadata for __consumer_offsets-1 in epoch OptionalInt[0] since metadata was never loaded. (org.apache.kafka.coordinator.common.runtime.CoordinatorRuntime)
kafka1      | 2026-09-26T00:25:59.918928328Z [2026-09-26 00:25:59,918] INFO [GroupCoordinator id=1] Scheduling unloading of metadata for __consumer_offsets-20 with epoch OptionalInt[0] (org.apache.kafka.coordinator.common.runtime.CoordinatorRuntime)
kafka1      | 2026-09-26T00:25:59.918935182Z [2026-09-26 00:25:59,918] INFO [GroupCoordinator id=1] Scheduling unloading of metadata for __consumer_offsets-49 with epoch OptionalInt[0] (org.apache.kafka.coordinator.common.runtime.CoordinatorRuntime)
kafka1      | 2026-09-26T00:25:59.918941385Z [2026-09-26 00:25:59,918] INFO [GroupCoordinator id=1] Scheduling unloading of metadata for __consumer_offsets-0 with epoch OptionalInt[0] (org.apache.kafka.coordinator.common.runtime.CoordinatorRuntime)
kafka1      | 2026-09-26T00:25:59.918947327Z [2026-09-26 00:25:59,918] INFO [GroupCoordinator id=1] Ignored unloading metadata for __consumer_offsets-34 in epoch OptionalInt[1] since metadata was never loaded. (org.apache.kafka.coordinator.common.runtime.CoordinatorRuntime)
kafka1      | 2026-09-26T00:25:59.918955193Z [2026-09-26 00:25:59,918] INFO [GroupCoordinator id=1] Scheduling unloading of metadata for __consumer_offsets-29 with epoch OptionalInt[0] (org.apache.kafka.coordinator.common.runtime.CoordinatorRuntime)
kafka1      | 2026-09-26T00:25:59.921816117Z [2026-09-26 00:25:59,918] INFO [GroupCoordinator id=1] Ignored unloading metadata for __consumer_offsets-49 in epoch OptionalInt[0] since metadata was never loaded. (org.apache.kafka.coordinator.common.runtime.CoordinatorRuntime)
kafka1      | 2026-09-26T00:25:59.921927786Z [2026-09-26 00:25:59,918] INFO [GroupCoordinator id=1] Ignored unloading metadata for __consumer_offsets-38 in epoch OptionalInt[1] since metadata was never loaded. (org.apache.kafka.coordinator.common.runtime.CoordinatorRuntime)
kafka1      | 2026-09-26T00:25:59.921938768Z [2026-09-26 00:25:59,919] INFO [GroupCoordinator id=1] Ignored unloading metadata for __consumer_offsets-45 in epoch OptionalInt[0] since metadata was never loaded. (org.apache.kafka.coordinator.common.runtime.CoordinatorRuntime)
kafka1      | 2026-09-26T00:25:59.922000705Z [2026-09-26 00:25:59,919] INFO [GroupCoordinator id=1] Ignored unloading metadata for __consumer_offsets-16 in epoch OptionalInt[0] since metadata was never loaded. (org.apache.kafka.coordinator.common.runtime.CoordinatorRuntime)
kafka1      | 2026-09-26T00:25:59.922012028Z [2026-09-26 00:25:59,919] INFO [GroupCoordinator id=1] Ignored unloading metadata for __consumer_offsets-41 in epoch OptionalInt[1] since metadata was never loaded. (org.apache.kafka.coordinator.common.runtime.CoordinatorRuntime)
kafka1      | 2026-09-26T00:25:59.922019433Z [2026-09-26 00:25:59,920] INFO [GroupCoordinator id=1] Ignored unloading metadata for __consumer_offsets-30 in epoch OptionalInt[1] since metadata was never loaded. (org.apache.kafka.coordinator.common.runtime.CoordinatorRuntime)
kafka1      | 2026-09-26T00:25:59.923292150Z [2026-09-26 00:25:59,922] INFO [GroupCoordinator id=1] Ignored unloading metadata for __consumer_offsets-0 in epoch OptionalInt[0] since metadata was never loaded. (org.apache.kafka.coordinator.common.runtime.CoordinatorRuntime)
kafka1      | 2026-09-26T00:25:59.923929684Z [2026-09-26 00:25:59,923] INFO [GroupCoordinator id=1] Ignored unloading metadata for __consumer_offsets-5 in epoch OptionalInt[0] since metadata was never loaded. (org.apache.kafka.coordinator.common.runtime.CoordinatorRuntime)
kafka1      | 2026-09-26T00:25:59.925016237Z [2026-09-26 00:25:59,924] INFO [GroupCoordinator id=1] Ignored unloading metadata for __consumer_offsets-12 in epoch OptionalInt[1] since metadata was never loaded. (org.apache.kafka.coordinator.common.runtime.CoordinatorRuntime)
kafka1      | 2026-09-26T00:25:59.925234884Z [2026-09-26 00:25:59,924] INFO [GroupCoordinator id=1] Ignored unloading metadata for __consumer_offsets-20 in epoch OptionalInt[0] since metadata was never loaded. (org.apache.kafka.coordinator.common.runtime.CoordinatorRuntime)
kafka1      | 2026-09-26T00:25:59.926322699Z [2026-09-26 00:25:59,925] INFO [GroupCoordinator id=1] Scheduling unloading of metadata for __consumer_offsets-25 with epoch OptionalInt[0] (org.apache.kafka.coordinator.common.runtime.CoordinatorRuntime)
kafka1      | 2026-09-26T00:25:59.926788492Z [2026-09-26 00:25:59,926] INFO [GroupCoordinator id=1] Ignored unloading metadata for __consumer_offsets-29 in epoch OptionalInt[0] since metadata was never loaded. (org.apache.kafka.coordinator.common.runtime.CoordinatorRuntime)
kafka1      | 2026-09-26T00:25:59.926954591Z [2026-09-26 00:25:59,926] INFO [GroupCoordinator id=1] Ignored unloading metadata for __consumer_offsets-24 in epoch OptionalInt[1] since metadata was never loaded. (org.apache.kafka.coordinator.common.runtime.CoordinatorRuntime)
kafka1      | 2026-09-26T00:25:59.927999539Z [2026-09-26 00:25:59,927] INFO [GroupCoordinator id=1] Scheduling unloading of metadata for __consumer_offsets-8 with epoch OptionalInt[1] (org.apache.kafka.coordinator.common.runtime.CoordinatorRuntime)
kafka1      | 2026-09-26T00:25:59.929351374Z [2026-09-26 00:25:59,928] INFO [GroupCoordinator id=1] Ignored unloading metadata for __consumer_offsets-25 in epoch OptionalInt[0] since metadata was never loaded. (org.apache.kafka.coordinator.common.runtime.CoordinatorRuntime)
kafka1      | 2026-09-26T00:25:59.929598149Z [2026-09-26 00:25:59,928] INFO [GroupCoordinator id=1] Ignored unloading metadata for __consumer_offsets-8 in epoch OptionalInt[1] since metadata was never loaded. (org.apache.kafka.coordinator.common.runtime.CoordinatorRuntime)
kafka1      | 2026-09-26T00:25:59.929624623Z [2026-09-26 00:25:59,928] INFO [GroupCoordinator id=1] Scheduling unloading of metadata for __consumer_offsets-37 with epoch OptionalInt[0] (org.apache.kafka.coordinator.common.runtime.CoordinatorRuntime)
kafka1      | 2026-09-26T00:25:59.931008353Z [2026-09-26 00:25:59,930] INFO [GroupCoordinator id=1] Ignored unloading metadata for __consumer_offsets-37 in epoch OptionalInt[0] since metadata was never loaded. (org.apache.kafka.coordinator.common.runtime.CoordinatorRuntime)
kafka1      | 2026-09-26T00:25:59.931956503Z [2026-09-26 00:25:59,931] INFO [GroupCoordinator id=1] Scheduling unloading of metadata for __consumer_offsets-4 with epoch OptionalInt[1] (org.apache.kafka.coordinator.common.runtime.CoordinatorRuntime)
kafka1      | 2026-09-26T00:25:59.933814193Z [2026-09-26 00:25:59,932] INFO [GroupCoordinator id=1] Ignored unloading metadata for __consumer_offsets-4 in epoch OptionalInt[1] since metadata was never loaded. (org.apache.kafka.coordinator.common.runtime.CoordinatorRuntime)
kafka1      | 2026-09-26T00:25:59.933874777Z [2026-09-26 00:25:59,932] INFO [GroupCoordinator id=1] Scheduling unloading of metadata for __consumer_offsets-33 with epoch OptionalInt[0] (org.apache.kafka.coordinator.common.runtime.CoordinatorRuntime)
kafka1      | 2026-09-26T00:25:59.933880789Z [2026-09-26 00:25:59,933] INFO [GroupCoordinator id=1] Scheduling unloading of metadata for __consumer_offsets-15 with epoch OptionalInt[1] (org.apache.kafka.coordinator.common.runtime.CoordinatorRuntime)
kafka1      | 2026-09-26T00:25:59.933886030Z [2026-09-26 00:25:59,933] INFO [GroupCoordinator id=1] Ignored unloading metadata for __consumer_offsets-33 in epoch OptionalInt[0] since metadata was never loaded. (org.apache.kafka.coordinator.common.runtime.CoordinatorRuntime)
kafka1      | 2026-09-26T00:25:59.937334009Z [2026-09-26 00:25:59,934] INFO [GroupCoordinator id=1] Scheduling unloading of metadata for __consumer_offsets-48 with epoch OptionalInt[0] (org.apache.kafka.coordinator.common.runtime.CoordinatorRuntime)
kafka1      | 2026-09-26T00:25:59.937431930Z [2026-09-26 00:25:59,934] INFO [GroupCoordinator id=1] Ignored unloading metadata for __consumer_offsets-15 in epoch OptionalInt[1] since metadata was never loaded. (org.apache.kafka.coordinator.common.runtime.CoordinatorRuntime)
kafka1      | 2026-09-26T00:25:59.937439575Z [2026-09-26 00:25:59,934] INFO [GroupCoordinator id=1] Scheduling unloading of metadata for __consumer_offsets-11 with epoch OptionalInt[0] (org.apache.kafka.coordinator.common.runtime.CoordinatorRuntime)
kafka1      | 2026-09-26T00:25:59.937445317Z [2026-09-26 00:25:59,935] INFO [GroupCoordinator id=1] Scheduling unloading of metadata for __consumer_offsets-44 with epoch OptionalInt[1] (org.apache.kafka.coordinator.common.runtime.CoordinatorRuntime)
kafka1      | 2026-09-26T00:25:59.937451931Z [2026-09-26 00:25:59,935] INFO [GroupCoordinator id=1] Scheduling unloading of metadata for __consumer_offsets-23 with epoch OptionalInt[0] (org.apache.kafka.coordinator.common.runtime.CoordinatorRuntime)
kafka1      | 2026-09-26T00:25:59.937458083Z [2026-09-26 00:25:59,935] INFO [GroupCoordinator id=1] Scheduling unloading of metadata for __consumer_offsets-19 with epoch OptionalInt[0] (org.apache.kafka.coordinator.common.runtime.CoordinatorRuntime)
kafka1      | 2026-09-26T00:25:59.937465308Z [2026-09-26 00:25:59,935] INFO [GroupCoordinator id=1] Scheduling unloading of metadata for __consumer_offsets-32 with epoch OptionalInt[0] (org.apache.kafka.coordinator.common.runtime.CoordinatorRuntime)
kafka1      | 2026-09-26T00:25:59.937472372Z [2026-09-26 00:25:59,936] INFO [GroupCoordinator id=1] Scheduling unloading of metadata for __consumer_offsets-28 with epoch OptionalInt[0] (org.apache.kafka.coordinator.common.runtime.CoordinatorRuntime)
kafka1      | 2026-09-26T00:25:59.937532626Z [2026-09-26 00:25:59,936] INFO [GroupCoordinator id=1] Scheduling unloading of metadata for __consumer_offsets-7 with epoch OptionalInt[0] (org.apache.kafka.coordinator.common.runtime.CoordinatorRuntime)
kafka1      | 2026-09-26T00:25:59.937548669Z [2026-09-26 00:25:59,936] INFO [GroupCoordinator id=1] Scheduling unloading of metadata for __consumer_offsets-40 with epoch OptionalInt[0] (org.apache.kafka.coordinator.common.runtime.CoordinatorRuntime)
kafka1      | 2026-09-26T00:25:59.937553679Z [2026-09-26 00:25:59,936] INFO [GroupCoordinator id=1] Scheduling unloading of metadata for __consumer_offsets-3 with epoch OptionalInt[0] (org.apache.kafka.coordinator.common.runtime.CoordinatorRuntime)
kafka1      | 2026-09-26T00:25:59.940420241Z [2026-09-26 00:25:59,938] INFO [GroupCoordinator id=1] Ignored unloading metadata for __consumer_offsets-32 in epoch OptionalInt[0] since metadata was never loaded. (org.apache.kafka.coordinator.common.runtime.CoordinatorRuntime)
kafka1      | 2026-09-26T00:25:59.940467858Z [2026-09-26 00:25:59,938] INFO [GroupCoordinator id=1] Ignored unloading metadata for __consumer_offsets-7 in epoch OptionalInt[0] since metadata was never loaded. (org.apache.kafka.coordinator.common.runtime.CoordinatorRuntime)
kafka1      | 2026-09-26T00:25:59.940474542Z [2026-09-26 00:25:59,938] INFO [GroupCoordinator id=1] Ignored unloading metadata for __consumer_offsets-3 in epoch OptionalInt[0] since metadata was never loaded. (org.apache.kafka.coordinator.common.runtime.CoordinatorRuntime)
kafka1      | 2026-09-26T00:25:59.940480173Z [2026-09-26 00:25:59,938] INFO [GroupCoordinator id=1] Ignored unloading metadata for __consumer_offsets-28 in epoch OptionalInt[0] since metadata was never loaded. (org.apache.kafka.coordinator.common.runtime.CoordinatorRuntime)
kafka1      | 2026-09-26T00:25:59.940486075Z [2026-09-26 00:25:59,939] INFO [GroupCoordinator id=1] Ignored unloading metadata for __consumer_offsets-19 in epoch OptionalInt[0] since metadata was never loaded. (org.apache.kafka.coordinator.common.runtime.CoordinatorRuntime)
kafka1      | 2026-09-26T00:25:59.940492408Z [2026-09-26 00:25:59,939] INFO [GroupCoordinator id=1] Ignored unloading metadata for __consumer_offsets-48 in epoch OptionalInt[0] since metadata was never loaded. (org.apache.kafka.coordinator.common.runtime.CoordinatorRuntime)
kafka1      | 2026-09-26T00:25:59.940497919Z [2026-09-26 00:25:59,939] INFO [GroupCoordinator id=1] Ignored unloading metadata for __consumer_offsets-11 in epoch OptionalInt[0] since metadata was never loaded. (org.apache.kafka.coordinator.common.runtime.CoordinatorRuntime)
kafka1      | 2026-09-26T00:25:59.940503411Z [2026-09-26 00:25:59,939] INFO [GroupCoordinator id=1] Ignored unloading metadata for __consumer_offsets-23 in epoch OptionalInt[0] since metadata was never loaded. (org.apache.kafka.coordinator.common.runtime.CoordinatorRuntime)
kafka1      | 2026-09-26T00:25:59.940512980Z [2026-09-26 00:25:59,939] INFO [GroupCoordinator id=1] Ignored unloading metadata for __consumer_offsets-40 in epoch OptionalInt[0] since metadata was never loaded. (org.apache.kafka.coordinator.common.runtime.CoordinatorRuntime)
kafka1      | 2026-09-26T00:25:59.940518652Z [2026-09-26 00:25:59,939] INFO [GroupCoordinator id=1] Ignored unloading metadata for __consumer_offsets-44 in epoch OptionalInt[1] since metadata was never loaded. (org.apache.kafka.coordinator.common.runtime.CoordinatorRuntime)
kafka1      | 2026-09-26T00:25:59.941393952Z [2026-09-26 00:25:59,940] INFO [GroupCoordinator id=1] Scheduling unloading of metadata for __consumer_offsets-36 with epoch OptionalInt[0] (org.apache.kafka.coordinator.common.runtime.CoordinatorRuntime)
kafka1      | 2026-09-26T00:25:59.945684679Z [2026-09-26 00:25:59,942] INFO [GroupCoordinator id=1] Scheduling unloading of metadata for __consumer_offsets-47 with epoch OptionalInt[0] (org.apache.kafka.coordinator.common.runtime.CoordinatorRuntime)
kafka1      | 2026-09-26T00:25:59.945768811Z [2026-09-26 00:25:59,942] INFO [GroupCoordinator id=1] Ignored unloading metadata for __consumer_offsets-36 in epoch OptionalInt[0] since metadata was never loaded. (org.apache.kafka.coordinator.common.runtime.CoordinatorRuntime)
kafka1      | 2026-09-26T00:25:59.945776988Z [2026-09-26 00:25:59,942] INFO [GroupCoordinator id=1] Scheduling unloading of metadata for __consumer_offsets-14 with epoch OptionalInt[0] (org.apache.kafka.coordinator.common.runtime.CoordinatorRuntime)
kafka1      | 2026-09-26T00:25:59.945783621Z [2026-09-26 00:25:59,943] INFO [GroupCoordinator id=1] Scheduling unloading of metadata for __consumer_offsets-43 with epoch OptionalInt[0] (org.apache.kafka.coordinator.common.runtime.CoordinatorRuntime)
kafka1      | 2026-09-26T00:25:59.945789944Z [2026-09-26 00:25:59,943] INFO [GroupCoordinator id=1] Scheduling unloading of metadata for __consumer_offsets-10 with epoch OptionalInt[1] (org.apache.kafka.coordinator.common.runtime.CoordinatorRuntime)
kafka1      | 2026-09-26T00:25:59.945795576Z [2026-09-26 00:25:59,943] INFO [GroupCoordinator id=1] Scheduling unloading of metadata for __consumer_offsets-22 with epoch OptionalInt[0] (org.apache.kafka.coordinator.common.runtime.CoordinatorRuntime)
kafka1      | 2026-09-26T00:25:59.945801518Z [2026-09-26 00:25:59,944] INFO [GroupCoordinator id=1] Scheduling unloading of metadata for __consumer_offsets-18 with epoch OptionalInt[1] (org.apache.kafka.coordinator.common.runtime.CoordinatorRuntime)
kafka1      | 2026-09-26T00:25:59.945806969Z [2026-09-26 00:25:59,944] INFO [GroupCoordinator id=1] Scheduling unloading of metadata for __consumer_offsets-31 with epoch OptionalInt[0] (org.apache.kafka.coordinator.common.runtime.CoordinatorRuntime)
kafka1      | 2026-09-26T00:25:59.945812901Z [2026-09-26 00:25:59,944] INFO [GroupCoordinator id=1] Scheduling unloading of metadata for __consumer_offsets-27 with epoch OptionalInt[1] (org.apache.kafka.coordinator.common.runtime.CoordinatorRuntime)
kafka1      | 2026-09-26T00:25:59.945821048Z [2026-09-26 00:25:59,944] INFO [GroupCoordinator id=1] Scheduling unloading of metadata for __consumer_offsets-39 with epoch OptionalInt[0] (org.apache.kafka.coordinator.common.runtime.CoordinatorRuntime)
kafka1      | 2026-09-26T00:25:59.945826729Z [2026-09-26 00:25:59,944] INFO [GroupCoordinator id=1] Scheduling unloading of metadata for __consumer_offsets-6 with epoch OptionalInt[0] (org.apache.kafka.coordinator.common.runtime.CoordinatorRuntime)
kafka1      | 2026-09-26T00:25:59.946611264Z [2026-09-26 00:25:59,946] INFO [GroupCoordinator id=1] Scheduling unloading of metadata for __consumer_offsets-35 with epoch OptionalInt[0] (org.apache.kafka.coordinator.common.runtime.CoordinatorRuntime)
kafka1      | 2026-09-26T00:25:59.946826545Z [2026-09-26 00:25:59,946] INFO [GroupCoordinator id=1] Scheduling unloading of metadata for __consumer_offsets-2 with epoch OptionalInt[1] (org.apache.kafka.coordinator.common.runtime.CoordinatorRuntime)
kafka1      | 2026-09-26T00:25:59.948404212Z [2026-09-26 00:25:59,947] INFO [GroupCoordinator id=1] Ignored unloading metadata for __consumer_offsets-14 in epoch OptionalInt[0] since metadata was never loaded. (org.apache.kafka.coordinator.common.runtime.CoordinatorRuntime)
kafka1      | 2026-09-26T00:25:59.949810879Z [2026-09-26 00:25:59,948] INFO [GroupCoordinator id=1] Ignored unloading metadata for __consumer_offsets-22 in epoch OptionalInt[0] since metadata was never loaded. (org.apache.kafka.coordinator.common.runtime.CoordinatorRuntime)
kafka1      | 2026-09-26T00:25:59.949991889Z [2026-09-26 00:25:59,948] INFO [GroupCoordinator id=1] Ignored unloading metadata for __consumer_offsets-10 in epoch OptionalInt[1] since metadata was never loaded. (org.apache.kafka.coordinator.common.runtime.CoordinatorRuntime)
kafka1      | 2026-09-26T00:25:59.951336520Z [2026-09-26 00:25:59,950] INFO [GroupCoordinator id=1] Ignored unloading metadata for __consumer_offsets-6 in epoch OptionalInt[0] since metadata was never loaded. (org.apache.kafka.coordinator.common.runtime.CoordinatorRuntime)
kafka1      | 2026-09-26T00:25:59.953309804Z [2026-09-26 00:25:59,952] INFO [GroupCoordinator id=1] Ignored unloading metadata for __consumer_offsets-47 in epoch OptionalInt[0] since metadata was never loaded. (org.apache.kafka.coordinator.common.runtime.CoordinatorRuntime)
kafka1      | 2026-09-26T00:25:59.955591612Z [2026-09-26 00:25:59,955] INFO [GroupCoordinator id=1] Ignored unloading metadata for __consumer_offsets-35 in epoch OptionalInt[0] since metadata was never loaded. (org.apache.kafka.coordinator.common.runtime.CoordinatorRuntime)
kafka1      | 2026-09-26T00:25:59.957626835Z [2026-09-26 00:25:59,951] INFO [GroupCoordinator id=1] Ignored unloading metadata for __consumer_offsets-31 in epoch OptionalInt[0] since metadata was never loaded. (org.apache.kafka.coordinator.common.runtime.CoordinatorRuntime)
kafka1      | 2026-09-26T00:25:59.957686948Z [2026-09-26 00:25:59,950] INFO [GroupCoordinator id=1] Ignored unloading metadata for __consumer_offsets-43 in epoch OptionalInt[0] since metadata was never loaded. (org.apache.kafka.coordinator.common.runtime.CoordinatorRuntime)
kafka1      | 2026-09-26T00:25:59.958102959Z [2026-09-26 00:25:59,957] INFO [GroupCoordinator id=1] Ignored unloading metadata for __consumer_offsets-27 in epoch OptionalInt[1] since metadata was never loaded. (org.apache.kafka.coordinator.common.runtime.CoordinatorRuntime)
kafka1      | 2026-09-26T00:25:59.958759712Z [2026-09-26 00:25:59,958] INFO [GroupCoordinator id=1] Ignored unloading metadata for __consumer_offsets-39 in epoch OptionalInt[0] since metadata was never loaded. (org.apache.kafka.coordinator.common.runtime.CoordinatorRuntime)
kafka1      | 2026-09-26T00:25:59.959808928Z [2026-09-26 00:25:59,959] INFO [GroupCoordinator id=1] Ignored unloading metadata for __consumer_offsets-18 in epoch OptionalInt[1] since metadata was never loaded. (org.apache.kafka.coordinator.common.runtime.CoordinatorRuntime)
kafka1      | 2026-09-26T00:25:59.960194467Z [2026-09-26 00:25:59,954] INFO [GroupCoordinator id=1] Ignored unloading metadata for __consumer_offsets-2 in epoch OptionalInt[1] since metadata was never loaded. (org.apache.kafka.coordinator.common.runtime.CoordinatorRuntime)
kafka1      | 2026-09-26T00:25:59.964711569Z [2026-09-26 00:25:59,963] INFO [DynamicConfigPublisher broker id=1] Updating cluster configuration : min.insync.replicas -> 1 (kafka.server.metadata.DynamicConfigPublisher)
kafka1      | 2026-09-26T00:25:59.973738837Z [2026-09-26 00:25:59,972] INFO AbstractConfig values: 
kafka1      | 2026-09-26T00:25:59.973804852Z 	group.consumer.assignment.interval.ms = 1000
kafka1      | 2026-09-26T00:25:59.973813139Z 	group.consumer.assignors = [uniform, range]
kafka1      | 2026-09-26T00:25:59.973818339Z 	group.consumer.heartbeat.interval.ms = 5000
kafka1      | 2026-09-26T00:25:59.973823349Z 	group.consumer.max.assignment.interval.ms = 15000
kafka1      | 2026-09-26T00:25:59.973828600Z 	group.consumer.max.heartbeat.interval.ms = 15000
kafka1      | 2026-09-26T00:25:59.973864584Z 	group.consumer.max.session.timeout.ms = 60000
kafka1      | 2026-09-26T00:25:59.973871227Z 	group.consumer.max.size = 2147483647
kafka1      | 2026-09-26T00:25:59.973876498Z 	group.consumer.migration.policy = bidirectional
kafka1      | 2026-09-26T00:25:59.973881248Z 	group.consumer.min.assignment.interval.ms = 0
kafka1      | 2026-09-26T00:25:59.973885877Z 	group.consumer.min.heartbeat.interval.ms = 5000
kafka1      | 2026-09-26T00:25:59.973890868Z 	group.consumer.min.session.timeout.ms = 45000
kafka1      | 2026-09-26T00:25:59.973895637Z 	group.consumer.regex.refresh.interval.ms = 600000
kafka1      | 2026-09-26T00:25:59.973900407Z 	group.consumer.session.timeout.ms = 45000
kafka1      | 2026-09-26T00:25:59.973904986Z 	group.coordinator.append.linger.ms = -1
kafka1      | 2026-09-26T00:25:59.973909816Z 	group.coordinator.background.threads = 2
kafka1      | 2026-09-26T00:25:59.973915458Z 	group.coordinator.cached.buffer.max.bytes = 1048588
kafka1      | 2026-09-26T00:25:59.973920418Z 	group.coordinator.rebalance.protocols = [classic, consumer, streams]
kafka1      | 2026-09-26T00:25:59.973925348Z 	group.coordinator.threads = 4
kafka1      | 2026-09-26T00:25:59.973930208Z 	group.initial.rebalance.delay.ms = 0
kafka1      | 2026-09-26T00:25:59.973935018Z 	group.max.session.timeout.ms = 1800000
kafka1      | 2026-09-26T00:25:59.973939988Z 	group.max.size = 2147483647
kafka1      | 2026-09-26T00:25:59.973944928Z 	group.min.session.timeout.ms = 6000
kafka1      | 2026-09-26T00:25:59.973949788Z 	group.share.assignment.interval.ms = 1000
kafka1      | 2026-09-26T00:25:59.973954718Z 	group.share.assignors = [simple]
kafka1      | 2026-09-26T00:25:59.973960440Z 	group.share.heartbeat.interval.ms = 5000
kafka1      | 2026-09-26T00:25:59.973965320Z 	group.share.initialize.retry.interval.ms = 30000
kafka1      | 2026-09-26T00:25:59.973979559Z 	group.share.max.assignment.interval.ms = 15000
kafka1      | 2026-09-26T00:25:59.973987605Z 	group.share.max.heartbeat.interval.ms = 15000
kafka1      | 2026-09-26T00:25:59.973993197Z 	group.share.max.session.timeout.ms = 60000
kafka1      | 2026-09-26T00:25:59.973998267Z 	group.share.max.size = 200
kafka1      | 2026-09-26T00:25:59.974002977Z 	group.share.min.assignment.interval.ms = 0
kafka1      | 2026-09-26T00:25:59.974007897Z 	group.share.min.heartbeat.interval.ms = 5000
kafka1      | 2026-09-26T00:25:59.974013128Z 	group.share.min.session.timeout.ms = 45000
kafka1      | 2026-09-26T00:25:59.974018388Z 	group.share.session.timeout.ms = 45000
kafka1      | 2026-09-26T00:25:59.974023629Z 	group.streams.assignment.interval.ms = 1000
kafka1      | 2026-09-26T00:25:59.974028720Z 	group.streams.heartbeat.interval.ms = 5000
kafka1      | 2026-09-26T00:25:59.974034030Z 	group.streams.initial.rebalance.delay.ms = 3000
kafka1      | 2026-09-26T00:25:59.974039932Z 	group.streams.max.assignment.interval.ms = 15000
kafka1      | 2026-09-26T00:25:59.974049743Z 	group.streams.max.heartbeat.interval.ms = 15000
kafka1      | 2026-09-26T00:25:59.974079203Z 	group.streams.max.session.timeout.ms = 60000
kafka1      | 2026-09-26T00:25:59.974085646Z 	group.streams.max.size = 2147483647
kafka1      | 2026-09-26T00:25:59.974090616Z 	group.streams.max.standby.replicas = 2
kafka1      | 2026-09-26T00:25:59.974095777Z 	group.streams.min.assignment.interval.ms = 0
kafka1      | 2026-09-26T00:25:59.974100617Z 	group.streams.min.heartbeat.interval.ms = 5000
kafka1      | 2026-09-26T00:25:59.974111649Z 	group.streams.min.session.timeout.ms = 45000
kafka1      | 2026-09-26T00:25:59.974117211Z 	group.streams.num.standby.replicas = 0
kafka1      | 2026-09-26T00:25:59.974122151Z 	group.streams.session.timeout.ms = 45000
kafka1      | 2026-09-26T00:25:59.974127021Z 	offset.metadata.max.bytes = 4096
kafka1      | 2026-09-26T00:25:59.974131981Z 	offsets.commit.timeout.ms = 5000
kafka1      | 2026-09-26T00:25:59.974137021Z 	offsets.load.buffer.size = 5242880
kafka1      | 2026-09-26T00:25:59.974141931Z 	offsets.retention.check.interval.ms = 600000
kafka1      | 2026-09-26T00:25:59.974146741Z 	offsets.retention.minutes = 10080
kafka1      | 2026-09-26T00:25:59.974151811Z 	offsets.topic.compression.codec = 0
kafka1      | 2026-09-26T00:25:59.974156892Z 	offsets.topic.num.partitions = 50
kafka1      | 2026-09-26T00:25:59.974161702Z 	offsets.topic.replication.factor = 3
kafka1      | 2026-09-26T00:25:59.974166652Z 	offsets.topic.segment.bytes = 104857600
kafka1      | 2026-09-26T00:25:59.974171792Z  (org.apache.kafka.common.config.AbstractConfig)
kafka1      | 2026-09-26T00:25:59.980355739Z [2026-09-26 00:25:59,978] INFO KafkaConfig values: 
kafka1      | 2026-09-26T00:25:59.980460944Z 	add.partitions.to.txn.retry.backoff.max.ms = 100
kafka1      | 2026-09-26T00:25:59.980468340Z 	add.partitions.to.txn.retry.backoff.ms = 20
kafka1      | 2026-09-26T00:25:59.980473981Z 	advertised.listeners = [PLAINTEXT://kafka1:19092, PLAINTEXT_HOST://localhost:29092]
kafka1      | 2026-09-26T00:25:59.980479472Z 	alter.config.policy.class.name = null
kafka1      | 2026-09-26T00:25:59.980484633Z 	alter.log.dirs.replication.quota.window.num = 11
kafka1      | 2026-09-26T00:25:59.980489633Z 	alter.log.dirs.replication.quota.window.size.seconds = 1
kafka1      | 2026-09-26T00:25:59.980494533Z 	authorizer.class.name = 
kafka1      | 2026-09-26T00:25:59.980499533Z 	auto.create.topics.enable = true
kafka1      | 2026-09-26T00:25:59.980504193Z 	auto.leader.rebalance.enable = true
kafka1      | 2026-09-26T00:25:59.980508812Z 	background.threads = 10
kafka1      | 2026-09-26T00:25:59.980513432Z 	broker.heartbeat.interval.ms = 2000
kafka1      | 2026-09-26T00:25:59.980518001Z 	broker.id = 1
kafka1      | 2026-09-26T00:25:59.980522550Z 	broker.rack = null
kafka1      | 2026-09-26T00:25:59.980527400Z 	broker.session.timeout.ms = 9000
kafka1      | 2026-09-26T00:25:59.980532170Z 	client.quota.callback.class = null
kafka1      | 2026-09-26T00:25:59.980536679Z 	compression.gzip.level = -1
kafka1      | 2026-09-26T00:25:59.980541649Z 	compression.lz4.level = 9
kafka1      | 2026-09-26T00:25:59.980590980Z 	compression.type = producer
kafka1      | 2026-09-26T00:25:59.980597754Z 	compression.zstd.level = 3
kafka1      | 2026-09-26T00:25:59.980602624Z 	config.providers = []
kafka1      | 2026-09-26T00:25:59.980607294Z 	connection.failed.authentication.delay.ms = 100
kafka1      | 2026-09-26T00:25:59.980612444Z 	connections.max.idle.ms = 600000
kafka1      | 2026-09-26T00:25:59.980617244Z 	connections.max.reauth.ms = 0
kafka1      | 2026-09-26T00:25:59.980622064Z 	controlled.shutdown.enable = true
kafka1      | 2026-09-26T00:25:59.980626844Z 	controller.listener.names = [CONTROLLER]
kafka1      | 2026-09-26T00:25:59.980640712Z 	controller.performance.always.log.threshold.ms = 2000
kafka1      | 2026-09-26T00:25:59.980645813Z 	controller.performance.sample.period.ms = 60000
kafka1      | 2026-09-26T00:25:59.980650823Z 	controller.quorum.append.linger.ms = 25
kafka1      | 2026-09-26T00:25:59.980655803Z 	controller.quorum.auto.join.enable = false
kafka1      | 2026-09-26T00:25:59.980661214Z 	controller.quorum.bootstrap.servers = []
kafka1      | 2026-09-26T00:25:59.980666184Z 	controller.quorum.election.backoff.max.ms = 1000
kafka1      | 2026-09-26T00:25:59.980671295Z 	controller.quorum.election.timeout.ms = 1000
kafka1      | 2026-09-26T00:25:59.980676265Z 	controller.quorum.fetch.max.bytes = 1048576
kafka1      | 2026-09-26T00:25:59.980681455Z 	controller.quorum.fetch.snapshot.max.bytes = 1048576
kafka1      | 2026-09-26T00:25:59.980686165Z 	controller.quorum.fetch.timeout.ms = 2000
kafka1      | 2026-09-26T00:25:59.980690845Z 	controller.quorum.request.timeout.ms = 2000
kafka1      | 2026-09-26T00:25:59.980695805Z 	controller.quorum.retry.backoff.ms = 20
kafka1      | 2026-09-26T00:25:59.980701005Z 	controller.quorum.voters = [1@kafka1:9093, 2@kafka2:9093, 3@kafka3:9093]
kafka1      | 2026-09-26T00:25:59.980705905Z 	controller.quota.window.num = 11
kafka1      | 2026-09-26T00:25:59.980710685Z 	controller.quota.window.size.seconds = 1
kafka1      | 2026-09-26T00:25:59.980715776Z 	controller.socket.timeout.ms = 30000
kafka1      | 2026-09-26T00:25:59.980720585Z 	cordoned.log.dirs = []
kafka1      | 2026-09-26T00:25:59.980725345Z 	create.topic.policy.class.name = null
kafka1      | 2026-09-26T00:25:59.980731358Z 	default.replication.factor = 1
kafka1      | 2026-09-26T00:25:59.980736338Z 	delegation.token.expiry.check.interval.ms = 3600000
kafka1      | 2026-09-26T00:25:59.980741057Z 	delegation.token.expiry.time.ms = 86400000
kafka1      | 2026-09-26T00:25:59.980746048Z 	delegation.token.max.lifetime.ms = 604800000
kafka1      | 2026-09-26T00:25:59.980750938Z 	delegation.token.secret.key = null
kafka1      | 2026-09-26T00:25:59.980756058Z 	delete.records.purgatory.purge.interval.requests = 1
kafka1      | 2026-09-26T00:25:59.980764495Z 	delete.topic.enable = true
kafka1      | 2026-09-26T00:25:59.980769516Z 	early.start.listeners = null
kafka1      | 2026-09-26T00:25:59.980774225Z 	fetch.max.bytes = 57671680
kafka1      | 2026-09-26T00:25:59.980791941Z 	fetch.purgatory.purge.interval.requests = 1000
kafka1      | 2026-09-26T00:25:59.980797433Z 	follower.fetch.last.tiered.offset.enable = false
kafka1      | 2026-09-26T00:25:59.980802222Z 	group.consumer.assignment.interval.ms = 1000
kafka1      | 2026-09-26T00:25:59.980807082Z 	group.consumer.assignors = [uniform, range]
kafka1      | 2026-09-26T00:25:59.980811952Z 	group.consumer.heartbeat.interval.ms = 5000
kafka1      | 2026-09-26T00:25:59.980816862Z 	group.consumer.max.assignment.interval.ms = 15000
kafka1      | 2026-09-26T00:25:59.980821883Z 	group.consumer.max.heartbeat.interval.ms = 15000
kafka1      | 2026-09-26T00:25:59.980827194Z 	group.consumer.max.session.timeout.ms = 60000
kafka1      | 2026-09-26T00:25:59.980832504Z 	group.consumer.max.size = 2147483647
kafka1      | 2026-09-26T00:25:59.980837525Z 	group.consumer.migration.policy = bidirectional
kafka1      | 2026-09-26T00:25:59.980842585Z 	group.consumer.min.assignment.interval.ms = 0
kafka1      | 2026-09-26T00:25:59.980847756Z 	group.consumer.min.heartbeat.interval.ms = 5000
kafka1      | 2026-09-26T00:25:59.980852716Z 	group.consumer.min.session.timeout.ms = 45000
kafka1      | 2026-09-26T00:25:59.980857977Z 	group.consumer.regex.refresh.interval.ms = 600000
kafka1      | 2026-09-26T00:25:59.980862836Z 	group.consumer.session.timeout.ms = 45000
kafka1      | 2026-09-26T00:25:59.980868057Z 	group.coordinator.append.linger.ms = -1
kafka1      | 2026-09-26T00:25:59.980873278Z 	group.coordinator.background.threads = 2
kafka1      | 2026-09-26T00:25:59.980878438Z 	group.coordinator.cached.buffer.max.bytes = 1048588
kafka1      | 2026-09-26T00:25:59.980883729Z 	group.coordinator.rebalance.protocols = [classic, consumer, streams]
kafka1      | 2026-09-26T00:25:59.980888850Z 	group.coordinator.threads = 4
kafka1      | 2026-09-26T00:25:59.980894100Z 	group.initial.rebalance.delay.ms = 0
kafka1      | 2026-09-26T00:25:59.980899381Z 	group.max.session.timeout.ms = 1800000
kafka1      | 2026-09-26T00:25:59.980904191Z 	group.max.size = 2147483647
kafka1      | 2026-09-26T00:25:59.980909041Z 	group.min.session.timeout.ms = 6000
kafka1      | 2026-09-26T00:25:59.980913580Z 	group.share.assignment.interval.ms = 1000
kafka1      | 2026-09-26T00:25:59.981030048Z 	group.share.assignors = [simple]
kafka1      | 2026-09-26T00:25:59.981063918Z 	group.share.delivery.count.limit = 5
kafka1      | 2026-09-26T00:25:59.981069058Z 	group.share.heartbeat.interval.ms = 5000
kafka1      | 2026-09-26T00:25:59.981078107Z 	group.share.initialize.retry.interval.ms = 30000
kafka1      | 2026-09-26T00:25:59.981082596Z 	group.share.max.assignment.interval.ms = 15000
kafka1      | 2026-09-26T00:25:59.981089340Z 	group.share.max.delivery.count.limit = 10
kafka1      | 2026-09-26T00:25:59.981093869Z 	group.share.max.heartbeat.interval.ms = 15000
kafka1      | 2026-09-26T00:25:59.981098448Z 	group.share.max.partition.max.record.locks = 4000
kafka1      | 2026-09-26T00:25:59.981103318Z 	group.share.max.record.lock.duration.ms = 60000
kafka1      | 2026-09-26T00:25:59.981127718Z 	group.share.max.session.timeout.ms = 60000
kafka1      | 2026-09-26T00:25:59.981134262Z 	group.share.max.share.sessions = 2000
kafka1      | 2026-09-26T00:25:59.981139953Z 	group.share.max.size = 200
kafka1      | 2026-09-26T00:25:59.981148411Z 	group.share.min.assignment.interval.ms = 0
kafka1      | 2026-09-26T00:25:59.981153361Z 	group.share.min.delivery.count.limit = 2
kafka1      | 2026-09-26T00:25:59.981158662Z 	group.share.min.heartbeat.interval.ms = 5000
kafka1      | 2026-09-26T00:25:59.981164954Z 	group.share.min.partition.max.record.locks = 100
kafka1      | 2026-09-26T00:25:59.981169654Z 	group.share.min.record.lock.duration.ms = 15000
kafka1      | 2026-09-26T00:25:59.981174484Z 	group.share.min.session.timeout.ms = 45000
kafka1      | 2026-09-26T00:25:59.981179785Z 	group.share.partition.max.record.locks = 2000
kafka1      | 2026-09-26T00:25:59.981190306Z 	group.share.persister.class.name = org.apache.kafka.server.share.persister.DefaultStatePersister
kafka1      | 2026-09-26T00:25:59.981195327Z 	group.share.record.lock.duration.ms = 30000
kafka1      | 2026-09-26T00:25:59.981200467Z 	group.share.session.timeout.ms = 45000
kafka1      | 2026-09-26T00:25:59.981205618Z 	group.streams.assignment.interval.ms = 1000
kafka1      | 2026-09-26T00:25:59.981210307Z 	group.streams.heartbeat.interval.ms = 5000
kafka1      | 2026-09-26T00:25:59.981215117Z 	group.streams.initial.rebalance.delay.ms = 3000
kafka1      | 2026-09-26T00:25:59.981220027Z 	group.streams.max.assignment.interval.ms = 15000
kafka1      | 2026-09-26T00:25:59.981224827Z 	group.streams.max.heartbeat.interval.ms = 15000
kafka1      | 2026-09-26T00:25:59.981229577Z 	group.streams.max.session.timeout.ms = 60000
kafka1      | 2026-09-26T00:25:59.981234366Z 	group.streams.max.size = 2147483647
kafka1      | 2026-09-26T00:25:59.981238996Z 	group.streams.max.standby.replicas = 2
kafka1      | 2026-09-26T00:25:59.981243736Z 	group.streams.min.assignment.interval.ms = 0
kafka1      | 2026-09-26T00:25:59.981248586Z 	group.streams.min.heartbeat.interval.ms = 5000
kafka1      | 2026-09-26T00:25:59.981253275Z 	group.streams.min.session.timeout.ms = 45000
kafka1      | 2026-09-26T00:25:59.981258345Z 	group.streams.num.standby.replicas = 0
kafka1      | 2026-09-26T00:25:59.981262704Z 	group.streams.session.timeout.ms = 45000
kafka1      | 2026-09-26T00:25:59.981267544Z 	initial.broker.registration.timeout.ms = 60000
kafka1      | 2026-09-26T00:25:59.981272194Z 	inter.broker.listener.name = PLAINTEXT
kafka1      | 2026-09-26T00:25:59.981276513Z 	internal.metadata.delete.delay.millis = 60000
kafka1      | 2026-09-26T00:25:59.981281333Z 	internal.metadata.log.segment.bytes = null
kafka1      | 2026-09-26T00:25:59.981285782Z 	internal.metadata.max.batch.size.in.bytes = 8388608
kafka1      | 2026-09-26T00:25:59.981290311Z 	kafka.metrics.polling.interval.secs = 10
kafka1      | 2026-09-26T00:25:59.981295291Z 	kafka.metrics.reporters = []
kafka1      | 2026-09-26T00:25:59.981299730Z 	leader.imbalance.check.interval.seconds = 300
kafka1      | 2026-09-26T00:25:59.981319180Z 	listener.security.protocol.map = CONTROLLER:PLAINTEXT,PLAINTEXT:PLAINTEXT,PLAINTEXT_HOST:PLAINTEXT
kafka1      | 2026-09-26T00:25:59.981325994Z 	listeners = [PLAINTEXT://:19092, CONTROLLER://:9093, PLAINTEXT_HOST://:9092]
kafka1      | 2026-09-26T00:25:59.981331104Z 	log.cleaner.backoff.ms = 15000
kafka1      | 2026-09-26T00:25:59.981335523Z 	log.cleaner.dedupe.buffer.size = 134217728
kafka1      | 2026-09-26T00:25:59.981340233Z 	log.cleaner.delete.retention.ms = 86400000
kafka1      | 2026-09-26T00:25:59.981345093Z 	log.cleaner.enable = true
kafka1      | 2026-09-26T00:25:59.981349843Z 	log.cleaner.io.buffer.load.factor = 0.9
kafka1      | 2026-09-26T00:25:59.981354973Z 	log.cleaner.io.buffer.size = 524288
kafka1      | 2026-09-26T00:25:59.981360184Z 	log.cleaner.io.max.bytes.per.second = 1.7976931348623157E308
kafka1      | 2026-09-26T00:25:59.981364903Z 	log.cleaner.max.compaction.lag.ms = 9223372036854775807
kafka1      | 2026-09-26T00:25:59.981369623Z 	log.cleaner.min.cleanable.ratio = 0.5
kafka1      | 2026-09-26T00:25:59.981374373Z 	log.cleaner.min.compaction.lag.ms = 0
kafka1      | 2026-09-26T00:25:59.981379694Z 	log.cleaner.threads = 1
kafka1      | 2026-09-26T00:25:59.981384393Z 	log.cleanup.policy = [delete]
kafka1      | 2026-09-26T00:25:59.981388873Z 	log.dir = [/tmp/kafka-logs]
kafka1      | 2026-09-26T00:25:59.981393732Z 	log.dir.failure.timeout.ms = 30000
kafka1      | 2026-09-26T00:25:59.981398472Z 	log.dirs = null
kafka1      | 2026-09-26T00:25:59.981403102Z 	log.flush.interval.messages = 9223372036854775807
kafka1      | 2026-09-26T00:25:59.981408192Z 	log.flush.interval.ms = null
kafka1      | 2026-09-26T00:25:59.981412922Z 	log.flush.offset.checkpoint.interval.ms = 60000
kafka1      | 2026-09-26T00:25:59.981417541Z 	log.flush.scheduler.interval.ms = 9223372036854775807
kafka1      | 2026-09-26T00:25:59.981427051Z 	log.flush.start.offset.checkpoint.interval.ms = 60000
kafka1      | 2026-09-26T00:25:59.981432672Z 	log.index.interval.bytes = 4096
kafka1      | 2026-09-26T00:25:59.981437272Z 	log.index.size.max.bytes = 10485760
kafka1      | 2026-09-26T00:25:59.981441781Z 	log.initial.task.delay.ms = 30000
kafka1      | 2026-09-26T00:25:59.981446300Z 	log.local.retention.bytes = -2
kafka1      | 2026-09-26T00:25:59.981451370Z 	log.local.retention.ms = -2
kafka1      | 2026-09-26T00:25:59.981455890Z 	log.message.timestamp.after.max.ms = 3600000
kafka1      | 2026-09-26T00:25:59.981460639Z 	log.message.timestamp.before.max.ms = 9223372036854775807
kafka1      | 2026-09-26T00:25:59.981465339Z 	log.message.timestamp.type = CreateTime
kafka1      | 2026-09-26T00:25:59.981469888Z 	log.preallocate = false
kafka1      | 2026-09-26T00:25:59.981474558Z 	log.retention.bytes = -1
kafka1      | 2026-09-26T00:25:59.981479297Z 	log.retention.check.interval.ms = 300000
kafka1      | 2026-09-26T00:25:59.981484578Z 	log.retention.hours = 168
kafka1      | 2026-09-26T00:25:59.981489348Z 	log.retention.minutes = null
kafka1      | 2026-09-26T00:25:59.981493777Z 	log.retention.ms = null
kafka1      | 2026-09-26T00:25:59.981512095Z 	log.roll.hours = 168
kafka1      | 2026-09-26T00:25:59.981517786Z 	log.roll.jitter.hours = 0
kafka1      | 2026-09-26T00:25:59.981522446Z 	log.roll.jitter.ms = null
kafka1      | 2026-09-26T00:25:59.981526965Z 	log.roll.ms = null
kafka1      | 2026-09-26T00:25:59.981531935Z 	log.segment.bytes = 1073741824
kafka1      | 2026-09-26T00:25:59.981536645Z 	log.segment.delete.delay.ms = 60000
kafka1      | 2026-09-26T00:25:59.981541455Z 	max.connection.creation.rate = 2147483647
kafka1      | 2026-09-26T00:25:59.981546044Z 	max.connections = 2147483647
kafka1      | 2026-09-26T00:25:59.981551455Z 	max.connections.per.ip = 2147483647
kafka1      | 2026-09-26T00:25:59.981556405Z 	max.connections.per.ip.overrides = 
kafka1      | 2026-09-26T00:25:59.981560985Z 	max.incremental.fetch.session.cache.slots = 1000
kafka1      | 2026-09-26T00:25:59.981565524Z 	max.request.partition.size.limit = 2000
kafka1      | 2026-09-26T00:25:59.981573190Z 	message.max.bytes = 1048588
kafka1      | 2026-09-26T00:25:59.981577949Z 	metadata.log.dir = null
kafka1      | 2026-09-26T00:25:59.981582749Z 	metadata.log.max.record.bytes.between.snapshots = 20971520
kafka1      | 2026-09-26T00:25:59.981587629Z 	metadata.log.max.snapshot.interval.ms = 3600000
kafka1      | 2026-09-26T00:25:59.981592599Z 	metadata.log.segment.bytes = 1073741824
kafka1      | 2026-09-26T00:25:59.981597790Z 	metadata.log.segment.ms = 604800000
kafka1      | 2026-09-26T00:25:59.981602710Z 	metadata.max.idle.interval.ms = 500
kafka1      | 2026-09-26T00:25:59.981607931Z 	metadata.max.retention.bytes = 104857600
kafka1      | 2026-09-26T00:25:59.981612430Z 	metadata.max.retention.ms = 604800000
kafka1      | 2026-09-26T00:25:59.981617691Z 	metric.reporters = [org.apache.kafka.common.metrics.JmxReporter]
kafka1      | 2026-09-26T00:25:59.981622811Z 	metrics.num.samples = 2
kafka1      | 2026-09-26T00:25:59.981627771Z 	metrics.recording.level = INFO
kafka1      | 2026-09-26T00:25:59.981632691Z 	metrics.sample.window.ms = 30000
kafka1      | 2026-09-26T00:25:59.981638263Z 	min.insync.replicas = 1
kafka1      | 2026-09-26T00:25:59.981644185Z 	node.id = 1
kafka1      | 2026-09-26T00:25:59.981649025Z 	num.io.threads = 8
kafka1      | 2026-09-26T00:25:59.981654135Z 	num.network.threads = 3
kafka1      | 2026-09-26T00:25:59.981659045Z 	num.partitions = 1
kafka1      | 2026-09-26T00:25:59.981666751Z 	num.recovery.threads.per.data.dir = 2
kafka1      | 2026-09-26T00:25:59.981673835Z 	num.replica.alter.log.dirs.threads = null
kafka1      | 2026-09-26T00:25:59.981680439Z 	num.replica.fetchers = 1
kafka1      | 2026-09-26T00:25:59.981685860Z 	offset.metadata.max.bytes = 4096
kafka1      | 2026-09-26T00:25:59.981691421Z 	offsets.commit.timeout.ms = 5000
kafka1      | 2026-09-26T00:25:59.981696341Z 	offsets.load.buffer.size = 5242880
kafka1      | 2026-09-26T00:25:59.981701622Z 	offsets.retention.check.interval.ms = 600000
kafka1      | 2026-09-26T00:25:59.981722685Z 	offsets.retention.minutes = 10080
kafka1      | 2026-09-26T00:25:59.981728908Z 	offsets.topic.compression.codec = 0
kafka1      | 2026-09-26T00:25:59.981733668Z 	offsets.topic.num.partitions = 50
kafka1      | 2026-09-26T00:25:59.981738949Z 	offsets.topic.replication.factor = 3
kafka1      | 2026-09-26T00:25:59.981743558Z 	offsets.topic.segment.bytes = 104857600
kafka1      | 2026-09-26T00:25:59.982697960Z 	principal.builder.class = class org.apache.kafka.common.security.authenticator.DefaultKafkaPrincipalBuilder
kafka1      | 2026-09-26T00:25:59.982792694Z 	process.roles = [broker, controller]
kafka1      | 2026-09-26T00:25:59.982800430Z 	producer.id.expiration.check.interval.ms = 600000
kafka1      | 2026-09-26T00:25:59.982805550Z 	producer.id.expiration.ms = 86400000
kafka1      | 2026-09-26T00:25:59.982810430Z 	producer.purgatory.purge.interval.requests = 1000
kafka1      | 2026-09-26T00:25:59.982815190Z 	queued.max.request.bytes = -1
kafka1      | 2026-09-26T00:25:59.982820110Z 	queued.max.requests = 500
kafka1      | 2026-09-26T00:25:59.982825040Z 	quota.window.num = 11
kafka1      | 2026-09-26T00:25:59.982829610Z 	quota.window.size.seconds = 1
kafka1      | 2026-09-26T00:25:59.982834810Z 	remote.fetch.max.wait.ms = 500
kafka1      | 2026-09-26T00:25:59.982839480Z 	remote.list.offsets.request.timeout.ms = 30000
kafka1      | 2026-09-26T00:25:59.982844510Z 	remote.log.index.file.cache.total.size.bytes = 1073741824
kafka1      | 2026-09-26T00:25:59.982877217Z 	remote.log.index.file.cache.ttl.ms = 900000
kafka1      | 2026-09-26T00:25:59.982884272Z 	remote.log.manager.copier.thread.pool.size = 10
kafka1      | 2026-09-26T00:25:59.982889152Z 	remote.log.manager.copy.max.bytes.per.second = 9223372036854775807
kafka1      | 2026-09-26T00:25:59.982894182Z 	remote.log.manager.copy.quota.window.num = 11
kafka1      | 2026-09-26T00:25:59.982899142Z 	remote.log.manager.copy.quota.window.size.seconds = 1
kafka1      | 2026-09-26T00:25:59.982903822Z 	remote.log.manager.expiration.thread.pool.size = 10
kafka1      | 2026-09-26T00:25:59.982908742Z 	remote.log.manager.fetch.max.bytes.per.second = 9223372036854775807
kafka1      | 2026-09-26T00:25:59.982913632Z 	remote.log.manager.fetch.quota.window.num = 11
kafka1      | 2026-09-26T00:25:59.982918321Z 	remote.log.manager.fetch.quota.window.size.seconds = 1
kafka1      | 2026-09-26T00:25:59.982923001Z 	remote.log.manager.follower.thread.pool.size = 2
kafka1      | 2026-09-26T00:25:59.982928332Z 	remote.log.manager.task.interval.ms = 30000
kafka1      | 2026-09-26T00:25:59.982932791Z 	remote.log.manager.task.retry.backoff.max.ms = 30000
kafka1      | 2026-09-26T00:25:59.982938272Z 	remote.log.manager.task.retry.backoff.ms = 500
kafka1      | 2026-09-26T00:25:59.982969285Z 	remote.log.manager.task.retry.jitter = 0.2
kafka1      | 2026-09-26T00:25:59.983083249Z 	remote.log.manager.thread.pool.size = 2
kafka1      | 2026-09-26T00:25:59.983124894Z 	remote.log.metadata.custom.metadata.max.bytes = 128
kafka1      | 2026-09-26T00:25:59.983135976Z 	remote.log.metadata.manager.class.name = org.apache.kafka.server.log.remote.metadata.storage.TopicBasedRemoteLogMetadataManager
kafka1      | 2026-09-26T00:25:59.983283979Z 	remote.log.metadata.manager.class.path = null
kafka1      | 2026-09-26T00:25:59.983297727Z 	remote.log.metadata.manager.impl.prefix = rlmm.config.
kafka1      | 2026-09-26T00:25:59.983302878Z 	remote.log.metadata.manager.listener.name = null
kafka1      | 2026-09-26T00:25:59.983307688Z 	remote.log.reader.max.pending.tasks = 100
kafka1      | 2026-09-26T00:25:59.983312748Z 	remote.log.reader.threads = 10
kafka1      | 2026-09-26T00:25:59.983318139Z 	remote.log.storage.manager.class.name = null
kafka1      | 2026-09-26T00:25:59.983325945Z 	remote.log.storage.manager.class.path = null
kafka1      | 2026-09-26T00:25:59.983332839Z 	remote.log.storage.manager.impl.prefix = rsm.config.
kafka1      | 2026-09-26T00:25:59.983338090Z 	remote.log.storage.system.enable = false
kafka1      | 2026-09-26T00:25:59.983373733Z 	replica.fetch.backoff.ms = 1000
kafka1      | 2026-09-26T00:25:59.983380517Z 	replica.fetch.max.bytes = 1048576
kafka1      | 2026-09-26T00:25:59.983401680Z 	replica.fetch.min.bytes = 1
kafka1      | 2026-09-26T00:25:59.983407802Z 	replica.fetch.response.max.bytes = 10485760
kafka1      | 2026-09-26T00:25:59.983412642Z 	replica.fetch.wait.max.ms = 500
kafka1      | 2026-09-26T00:25:59.983429828Z 	replica.high.watermark.checkpoint.interval.ms = 5000
kafka1      | 2026-09-26T00:25:59.983463356Z 	replica.lag.time.max.ms = 30000
kafka1      | 2026-09-26T00:25:59.983470621Z 	replica.selector.class = null
kafka1      | 2026-09-26T00:25:59.983475882Z 	replica.socket.receive.buffer.bytes = 65536
kafka1      | 2026-09-26T00:25:59.983480862Z 	replica.socket.timeout.ms = 30000
kafka1      | 2026-09-26T00:25:59.983485632Z 	replication.quota.window.num = 11
kafka1      | 2026-09-26T00:25:59.983491043Z 	replication.quota.window.size.seconds = 1
kafka1      | 2026-09-26T00:25:59.983496344Z 	request.timeout.ms = 30000
kafka1      | 2026-09-26T00:25:59.983501334Z 	sasl.client.callback.handler.class = null
kafka1      | 2026-09-26T00:25:59.983505943Z 	sasl.enabled.mechanisms = [GSSAPI]
kafka1      | 2026-09-26T00:25:59.983510943Z 	sasl.jaas.config = null
kafka1      | 2026-09-26T00:25:59.983515823Z 	sasl.kerberos.kinit.cmd = /usr/bin/kinit
kafka1      | 2026-09-26T00:25:59.983520513Z 	sasl.kerberos.min.time.before.relogin = 60000
kafka1      | 2026-09-26T00:25:59.983525042Z 	sasl.kerberos.principal.to.local.rules = [DEFAULT]
kafka1      | 2026-09-26T00:25:59.983558391Z 	sasl.kerberos.service.name = null
kafka1      | 2026-09-26T00:25:59.983563210Z 	sasl.kerberos.ticket.renew.jitter = 0.05
kafka1      | 2026-09-26T00:25:59.983568050Z 	sasl.kerberos.ticket.renew.window.factor = 0.8
kafka1      | 2026-09-26T00:25:59.983572580Z 	sasl.login.callback.handler.class = null
kafka1      | 2026-09-26T00:25:59.983578281Z 	sasl.login.class = null
kafka1      | 2026-09-26T00:25:59.983583001Z 	sasl.login.connect.timeout.ms = null
kafka1      | 2026-09-26T00:25:59.983587540Z 	sasl.login.read.timeout.ms = null
kafka1      | 2026-09-26T00:25:59.983645589Z 	sasl.login.refresh.buffer.seconds = 300
kafka1      | 2026-09-26T00:25:59.983659938Z 	sasl.login.refresh.min.period.seconds = 60
kafka1      | 2026-09-26T00:25:59.983665339Z 	sasl.login.refresh.window.factor = 0.8
kafka1      | 2026-09-26T00:25:59.983670660Z 	sasl.login.refresh.window.jitter = 0.05
kafka1      | 2026-09-26T00:25:59.983675831Z 	sasl.login.retry.backoff.max.ms = 10000
kafka1      | 2026-09-26T00:25:59.983681302Z 	sasl.login.retry.backoff.ms = 100
kafka1      | 2026-09-26T00:25:59.983687284Z 	sasl.mechanism.controller.protocol = GSSAPI
kafka1      | 2026-09-26T00:25:59.983692224Z 	sasl.mechanism.inter.broker.protocol = GSSAPI
kafka1      | 2026-09-26T00:25:59.983697074Z 	sasl.oauthbearer.assertion.algorithm = RS256
kafka1      | 2026-09-26T00:25:59.983702756Z 	sasl.oauthbearer.assertion.claim.aud = null
kafka1      | 2026-09-26T00:25:59.983743048Z 	sasl.oauthbearer.assertion.claim.exp.seconds = 300
kafka1      | 2026-09-26T00:25:59.983752588Z 	sasl.oauthbearer.assertion.claim.iss = null
kafka1      | 2026-09-26T00:25:59.983757909Z 	sasl.oauthbearer.assertion.claim.jti.include = false
kafka1      | 2026-09-26T00:25:59.983764662Z 	sasl.oauthbearer.assertion.claim.nbf.seconds = 60
kafka1      | 2026-09-26T00:25:59.983772609Z 	sasl.oauthbearer.assertion.claim.sub = null
kafka1      | 2026-09-26T00:25:59.983777368Z 	sasl.oauthbearer.assertion.file = null
kafka1      | 2026-09-26T00:25:59.983782679Z 	sasl.oauthbearer.assertion.private.key.file = null
kafka1      | 2026-09-26T00:25:59.983791127Z 	sasl.oauthbearer.assertion.private.key.passphrase = null
kafka1      | 2026-09-26T00:25:59.983796237Z 	sasl.oauthbearer.assertion.template.file = null
kafka1      | 2026-09-26T00:25:59.983801147Z 	sasl.oauthbearer.client.credentials.client.id = null
kafka1      | 2026-09-26T00:25:59.983838253Z 	sasl.oauthbearer.client.credentials.client.secret = null
kafka1      | 2026-09-26T00:25:59.983844917Z 	sasl.oauthbearer.clock.skew.seconds = 30
kafka1      | 2026-09-26T00:25:59.983850328Z 	sasl.oauthbearer.expected.audience = []
kafka1      | 2026-09-26T00:25:59.983855418Z 	sasl.oauthbearer.expected.issuer = null
kafka1      | 2026-09-26T00:25:59.983860659Z 	sasl.oauthbearer.jwks.endpoint.refresh.ms = 3600000
kafka1      | 2026-09-26T00:25:59.983865900Z 	sasl.oauthbearer.jwks.endpoint.retry.backoff.max.ms = 10000
kafka1      | 2026-09-26T00:25:59.983875429Z 	sasl.oauthbearer.jwks.endpoint.retry.backoff.ms = 100
kafka1      | 2026-09-26T00:25:59.983880960Z 	sasl.oauthbearer.jwks.endpoint.url = null
kafka1      | 2026-09-26T00:25:59.983886402Z 	sasl.oauthbearer.jwt.retriever.class = class org.apache.kafka.common.security.oauthbearer.DefaultJwtRetriever
kafka1      | 2026-09-26T00:25:59.983891783Z 	sasl.oauthbearer.jwt.validator.class = class org.apache.kafka.common.security.oauthbearer.DefaultJwtValidator
kafka1      | 2026-09-26T00:25:59.983927055Z 	sasl.oauthbearer.scope = null
kafka1      | 2026-09-26T00:25:59.983933849Z 	sasl.oauthbearer.scope.claim.name = scope
kafka1      | 2026-09-26T00:25:59.983939119Z 	sasl.oauthbearer.sub.claim.name = sub
kafka1      | 2026-09-26T00:25:59.983974251Z 	sasl.oauthbearer.token.endpoint.url = null
kafka1      | 2026-09-26T00:25:59.983981927Z 	sasl.server.callback.handler.class = null
kafka1      | 2026-09-26T00:25:59.983986977Z 	sasl.server.max.receive.size = 524288
kafka1      | 2026-09-26T00:25:59.984033132Z 	security.inter.broker.protocol = PLAINTEXT
kafka1      | 2026-09-26T00:25:59.984038743Z 	security.providers = null
kafka1      | 2026-09-26T00:25:59.984043142Z 	server.max.startup.time.ms = 9223372036854775807
kafka1      | 2026-09-26T00:25:59.984047711Z 	share.coordinator.append.linger.ms = -1
kafka1      | 2026-09-26T00:25:59.984059786Z 	share.coordinator.cached.buffer.max.bytes = 1048588
kafka1      | 2026-09-26T00:25:59.984070228Z 	share.coordinator.cold.partition.snapshot.interval.ms = 300000
kafka1      | 2026-09-26T00:25:59.984075378Z 	share.coordinator.load.buffer.size = 5242880
kafka1      | 2026-09-26T00:25:59.984080258Z 	share.coordinator.snapshot.update.records.per.snapshot = 500
kafka1      | 2026-09-26T00:25:59.984121663Z 	share.coordinator.state.topic.compression.codec = 0
kafka1      | 2026-09-26T00:25:59.984128857Z 	share.coordinator.state.topic.min.isr = 2
kafka1      | 2026-09-26T00:25:59.984134359Z 	share.coordinator.state.topic.num.partitions = 50
kafka1      | 2026-09-26T00:25:59.984139830Z 	share.coordinator.state.topic.prune.interval.ms = 300000
kafka1      | 2026-09-26T00:25:59.984145041Z 	share.coordinator.state.topic.replication.factor = 3
kafka1      | 2026-09-26T00:25:59.984150572Z 	share.coordinator.state.topic.segment.bytes = 104857600
kafka1      | 2026-09-26T00:25:59.984157827Z 	share.coordinator.threads = 1
kafka1      | 2026-09-26T00:25:59.984162967Z 	share.coordinator.write.timeout.ms = 5000
kafka1      | 2026-09-26T00:25:59.984169170Z 	share.fetch.purgatory.purge.interval.requests = 1000
kafka1      | 2026-09-26T00:25:59.984174621Z 	socket.connection.setup.timeout.max.ms = 30000
kafka1      | 2026-09-26T00:25:59.984179541Z 	socket.connection.setup.timeout.ms = 10000
kafka1      | 2026-09-26T00:25:59.984215485Z 	socket.listen.backlog.size = 50
kafka1      | 2026-09-26T00:25:59.984223621Z 	socket.receive.buffer.bytes = 102400
kafka1      | 2026-09-26T00:25:59.984228231Z 	socket.request.max.bytes = 104857600
kafka1      | 2026-09-26T00:25:59.984233021Z 	socket.send.buffer.bytes = 102400
kafka1      | 2026-09-26T00:25:59.984238241Z 	ssl.allow.dn.changes = false
kafka1      | 2026-09-26T00:25:59.984242700Z 	ssl.allow.san.changes = false
kafka1      | 2026-09-26T00:25:59.984247360Z 	ssl.cipher.suites = []
kafka1      | 2026-09-26T00:25:59.984252230Z 	ssl.client.auth = none
kafka1      | 2026-09-26T00:25:59.984257130Z 	ssl.enabled.protocols = [TLSv1.2, TLSv1.3]
kafka1      | 2026-09-26T00:25:59.984262992Z 	ssl.endpoint.identification.algorithm = https
kafka1      | 2026-09-26T00:25:59.984268002Z 	ssl.engine.factory.class = null
kafka1      | 2026-09-26T00:25:59.984312403Z 	ssl.key.password = null
kafka1      | 2026-09-26T00:25:59.984621545Z 	ssl.keymanager.algorithm = SunX509
kafka1      | 2026-09-26T00:25:59.984646346Z 	ssl.keystore.certificate.chain = null
kafka1      | 2026-09-26T00:25:59.984652769Z 	ssl.keystore.key = null
kafka1      | 2026-09-26T00:25:59.984658160Z 	ssl.keystore.location = null
kafka1      | 2026-09-26T00:25:59.984662860Z 	ssl.keystore.password = null
kafka1      | 2026-09-26T00:25:59.984702812Z 	ssl.keystore.type = JKS
kafka1      | 2026-09-26T00:25:59.984721550Z 	ssl.principal.mapping.rules = DEFAULT
kafka1      | 2026-09-26T00:25:59.984728033Z 	ssl.protocol = TLSv1.3
kafka1      | 2026-09-26T00:25:59.984733444Z 	ssl.provider = null
kafka1      | 2026-09-26T00:25:59.984738685Z 	ssl.secure.random.implementation = null
kafka1      | 2026-09-26T00:25:59.984743906Z 	ssl.trustmanager.algorithm = PKIX
kafka1      | 2026-09-26T00:25:59.984749076Z 	ssl.truststore.certificates = null
kafka1      | 2026-09-26T00:25:59.984754608Z 	ssl.truststore.location = null
kafka1      | 2026-09-26T00:25:59.984794690Z 	ssl.truststore.password = null
kafka1      | 2026-09-26T00:25:59.984803077Z 	ssl.truststore.type = JKS
kafka1      | 2026-09-26T00:25:59.984808598Z 	telemetry.max.bytes = 1048576
kafka1      | 2026-09-26T00:25:59.984813869Z 	transaction.abort.timed.out.transaction.cleanup.interval.ms = 10000
kafka1      | 2026-09-26T00:25:59.984819570Z 	transaction.max.timeout.ms = 900000
kafka1      | 2026-09-26T00:25:59.984824490Z 	transaction.partition.verification.enable = true
kafka1      | 2026-09-26T00:25:59.984830022Z 	transaction.remove.expired.transaction.cleanup.interval.ms = 3600000
kafka1      | 2026-09-26T00:25:59.984834952Z 	transaction.state.log.load.buffer.size = 5242880
kafka1      | 2026-09-26T00:25:59.984840413Z 	transaction.state.log.min.isr = 2
kafka1      | 2026-09-26T00:25:59.984845353Z 	transaction.state.log.num.partitions = 50
kafka1      | 2026-09-26T00:25:59.984850624Z 	transaction.state.log.replication.factor = 3
kafka1      | 2026-09-26T00:25:59.985587914Z 	transaction.state.log.segment.bytes = 104857600
kafka1      | 2026-09-26T00:25:59.985657166Z 	transaction.two.phase.commit.enable = false
kafka1      | 2026-09-26T00:25:59.985665403Z 	transactional.id.expiration.ms = 604800000
kafka1      | 2026-09-26T00:25:59.985677728Z 	unclean.leader.election.enable = false
kafka1      | 2026-09-26T00:25:59.985685073Z 	unclean.leader.election.interval.ms = 300000
kafka1      | 2026-09-26T00:25:59.985691797Z 	unstable.api.versions.enable = false
kafka1      | 2026-09-26T00:25:59.985700855Z 	unstable.feature.versions.enable = false
kafka1      | 2026-09-26T00:25:59.985708020Z  (org.apache.kafka.common.config.AbstractConfig)
kafka1      | 2026-09-26T00:26:00.111606636Z [2026-09-26 00:26:00,109] INFO [DynamicConfigPublisher broker id=1] Updating topic __consumer_offsets with new configuration : compression.type -> producer,cleanup.policy -> compact,segment.bytes -> 104857600 (kafka.server.metadata.DynamicConfigPublisher)
kafka1      | 2026-09-26T00:26:00.146709535Z [2026-09-26 00:26:00,145] INFO [BrokerMetadataPublisher id=1] Feature share.version has been updated to version 1 (kafka.server.metadata.BrokerMetadataPublisher)
kafka1      | 2026-09-26T00:26:00.153321986Z [2026-09-26 00:26:00,146] INFO [BrokerServer id=1] Finished waiting for the initial broker metadata update to be published (kafka.server.BrokerServer)
kafka1      | 2026-09-26T00:26:00.153411268Z [2026-09-26 00:26:00,146] INFO [MetadataLoader id=1] InitializeNewPublishers: initializing BrokerRegistrationTracker(id=1) with a snapshot at offset 531 (org.apache.kafka.image.loader.MetadataLoader)
kafka1      | 2026-09-26T00:26:00.156385282Z [2026-09-26 00:26:00,152] INFO KafkaConfig values: 
kafka1      | 2026-09-26T00:26:00.156456527Z 	add.partitions.to.txn.retry.backoff.max.ms = 100
kafka1      | 2026-09-26T00:26:00.156471137Z 	add.partitions.to.txn.retry.backoff.ms = 20
kafka1      | 2026-09-26T00:26:00.156478071Z 	advertised.listeners = [PLAINTEXT://kafka1:19092, PLAINTEXT_HOST://localhost:29092]
kafka1      | 2026-09-26T00:26:00.156485767Z 	alter.config.policy.class.name = null
kafka1      | 2026-09-26T00:26:00.156490497Z 	alter.log.dirs.replication.quota.window.num = 11
kafka1      | 2026-09-26T00:26:00.156496118Z 	alter.log.dirs.replication.quota.window.size.seconds = 1
kafka1      | 2026-09-26T00:26:00.156501640Z 	authorizer.class.name = 
kafka1      | 2026-09-26T00:26:00.156506540Z 	auto.create.topics.enable = true
kafka1      | 2026-09-26T00:26:00.156512843Z 	auto.leader.rebalance.enable = true
kafka1      | 2026-09-26T00:26:00.156518023Z 	background.threads = 10
kafka1      | 2026-09-26T00:26:00.156523094Z 	broker.heartbeat.interval.ms = 2000
kafka1      | 2026-09-26T00:26:00.156528424Z 	broker.id = 1
kafka1      | 2026-09-26T00:26:00.156533074Z 	broker.rack = null
kafka1      | 2026-09-26T00:26:00.156549367Z 	broker.session.timeout.ms = 9000
kafka1      | 2026-09-26T00:26:00.156554017Z 	client.quota.callback.class = null
kafka1      | 2026-09-26T00:26:00.156558736Z 	compression.gzip.level = -1
kafka1      | 2026-09-26T00:26:00.156570160Z 	compression.lz4.level = 9
kafka1      | 2026-09-26T00:26:00.156580281Z 	compression.type = producer
kafka1      | 2026-09-26T00:26:00.156586573Z 	compression.zstd.level = 3
kafka1      | 2026-09-26T00:26:00.156592005Z 	config.providers = []
kafka1      | 2026-09-26T00:26:00.156598207Z 	connection.failed.authentication.delay.ms = 100
kafka1      | 2026-09-26T00:26:00.156602787Z 	connections.max.idle.ms = 600000
kafka1      | 2026-09-26T00:26:00.156608138Z 	connections.max.reauth.ms = 0
kafka1      | 2026-09-26T00:26:00.156612777Z 	controlled.shutdown.enable = true
kafka1      | 2026-09-26T00:26:00.156619260Z 	controller.listener.names = [CONTROLLER]
kafka1      | 2026-09-26T00:26:00.156624902Z 	controller.performance.always.log.threshold.ms = 2000
kafka1      | 2026-09-26T00:26:00.156630614Z 	controller.performance.sample.period.ms = 60000
kafka1      | 2026-09-26T00:26:00.156639271Z 	controller.quorum.append.linger.ms = 25
kafka1      | 2026-09-26T00:26:00.156647588Z 	controller.quorum.auto.join.enable = false
kafka1      | 2026-09-26T00:26:00.156653520Z 	controller.quorum.bootstrap.servers = []
kafka1      | 2026-09-26T00:26:00.156734075Z 	controller.quorum.election.backoff.max.ms = 1000
kafka1      | 2026-09-26T00:26:00.156743264Z 	controller.quorum.election.timeout.ms = 1000
kafka1      | 2026-09-26T00:26:00.156748625Z 	controller.quorum.fetch.max.bytes = 1048576
kafka1      | 2026-09-26T00:26:00.156753655Z 	controller.quorum.fetch.snapshot.max.bytes = 1048576
kafka1      | 2026-09-26T00:26:00.156759217Z 	controller.quorum.fetch.timeout.ms = 2000
kafka1      | 2026-09-26T00:26:00.156764427Z 	controller.quorum.request.timeout.ms = 2000
kafka1      | 2026-09-26T00:26:00.156771702Z 	controller.quorum.retry.backoff.ms = 20
kafka1      | 2026-09-26T00:26:00.156781432Z 	controller.quorum.voters = [1@kafka1:9093, 2@kafka2:9093, 3@kafka3:9093]
kafka1      | 2026-09-26T00:26:00.156787935Z 	controller.quota.window.num = 11
kafka1      | 2026-09-26T00:26:00.156793086Z 	controller.quota.window.size.seconds = 1
kafka1      | 2026-09-26T00:26:00.156798567Z 	controller.socket.timeout.ms = 30000
kafka1      | 2026-09-26T00:26:00.156809660Z 	cordoned.log.dirs = []
kafka1      | 2026-09-26T00:26:00.156817506Z 	create.topic.policy.class.name = null
kafka1      | 2026-09-26T00:26:00.156823097Z 	default.replication.factor = 1
kafka1      | 2026-09-26T00:26:00.156834751Z 	delegation.token.expiry.check.interval.ms = 3600000
kafka1      | 2026-09-26T00:26:00.156843399Z 	delegation.token.expiry.time.ms = 86400000
kafka1      | 2026-09-26T00:26:00.156852127Z 	delegation.token.max.lifetime.ms = 604800000
kafka1      | 2026-09-26T00:26:00.156859472Z 	delegation.token.secret.key = null
kafka1      | 2026-09-26T00:26:00.156865113Z 	delete.records.purgatory.purge.interval.requests = 1
kafka1      | 2026-09-26T00:26:00.156884002Z 	delete.topic.enable = true
kafka1      | 2026-09-26T00:26:00.156888631Z 	early.start.listeners = null
kafka1      | 2026-09-26T00:26:00.156893421Z 	fetch.max.bytes = 57671680
kafka1      | 2026-09-26T00:26:00.156898842Z 	fetch.purgatory.purge.interval.requests = 1000
kafka1      | 2026-09-26T00:26:00.156903241Z 	follower.fetch.last.tiered.offset.enable = false
kafka1      | 2026-09-26T00:26:00.156911809Z 	group.consumer.assignment.interval.ms = 1000
kafka1      | 2026-09-26T00:26:00.156974377Z 	group.consumer.assignors = [uniform, range]
kafka1      | 2026-09-26T00:26:00.156997013Z 	group.consumer.heartbeat.interval.ms = 5000
kafka1      | 2026-09-26T00:26:00.157003146Z 	group.consumer.max.assignment.interval.ms = 15000
kafka1      | 2026-09-26T00:26:00.157008957Z 	group.consumer.max.heartbeat.interval.ms = 15000
kafka1      | 2026-09-26T00:26:00.157013938Z 	group.consumer.max.session.timeout.ms = 60000
kafka1      | 2026-09-26T00:26:00.157019238Z 	group.consumer.max.size = 2147483647
kafka1      | 2026-09-26T00:26:00.157024018Z 	group.consumer.migration.policy = bidirectional
kafka1      | 2026-09-26T00:26:00.157028558Z 	group.consumer.min.assignment.interval.ms = 0
kafka1      | 2026-09-26T00:26:00.157033498Z 	group.consumer.min.heartbeat.interval.ms = 5000
kafka1      | 2026-09-26T00:26:00.157037877Z 	group.consumer.min.session.timeout.ms = 45000
kafka1      | 2026-09-26T00:26:00.157061775Z 	group.consumer.regex.refresh.interval.ms = 600000
kafka1      | 2026-09-26T00:26:00.157067688Z 	group.consumer.session.timeout.ms = 45000
kafka1      | 2026-09-26T00:26:00.157073209Z 	group.coordinator.append.linger.ms = -1
kafka1      | 2026-09-26T00:26:00.157078770Z 	group.coordinator.background.threads = 2
kafka1      | 2026-09-26T00:26:00.157083390Z 	group.coordinator.cached.buffer.max.bytes = 1048588
kafka1      | 2026-09-26T00:26:00.157091115Z 	group.coordinator.rebalance.protocols = [classic, consumer, streams]
kafka1      | 2026-09-26T00:26:00.157097128Z 	group.coordinator.threads = 4
kafka1      | 2026-09-26T00:26:00.157108220Z 	group.initial.rebalance.delay.ms = 0
kafka1      | 2026-09-26T00:26:00.157118111Z 	group.max.session.timeout.ms = 1800000
kafka1      | 2026-09-26T00:26:00.157126388Z 	group.max.size = 2147483647
kafka1      | 2026-09-26T00:26:00.157134013Z 	group.min.session.timeout.ms = 6000
kafka1      | 2026-09-26T00:26:00.157146268Z 	group.share.assignment.interval.ms = 1000
kafka1      | 2026-09-26T00:26:00.157151379Z 	group.share.assignors = [simple]
kafka1      | 2026-09-26T00:26:00.157157381Z 	group.share.delivery.count.limit = 5
kafka1      | 2026-09-26T00:26:00.157163243Z 	group.share.heartbeat.interval.ms = 5000
kafka1      | 2026-09-26T00:26:00.157169766Z 	group.share.initialize.retry.interval.ms = 30000
kafka1      | 2026-09-26T00:26:00.157174726Z 	group.share.max.assignment.interval.ms = 15000
kafka1      | 2026-09-26T00:26:00.157181120Z 	group.share.max.delivery.count.limit = 10
kafka1      | 2026-09-26T00:26:00.157188104Z 	group.share.max.heartbeat.interval.ms = 15000
kafka1      | 2026-09-26T00:26:00.157195699Z 	group.share.max.partition.max.record.locks = 4000
kafka1      | 2026-09-26T00:26:00.157203555Z 	group.share.max.record.lock.duration.ms = 60000
kafka1      | 2026-09-26T00:26:00.157211041Z 	group.share.max.session.timeout.ms = 60000
kafka1      | 2026-09-26T00:26:00.157218145Z 	group.share.max.share.sessions = 2000
kafka1      | 2026-09-26T00:26:00.157228537Z 	group.share.max.size = 200
kafka1      | 2026-09-26T00:26:00.157234058Z 	group.share.min.assignment.interval.ms = 0
kafka1      | 2026-09-26T00:26:00.157240711Z 	group.share.min.delivery.count.limit = 2
kafka1      | 2026-09-26T00:26:00.157248247Z 	group.share.min.heartbeat.interval.ms = 5000
kafka1      | 2026-09-26T00:26:00.157256905Z 	group.share.min.partition.max.record.locks = 100
kafka1      | 2026-09-26T00:26:00.157263007Z 	group.share.min.record.lock.duration.ms = 15000
kafka1      | 2026-09-26T00:26:00.157271174Z 	group.share.min.session.timeout.ms = 45000
kafka1      | 2026-09-26T00:26:00.157279220Z 	group.share.partition.max.record.locks = 2000
kafka1      | 2026-09-26T00:26:00.157289151Z 	group.share.persister.class.name = org.apache.kafka.server.share.persister.DefaultStatePersister
kafka1      | 2026-09-26T00:26:00.157295243Z 	group.share.record.lock.duration.ms = 30000
kafka1      | 2026-09-26T00:26:00.157303730Z 	group.share.session.timeout.ms = 45000
kafka1      | 2026-09-26T00:26:00.157329894Z 	group.streams.assignment.interval.ms = 1000
kafka1      | 2026-09-26T00:26:00.157335676Z 	group.streams.heartbeat.interval.ms = 5000
kafka1      | 2026-09-26T00:26:00.157342089Z 	group.streams.initial.rebalance.delay.ms = 3000
kafka1      | 2026-09-26T00:26:00.157349033Z 	group.streams.max.assignment.interval.ms = 15000
kafka1      | 2026-09-26T00:26:00.157355887Z 	group.streams.max.heartbeat.interval.ms = 15000
kafka1      | 2026-09-26T00:26:00.157362440Z 	group.streams.max.session.timeout.ms = 60000
kafka1      | 2026-09-26T00:26:00.157375277Z 	group.streams.max.size = 2147483647
kafka1      | 2026-09-26T00:26:00.157383824Z 	group.streams.max.standby.replicas = 2
kafka1      | 2026-09-26T00:26:00.157390528Z 	group.streams.min.assignment.interval.ms = 0
kafka1      | 2026-09-26T00:26:00.157395278Z 	group.streams.min.heartbeat.interval.ms = 5000
kafka1      | 2026-09-26T00:26:00.157409877Z 	group.streams.min.session.timeout.ms = 45000
kafka1      | 2026-09-26T00:26:00.157419668Z 	group.streams.num.standby.replicas = 0
kafka1      | 2026-09-26T00:26:00.157424908Z 	group.streams.session.timeout.ms = 45000
kafka1      | 2026-09-26T00:26:00.157430119Z 	initial.broker.registration.timeout.ms = 60000
kafka1      | 2026-09-26T00:26:00.157435861Z 	inter.broker.listener.name = PLAINTEXT
kafka1      | 2026-09-26T00:26:00.157442845Z 	internal.metadata.delete.delay.millis = 60000
kafka1      | 2026-09-26T00:26:00.157451252Z 	internal.metadata.log.segment.bytes = null
kafka1      | 2026-09-26T00:26:00.157455842Z 	internal.metadata.max.batch.size.in.bytes = 8388608
kafka1      | 2026-09-26T00:26:00.157462094Z 	kafka.metrics.polling.interval.secs = 10
kafka1      | 2026-09-26T00:26:00.157467165Z 	kafka.metrics.reporters = []
kafka1      | 2026-09-26T00:26:00.157473227Z 	leader.imbalance.check.interval.seconds = 300
kafka1      | 2026-09-26T00:26:00.157479801Z 	listener.security.protocol.map = CONTROLLER:PLAINTEXT,PLAINTEXT:PLAINTEXT,PLAINTEXT_HOST:PLAINTEXT
kafka1      | 2026-09-26T00:26:00.157487506Z 	listeners = [PLAINTEXT://:19092, CONTROLLER://:9093, PLAINTEXT_HOST://:9092]
kafka1      | 2026-09-26T00:26:00.157498599Z 	log.cleaner.backoff.ms = 15000
kafka1      | 2026-09-26T00:26:00.157505804Z 	log.cleaner.dedupe.buffer.size = 134217728
kafka1      | 2026-09-26T00:26:00.157515073Z 	log.cleaner.delete.retention.ms = 86400000
kafka1      | 2026-09-26T00:26:00.157524963Z 	log.cleaner.enable = true
kafka1      | 2026-09-26T00:26:00.157529622Z 	log.cleaner.io.buffer.load.factor = 0.9
kafka1      | 2026-09-26T00:26:00.157540394Z 	log.cleaner.io.buffer.size = 524288
kafka1      | 2026-09-26T00:26:00.157549002Z 	log.cleaner.io.max.bytes.per.second = 1.7976931348623157E308
kafka1      | 2026-09-26T00:26:00.157553622Z 	log.cleaner.max.compaction.lag.ms = 9223372036854775807
kafka1      | 2026-09-26T00:26:00.157559223Z 	log.cleaner.min.cleanable.ratio = 0.5
kafka1      | 2026-09-26T00:26:00.157565806Z 	log.cleaner.min.compaction.lag.ms = 0
kafka1      | 2026-09-26T00:26:00.157570125Z 	log.cleaner.threads = 1
kafka1      | 2026-09-26T00:26:00.157587691Z 	log.cleanup.policy = [delete]
kafka1      | 2026-09-26T00:26:00.157595026Z 	log.dir = [/tmp/kafka-logs]
kafka1      | 2026-09-26T00:26:00.157599525Z 	log.dir.failure.timeout.ms = 30000
kafka1      | 2026-09-26T00:26:00.157604676Z 	log.dirs = null
kafka1      | 2026-09-26T00:26:00.157613895Z 	log.flush.interval.messages = 9223372036854775807
kafka1      | 2026-09-26T00:26:00.157619777Z 	log.flush.interval.ms = null
kafka1      | 2026-09-26T00:26:00.157629126Z 	log.flush.offset.checkpoint.interval.ms = 60000
kafka1      | 2026-09-26T00:26:00.157636782Z 	log.flush.scheduler.interval.ms = 9223372036854775807
kafka1      | 2026-09-26T00:26:00.157659809Z 	log.flush.start.offset.checkpoint.interval.ms = 60000
kafka1      | 2026-09-26T00:26:00.157667264Z 	log.index.interval.bytes = 4096
kafka1      | 2026-09-26T00:26:00.157673236Z 	log.index.size.max.bytes = 10485760
kafka1      | 2026-09-26T00:26:00.157678727Z 	log.initial.task.delay.ms = 30000
kafka1      | 2026-09-26T00:26:00.157685792Z 	log.local.retention.bytes = -2
kafka1      | 2026-09-26T00:26:00.157690431Z 	log.local.retention.ms = -2
kafka1      | 2026-09-26T00:26:00.157695191Z 	log.message.timestamp.after.max.ms = 3600000
kafka1      | 2026-09-26T00:26:00.157700552Z 	log.message.timestamp.before.max.ms = 9223372036854775807
kafka1      | 2026-09-26T00:26:00.157706885Z 	log.message.timestamp.type = CreateTime
kafka1      | 2026-09-26T00:26:00.157715022Z 	log.preallocate = false
kafka1      | 2026-09-26T00:26:00.157721224Z 	log.retention.bytes = -1
kafka1      | 2026-09-26T00:26:00.157728219Z 	log.retention.check.interval.ms = 300000
kafka1      | 2026-09-26T00:26:00.157736626Z 	log.retention.hours = 168
kafka1      | 2026-09-26T00:26:00.157744322Z 	log.retention.minutes = null
kafka1      | 2026-09-26T00:26:00.157752108Z 	log.retention.ms = null
kafka1      | 2026-09-26T00:26:00.157759102Z 	log.roll.hours = 168
kafka1      | 2026-09-26T00:26:00.157767128Z 	log.roll.jitter.hours = 0
kafka1      | 2026-09-26T00:26:00.157772960Z 	log.roll.jitter.ms = null
kafka1      | 2026-09-26T00:26:00.157778031Z 	log.roll.ms = null
kafka1      | 2026-09-26T00:26:00.157784273Z 	log.segment.bytes = 1073741824
kafka1      | 2026-09-26T00:26:00.157794464Z 	log.segment.delete.delay.ms = 60000
kafka1      | 2026-09-26T00:26:00.157801589Z 	max.connection.creation.rate = 2147483647
kafka1      | 2026-09-26T00:26:00.157806228Z 	max.connections = 2147483647
kafka1      | 2026-09-26T00:26:00.157810898Z 	max.connections.per.ip = 2147483647
kafka1      | 2026-09-26T00:26:00.157815257Z 	max.connections.per.ip.overrides = 
kafka1      | 2026-09-26T00:26:00.157819626Z 	max.incremental.fetch.session.cache.slots = 1000
kafka1      | 2026-09-26T00:26:00.157824075Z 	max.request.partition.size.limit = 2000
kafka1      | 2026-09-26T00:26:00.157829837Z 	message.max.bytes = 1048588
kafka1      | 2026-09-26T00:26:00.157834276Z 	metadata.log.dir = null
kafka1      | 2026-09-26T00:26:00.157854176Z 	metadata.log.max.record.bytes.between.snapshots = 20971520
kafka1      | 2026-09-26T00:26:00.157859587Z 	metadata.log.max.snapshot.interval.ms = 3600000
kafka1      | 2026-09-26T00:26:00.157864537Z 	metadata.log.segment.bytes = 1073741824
kafka1      | 2026-09-26T00:26:00.157869778Z 	metadata.log.segment.ms = 604800000
kafka1      | 2026-09-26T00:26:00.157896593Z 	metadata.max.idle.interval.ms = 500
kafka1      | 2026-09-26T00:26:00.157907856Z 	metadata.max.retention.bytes = 104857600
kafka1      | 2026-09-26T00:26:00.157913097Z 	metadata.max.retention.ms = 604800000
kafka1      | 2026-09-26T00:26:00.157919069Z 	metric.reporters = [org.apache.kafka.common.metrics.JmxReporter]
kafka1      | 2026-09-26T00:26:00.157924941Z 	metrics.num.samples = 2
kafka1      | 2026-09-26T00:26:00.157929711Z 	metrics.recording.level = INFO
kafka1      | 2026-09-26T00:26:00.157934771Z 	metrics.sample.window.ms = 30000
kafka1      | 2026-09-26T00:26:00.157940854Z 	min.insync.replicas = 1
kafka1      | 2026-09-26T00:26:00.157951876Z 	node.id = 1
kafka1      | 2026-09-26T00:26:00.157959432Z 	num.io.threads = 8
kafka1      | 2026-09-26T00:26:00.157968711Z 	num.network.threads = 3
kafka1      | 2026-09-26T00:26:00.157973540Z 	num.partitions = 1
kafka1      | 2026-09-26T00:26:00.157978791Z 	num.recovery.threads.per.data.dir = 2
kafka1      | 2026-09-26T00:26:00.157985295Z 	num.replica.alter.log.dirs.threads = null
kafka1      | 2026-09-26T00:26:00.157993121Z 	num.replica.fetchers = 1
kafka1      | 2026-09-26T00:26:00.157998682Z 	offset.metadata.max.bytes = 4096
kafka1      | 2026-09-26T00:26:00.158005566Z 	offsets.commit.timeout.ms = 5000
kafka1      | 2026-09-26T00:26:00.158012671Z 	offsets.load.buffer.size = 5242880
kafka1      | 2026-09-26T00:26:00.158016999Z 	offsets.retention.check.interval.ms = 600000
kafka1      | 2026-09-26T00:26:00.158022771Z 	offsets.retention.minutes = 10080
kafka1      | 2026-09-26T00:26:00.158027200Z 	offsets.topic.compression.codec = 0
kafka1      | 2026-09-26T00:26:00.158031820Z 	offsets.topic.num.partitions = 50
kafka1      | 2026-09-26T00:26:00.158036810Z 	offsets.topic.replication.factor = 3
kafka1      | 2026-09-26T00:26:00.158041199Z 	offsets.topic.segment.bytes = 104857600
kafka1      | 2026-09-26T00:26:00.158185073Z 	principal.builder.class = class org.apache.kafka.common.security.authenticator.DefaultKafkaPrincipalBuilder
kafka1      | 2026-09-26T00:26:00.158347806Z 	process.roles = [broker, controller]
kafka1      | 2026-09-26T00:26:00.158361965Z 	producer.id.expiration.check.interval.ms = 600000
kafka1      | 2026-09-26T00:26:00.158367236Z 	producer.id.expiration.ms = 86400000
kafka1      | 2026-09-26T00:26:00.158371755Z 	producer.purgatory.purge.interval.requests = 1000
kafka1      | 2026-09-26T00:26:00.158376845Z 	queued.max.request.bytes = -1
kafka1      | 2026-09-26T00:26:00.158381254Z 	queued.max.requests = 500
kafka1      | 2026-09-26T00:26:00.158385804Z 	quota.window.num = 11
kafka1      | 2026-09-26T00:26:00.158425625Z 	quota.window.size.seconds = 1
kafka1      | 2026-09-26T00:26:00.158431106Z 	remote.fetch.max.wait.ms = 500
kafka1      | 2026-09-26T00:26:00.158446658Z 	remote.list.offsets.request.timeout.ms = 30000
kafka1      | 2026-09-26T00:26:00.158452009Z 	remote.log.index.file.cache.total.size.bytes = 1073741824
kafka1      | 2026-09-26T00:26:00.158456729Z 	remote.log.index.file.cache.ttl.ms = 900000
kafka1      | 2026-09-26T00:26:00.158462320Z 	remote.log.manager.copier.thread.pool.size = 10
kafka1      | 2026-09-26T00:26:00.158467060Z 	remote.log.manager.copy.max.bytes.per.second = 9223372036854775807
kafka1      | 2026-09-26T00:26:00.158472401Z 	remote.log.manager.copy.quota.window.num = 11
kafka1      | 2026-09-26T00:26:00.158477481Z 	remote.log.manager.copy.quota.window.size.seconds = 1
kafka1      | 2026-09-26T00:26:00.158482712Z 	remote.log.manager.expiration.thread.pool.size = 10
kafka1      | 2026-09-26T00:26:00.158487702Z 	remote.log.manager.fetch.max.bytes.per.second = 9223372036854775807
kafka1      | 2026-09-26T00:26:00.158492482Z 	remote.log.manager.fetch.quota.window.num = 11
kafka1      | 2026-09-26T00:26:00.158497612Z 	remote.log.manager.fetch.quota.window.size.seconds = 1
kafka1      | 2026-09-26T00:26:00.158503665Z 	remote.log.manager.follower.thread.pool.size = 2
kafka1      | 2026-09-26T00:26:00.158508735Z 	remote.log.manager.task.interval.ms = 30000
kafka1      | 2026-09-26T00:26:00.158513725Z 	remote.log.manager.task.retry.backoff.max.ms = 30000
kafka1      | 2026-09-26T00:26:00.158518806Z 	remote.log.manager.task.retry.backoff.ms = 500
kafka1      | 2026-09-26T00:26:00.158524417Z 	remote.log.manager.task.retry.jitter = 0.2
kafka1      | 2026-09-26T00:26:00.158530690Z 	remote.log.manager.thread.pool.size = 2
kafka1      | 2026-09-26T00:26:00.158535871Z 	remote.log.metadata.custom.metadata.max.bytes = 128
kafka1      | 2026-09-26T00:26:00.158541923Z 	remote.log.metadata.manager.class.name = org.apache.kafka.server.log.remote.metadata.storage.TopicBasedRemoteLogMetadataManager
kafka1      | 2026-09-26T00:26:00.158548517Z 	remote.log.metadata.manager.class.path = null
kafka1      | 2026-09-26T00:26:00.158553477Z 	remote.log.metadata.manager.impl.prefix = rlmm.config.
kafka1      | 2026-09-26T00:26:00.158558186Z 	remote.log.metadata.manager.listener.name = null
kafka1      | 2026-09-26T00:26:00.158562435Z 	remote.log.reader.max.pending.tasks = 100
kafka1      | 2026-09-26T00:26:00.158566553Z 	remote.log.reader.threads = 10
kafka1      | 2026-09-26T00:26:00.158570802Z 	remote.log.storage.manager.class.name = null
kafka1      | 2026-09-26T00:26:00.158575151Z 	remote.log.storage.manager.class.path = null
kafka1      | 2026-09-26T00:26:00.158579290Z 	remote.log.storage.manager.impl.prefix = rsm.config.
kafka1      | 2026-09-26T00:26:00.158583608Z 	remote.log.storage.system.enable = false
kafka1      | 2026-09-26T00:26:00.158587887Z 	replica.fetch.backoff.ms = 1000
kafka1      | 2026-09-26T00:26:00.158591985Z 	replica.fetch.max.bytes = 1048576
kafka1      | 2026-09-26T00:26:00.158596455Z 	replica.fetch.min.bytes = 1
kafka1      | 2026-09-26T00:26:00.158615654Z 	replica.fetch.response.max.bytes = 10485760
kafka1      | 2026-09-26T00:26:00.158620083Z 	replica.fetch.wait.max.ms = 500
kafka1      | 2026-09-26T00:26:00.158629131Z 	replica.high.watermark.checkpoint.interval.ms = 5000
kafka1      | 2026-09-26T00:26:00.158633781Z 	replica.lag.time.max.ms = 30000
kafka1      | 2026-09-26T00:26:00.158637899Z 	replica.selector.class = null
kafka1      | 2026-09-26T00:26:00.158642138Z 	replica.socket.receive.buffer.bytes = 65536
kafka1      | 2026-09-26T00:26:00.158646267Z 	replica.socket.timeout.ms = 30000
kafka1      | 2026-09-26T00:26:00.158650375Z 	replication.quota.window.num = 11
kafka1      | 2026-09-26T00:26:00.158654604Z 	replication.quota.window.size.seconds = 1
kafka1      | 2026-09-26T00:26:00.158658732Z 	request.timeout.ms = 30000
kafka1      | 2026-09-26T00:26:00.158662800Z 	sasl.client.callback.handler.class = null
kafka1      | 2026-09-26T00:26:00.158666969Z 	sasl.enabled.mechanisms = [GSSAPI]
kafka1      | 2026-09-26T00:26:00.158671067Z 	sasl.jaas.config = null
kafka1      | 2026-09-26T00:26:00.158675136Z 	sasl.kerberos.kinit.cmd = /usr/bin/kinit
kafka1      | 2026-09-26T00:26:00.158679234Z 	sasl.kerberos.min.time.before.relogin = 60000
kafka1      | 2026-09-26T00:26:00.158683362Z 	sasl.kerberos.principal.to.local.rules = [DEFAULT]
kafka1      | 2026-09-26T00:26:00.158687491Z 	sasl.kerberos.service.name = null
kafka1      | 2026-09-26T00:26:00.158691579Z 	sasl.kerberos.ticket.renew.jitter = 0.05
kafka1      | 2026-09-26T00:26:00.158695678Z 	sasl.kerberos.ticket.renew.window.factor = 0.8
kafka1      | 2026-09-26T00:26:00.158699796Z 	sasl.login.callback.handler.class = null
kafka1      | 2026-09-26T00:26:00.158703914Z 	sasl.login.class = null
kafka1      | 2026-09-26T00:26:00.158707993Z 	sasl.login.connect.timeout.ms = null
kafka1      | 2026-09-26T00:26:00.158712151Z 	sasl.login.read.timeout.ms = null
kafka1      | 2026-09-26T00:26:00.158716250Z 	sasl.login.refresh.buffer.seconds = 300
kafka1      | 2026-09-26T00:26:00.158720388Z 	sasl.login.refresh.min.period.seconds = 60
kafka1      | 2026-09-26T00:26:00.158724507Z 	sasl.login.refresh.window.factor = 0.8
kafka1      | 2026-09-26T00:26:00.158728595Z 	sasl.login.refresh.window.jitter = 0.05
kafka1      | 2026-09-26T00:26:00.158732703Z 	sasl.login.retry.backoff.max.ms = 10000
kafka1      | 2026-09-26T00:26:00.158736812Z 	sasl.login.retry.backoff.ms = 100
kafka1      | 2026-09-26T00:26:00.158740910Z 	sasl.mechanism.controller.protocol = GSSAPI
kafka1      | 2026-09-26T00:26:00.158745039Z 	sasl.mechanism.inter.broker.protocol = GSSAPI
kafka1      | 2026-09-26T00:26:00.158749177Z 	sasl.oauthbearer.assertion.algorithm = RS256
kafka1      | 2026-09-26T00:26:00.158753285Z 	sasl.oauthbearer.assertion.claim.aud = null
kafka1      | 2026-09-26T00:26:00.158757394Z 	sasl.oauthbearer.assertion.claim.exp.seconds = 300
kafka1      | 2026-09-26T00:26:00.158761522Z 	sasl.oauthbearer.assertion.claim.iss = null
kafka1      | 2026-09-26T00:26:00.158765641Z 	sasl.oauthbearer.assertion.claim.jti.include = false
kafka1      | 2026-09-26T00:26:00.158779579Z 	sasl.oauthbearer.assertion.claim.nbf.seconds = 60
kafka1      | 2026-09-26T00:26:00.158783848Z 	sasl.oauthbearer.assertion.claim.sub = null
kafka1      | 2026-09-26T00:26:00.158787956Z 	sasl.oauthbearer.assertion.file = null
kafka1      | 2026-09-26T00:26:00.158792065Z 	sasl.oauthbearer.assertion.private.key.file = null
kafka1      | 2026-09-26T00:26:00.158796193Z 	sasl.oauthbearer.assertion.private.key.passphrase = null
kafka1      | 2026-09-26T00:26:00.158800332Z 	sasl.oauthbearer.assertion.template.file = null
kafka1      | 2026-09-26T00:26:00.158804450Z 	sasl.oauthbearer.client.credentials.client.id = null
kafka1      | 2026-09-26T00:26:00.158808609Z 	sasl.oauthbearer.client.credentials.client.secret = null
kafka1      | 2026-09-26T00:26:00.158812747Z 	sasl.oauthbearer.clock.skew.seconds = 30
kafka1      | 2026-09-26T00:26:00.158816845Z 	sasl.oauthbearer.expected.audience = []
kafka1      | 2026-09-26T00:26:00.158820944Z 	sasl.oauthbearer.expected.issuer = null
kafka1      | 2026-09-26T00:26:00.158825052Z 	sasl.oauthbearer.jwks.endpoint.refresh.ms = 3600000
kafka1      | 2026-09-26T00:26:00.158829171Z 	sasl.oauthbearer.jwks.endpoint.retry.backoff.max.ms = 10000
kafka1      | 2026-09-26T00:26:00.158834301Z 	sasl.oauthbearer.jwks.endpoint.retry.backoff.ms = 100
kafka1      | 2026-09-26T00:26:00.158838480Z 	sasl.oauthbearer.jwks.endpoint.url = null
kafka1      | 2026-09-26T00:26:00.158842668Z 	sasl.oauthbearer.jwt.retriever.class = class org.apache.kafka.common.security.oauthbearer.DefaultJwtRetriever
kafka1      | 2026-09-26T00:26:00.158846977Z 	sasl.oauthbearer.jwt.validator.class = class org.apache.kafka.common.security.oauthbearer.DefaultJwtValidator
kafka1      | 2026-09-26T00:26:00.158851256Z 	sasl.oauthbearer.scope = null
kafka1      | 2026-09-26T00:26:00.158855324Z 	sasl.oauthbearer.scope.claim.name = scope
kafka1      | 2026-09-26T00:26:00.158859433Z 	sasl.oauthbearer.sub.claim.name = sub
kafka1      | 2026-09-26T00:26:00.158863531Z 	sasl.oauthbearer.token.endpoint.url = null
kafka1      | 2026-09-26T00:26:00.158949467Z 	sasl.server.callback.handler.class = null
kafka1      | 2026-09-26T00:26:00.158963576Z 	sasl.server.max.receive.size = 524288
kafka1      | 2026-09-26T00:26:00.158967854Z 	security.inter.broker.protocol = PLAINTEXT
kafka1      | 2026-09-26T00:26:00.158971973Z 	security.providers = null
kafka1      | 2026-09-26T00:26:00.158985330Z 	server.max.startup.time.ms = 9223372036854775807
kafka1      | 2026-09-26T00:26:00.158989529Z 	share.coordinator.append.linger.ms = -1
kafka1      | 2026-09-26T00:26:00.158993667Z 	share.coordinator.cached.buffer.max.bytes = 1048588
kafka1      | 2026-09-26T00:26:00.158997816Z 	share.coordinator.cold.partition.snapshot.interval.ms = 300000
kafka1      | 2026-09-26T00:26:00.159002164Z 	share.coordinator.load.buffer.size = 5242880
kafka1      | 2026-09-26T00:26:00.159006273Z 	share.coordinator.snapshot.update.records.per.snapshot = 500
kafka1      | 2026-09-26T00:26:00.159010411Z 	share.coordinator.state.topic.compression.codec = 0
kafka1      | 2026-09-26T00:26:00.159029631Z 	share.coordinator.state.topic.min.isr = 2
kafka1      | 2026-09-26T00:26:00.159033929Z 	share.coordinator.state.topic.num.partitions = 50
kafka1      | 2026-09-26T00:26:00.159038068Z 	share.coordinator.state.topic.prune.interval.ms = 300000
kafka1      | 2026-09-26T00:26:00.159042367Z 	share.coordinator.state.topic.replication.factor = 3
kafka1      | 2026-09-26T00:26:00.159046485Z 	share.coordinator.state.topic.segment.bytes = 104857600
kafka1      | 2026-09-26T00:26:00.159050624Z 	share.coordinator.threads = 1
kafka1      | 2026-09-26T00:26:00.159054842Z 	share.coordinator.write.timeout.ms = 5000
kafka1      | 2026-09-26T00:26:00.159058941Z 	share.fetch.purgatory.purge.interval.requests = 1000
kafka1      | 2026-09-26T00:26:00.159063069Z 	socket.connection.setup.timeout.max.ms = 30000
kafka1      | 2026-09-26T00:26:00.159067198Z 	socket.connection.setup.timeout.ms = 10000
kafka1      | 2026-09-26T00:26:00.159071296Z 	socket.listen.backlog.size = 50
kafka1      | 2026-09-26T00:26:00.159075374Z 	socket.receive.buffer.bytes = 102400
kafka1      | 2026-09-26T00:26:00.159079473Z 	socket.request.max.bytes = 104857600
kafka1      | 2026-09-26T00:26:00.159083571Z 	socket.send.buffer.bytes = 102400
kafka1      | 2026-09-26T00:26:00.159087659Z 	ssl.allow.dn.changes = false
kafka1      | 2026-09-26T00:26:00.159091728Z 	ssl.allow.san.changes = false
kafka1      | 2026-09-26T00:26:00.159095816Z 	ssl.cipher.suites = []
kafka1      | 2026-09-26T00:26:00.159099874Z 	ssl.client.auth = none
kafka1      | 2026-09-26T00:26:00.159103933Z 	ssl.enabled.protocols = [TLSv1.2, TLSv1.3]
kafka1      | 2026-09-26T00:26:00.159108061Z 	ssl.endpoint.identification.algorithm = https
kafka1      | 2026-09-26T00:26:00.159112190Z 	ssl.engine.factory.class = null
kafka1      | 2026-09-26T00:26:00.159116298Z 	ssl.key.password = null
kafka1      | 2026-09-26T00:26:00.159120366Z 	ssl.keymanager.algorithm = SunX509
kafka1      | 2026-09-26T00:26:00.159124465Z 	ssl.keystore.certificate.chain = null
kafka1      | 2026-09-26T00:26:00.159128553Z 	ssl.keystore.key = null
kafka1      | 2026-09-26T00:26:00.159132641Z 	ssl.keystore.location = null
kafka1      | 2026-09-26T00:26:00.159136730Z 	ssl.keystore.password = null
kafka1      | 2026-09-26T00:26:00.159140818Z 	ssl.keystore.type = JKS
kafka1      | 2026-09-26T00:26:00.159146400Z 	ssl.principal.mapping.rules = DEFAULT
kafka1      | 2026-09-26T00:26:00.159150598Z 	ssl.protocol = TLSv1.3
kafka1      | 2026-09-26T00:26:00.159154656Z 	ssl.provider = null
kafka1      | 2026-09-26T00:26:00.159158715Z 	ssl.secure.random.implementation = null
kafka1      | 2026-09-26T00:26:00.159162823Z 	ssl.trustmanager.algorithm = PKIX
kafka1      | 2026-09-26T00:26:00.159166911Z 	ssl.truststore.certificates = null
kafka1      | 2026-09-26T00:26:00.159171010Z 	ssl.truststore.location = null
kafka1      | 2026-09-26T00:26:00.159175098Z 	ssl.truststore.password = null
kafka1      | 2026-09-26T00:26:00.159179167Z 	ssl.truststore.type = JKS
kafka1      | 2026-09-26T00:26:00.159192644Z 	telemetry.max.bytes = 1048576
kafka1      | 2026-09-26T00:26:00.159196983Z 	transaction.abort.timed.out.transaction.cleanup.interval.ms = 10000
kafka1      | 2026-09-26T00:26:00.159201182Z 	transaction.max.timeout.ms = 900000
kafka1      | 2026-09-26T00:26:00.159205290Z 	transaction.partition.verification.enable = true
kafka1      | 2026-09-26T00:26:00.159209448Z 	transaction.remove.expired.transaction.cleanup.interval.ms = 3600000
kafka1      | 2026-09-26T00:26:00.159213637Z 	transaction.state.log.load.buffer.size = 5242880
kafka1      | 2026-09-26T00:26:00.159217766Z 	transaction.state.log.min.isr = 2
kafka1      | 2026-09-26T00:26:00.159221964Z 	transaction.state.log.num.partitions = 50
kafka1      | 2026-09-26T00:26:00.159226052Z 	transaction.state.log.replication.factor = 3
kafka1      | 2026-09-26T00:26:00.159230171Z 	transaction.state.log.segment.bytes = 104857600
kafka1      | 2026-09-26T00:26:00.159234289Z 	transaction.two.phase.commit.enable = false
kafka1      | 2026-09-26T00:26:00.159238548Z 	transactional.id.expiration.ms = 604800000
kafka1      | 2026-09-26T00:26:00.159242646Z 	unclean.leader.election.enable = false
kafka1      | 2026-09-26T00:26:00.159246755Z 	unclean.leader.election.interval.ms = 300000
kafka1      | 2026-09-26T00:26:00.159250853Z 	unstable.api.versions.enable = false
kafka1      | 2026-09-26T00:26:00.159255162Z 	unstable.feature.versions.enable = false
kafka1      | 2026-09-26T00:26:00.159259270Z  (org.apache.kafka.common.config.AbstractConfig)
kafka1      | 2026-09-26T00:26:00.176288354Z [2026-09-26 00:26:00,175] INFO [BrokerLifecycleManager id=1] The broker is in RECOVERY. (org.apache.kafka.server.BrokerLifecycleManager)
kafka1      | 2026-09-26T00:26:00.178632317Z [2026-09-26 00:26:00,178] INFO [BrokerServer id=1] Waiting for the broker to be unfenced (kafka.server.BrokerServer)
kafka1      | 2026-09-26T00:26:00.230779309Z [2026-09-26 00:26:00,230] INFO [BrokerLifecycleManager id=1] The broker has been unfenced. Transitioning from RECOVERY to RUNNING. (org.apache.kafka.server.BrokerLifecycleManager)
kafka1      | 2026-09-26T00:26:00.231531146Z [2026-09-26 00:26:00,230] INFO [BrokerServer id=1] Finished waiting for the broker to be unfenced (kafka.server.BrokerServer)
kafka1      | 2026-09-26T00:26:00.235948308Z [2026-09-26 00:26:00,235] INFO authorizerStart completed for endpoint PLAINTEXT. Endpoint is now READY. (org.apache.kafka.server.network.EndpointReadyFutures)
kafka1      | 2026-09-26T00:26:00.236409000Z [2026-09-26 00:26:00,235] INFO authorizerStart completed for endpoint PLAINTEXT_HOST. Endpoint is now READY. (org.apache.kafka.server.network.EndpointReadyFutures)
kafka1      | 2026-09-26T00:26:00.236644191Z [2026-09-26 00:26:00,236] INFO [SocketServer listenerType=BROKER, nodeId=1] Enabling request processing. (kafka.network.SocketServer)
kafka1      | 2026-09-26T00:26:00.239843761Z [2026-09-26 00:26:00,237] INFO Awaiting socket connections on 0.0.0.0:19092. (kafka.network.DataPlaneAcceptor)
kafka1      | 2026-09-26T00:26:00.245302925Z [2026-09-26 00:26:00,244] INFO Awaiting socket connections on 0.0.0.0:9092. (kafka.network.DataPlaneAcceptor)
kafka1      | 2026-09-26T00:26:00.253041755Z [2026-09-26 00:26:00,252] INFO [BrokerServer id=1] Waiting for all of the authorizer futures to be completed (kafka.server.BrokerServer)
kafka1      | 2026-09-26T00:26:00.253218547Z [2026-09-26 00:26:00,252] INFO [BrokerServer id=1] Finished waiting for all of the authorizer futures to be completed (kafka.server.BrokerServer)
kafka1      | 2026-09-26T00:26:00.253227174Z [2026-09-26 00:26:00,252] INFO [BrokerServer id=1] Waiting for all of the SocketServer Acceptors to be started (kafka.server.BrokerServer)
kafka1      | 2026-09-26T00:26:00.253282898Z [2026-09-26 00:26:00,252] INFO [BrokerServer id=1] Finished waiting for all of the SocketServer Acceptors to be started (kafka.server.BrokerServer)
kafka1      | 2026-09-26T00:26:00.255357968Z [2026-09-26 00:26:00,254] INFO [BrokerServer id=1] Transition from STARTING to STARTED (kafka.server.BrokerServer)
kafka1      | 2026-09-26T00:26:00.256818530Z [2026-09-26 00:26:00,256] INFO Kafka version: 4.3.1 (org.apache.kafka.common.utils.AppInfoParser)
kafka1      | 2026-09-26T00:26:00.256859264Z [2026-09-26 00:26:00,256] INFO Kafka commitId: 26b251a451ce941d (org.apache.kafka.common.utils.AppInfoParser)
kafka1      | 2026-09-26T00:26:00.256864204Z [2026-09-26 00:26:00,256] INFO Kafka startTimeMs: 1790382360255 (org.apache.kafka.common.utils.AppInfoParser)
kafka1      | 2026-09-26T00:26:00.262964384Z [2026-09-26 00:26:00,262] INFO [KafkaRaftServer nodeId=1] Kafka Server started (kafka.server.KafkaRaftServer)
kafka1      | 2026-09-26T00:26:00.600338035Z [2026-09-26 00:26:00,599] INFO [GroupCoordinator id=1] Scheduling unloading of metadata for __consumer_offsets-15 with epoch OptionalInt[1] (org.apache.kafka.coordinator.common.runtime.CoordinatorRuntime)
kafka1      | 2026-09-26T00:26:00.600991592Z [2026-09-26 00:26:00,600] INFO [GroupCoordinator id=1] Scheduling unloading of metadata for __consumer_offsets-46 with epoch OptionalInt[1] (org.apache.kafka.coordinator.common.runtime.CoordinatorRuntime)
kafka1      | 2026-09-26T00:26:00.601450881Z [2026-09-26 00:26:00,601] INFO [GroupCoordinator id=1] Ignored unloading metadata for __consumer_offsets-15 in epoch OptionalInt[1] since metadata was never loaded. (org.apache.kafka.coordinator.common.runtime.CoordinatorRuntime)
kafka1      | 2026-09-26T00:26:00.601744091Z [2026-09-26 00:26:00,601] INFO [GroupCoordinator id=1] Ignored unloading metadata for __consumer_offsets-46 in epoch OptionalInt[1] since metadata was never loaded. (org.apache.kafka.coordinator.common.runtime.CoordinatorRuntime)
kafka1      | 2026-09-26T00:26:00.761144749Z [2026-09-26 00:26:00,760] INFO [GroupCoordinator id=1] Scheduling unloading of metadata for __consumer_offsets-48 with epoch OptionalInt[0] (org.apache.kafka.coordinator.common.runtime.CoordinatorRuntime)
kafka1      | 2026-09-26T00:26:00.765372156Z [2026-09-26 00:26:00,761] INFO [GroupCoordinator id=1] Scheduling unloading of metadata for __consumer_offsets-13 with epoch OptionalInt[0] (org.apache.kafka.coordinator.common.runtime.CoordinatorRuntime)
kafka1      | 2026-09-26T00:26:00.765555902Z [2026-09-26 00:26:00,762] INFO [GroupCoordinator id=1] Scheduling unloading of metadata for __consumer_offsets-11 with epoch OptionalInt[0] (org.apache.kafka.coordinator.common.runtime.CoordinatorRuntime)
kafka1      | 2026-09-26T00:26:00.765564970Z [2026-09-26 00:26:00,762] INFO [GroupCoordinator id=1] Scheduling unloading of metadata for __consumer_offsets-44 with epoch OptionalInt[1] (org.apache.kafka.coordinator.common.runtime.CoordinatorRuntime)
kafka1      | 2026-09-26T00:26:00.765571704Z [2026-09-26 00:26:00,763] INFO [GroupCoordinator id=1] Scheduling unloading of metadata for __consumer_offsets-9 with epoch OptionalInt[0] (org.apache.kafka.coordinator.common.runtime.CoordinatorRuntime)
kafka1      | 2026-09-26T00:26:00.765645746Z [2026-09-26 00:26:00,763] INFO [GroupCoordinator id=1] Scheduling unloading of metadata for __consumer_offsets-42 with epoch OptionalInt[0] (org.apache.kafka.coordinator.common.runtime.CoordinatorRuntime)
kafka1      | 2026-09-26T00:26:00.765661588Z [2026-09-26 00:26:00,764] INFO [GroupCoordinator id=1] Scheduling unloading of metadata for __consumer_offsets-23 with epoch OptionalInt[0] (org.apache.kafka.coordinator.common.runtime.CoordinatorRuntime)
kafka1      | 2026-09-26T00:26:00.765671338Z [2026-09-26 00:26:00,764] INFO [GroupCoordinator id=1] Scheduling unloading of metadata for __consumer_offsets-21 with epoch OptionalInt[1] (org.apache.kafka.coordinator.common.runtime.CoordinatorRuntime)
kafka1      | 2026-09-26T00:26:00.765677921Z [2026-09-26 00:26:00,764] INFO [GroupCoordinator id=1] Scheduling unloading of metadata for __consumer_offsets-19 with epoch OptionalInt[0] (org.apache.kafka.coordinator.common.runtime.CoordinatorRuntime)
kafka1      | 2026-09-26T00:26:00.765683583Z [2026-09-26 00:26:00,764] INFO [GroupCoordinator id=1] Scheduling unloading of metadata for __consumer_offsets-17 with epoch OptionalInt[0] (org.apache.kafka.coordinator.common.runtime.CoordinatorRuntime)
kafka1      | 2026-09-26T00:26:00.766013297Z [2026-09-26 00:26:00,765] INFO [GroupCoordinator id=1] Ignored unloading metadata for __consumer_offsets-23 in epoch OptionalInt[0] since metadata was never loaded. (org.apache.kafka.coordinator.common.runtime.CoordinatorRuntime)
kafka1      | 2026-09-26T00:26:00.766049211Z [2026-09-26 00:26:00,765] INFO [GroupCoordinator id=1] Scheduling unloading of metadata for __consumer_offsets-32 with epoch OptionalInt[0] (org.apache.kafka.coordinator.common.runtime.CoordinatorRuntime)
kafka1      | 2026-09-26T00:26:00.769591419Z [2026-09-26 00:26:00,768] INFO [GroupCoordinator id=1] Ignored unloading metadata for __consumer_offsets-19 in epoch OptionalInt[0] since metadata was never loaded. (org.apache.kafka.coordinator.common.runtime.CoordinatorRuntime)
kafka1      | 2026-09-26T00:26:00.770753975Z [2026-09-26 00:26:00,769] INFO [GroupCoordinator id=1] Ignored unloading metadata for __consumer_offsets-42 in epoch OptionalInt[0] since metadata was never loaded. (org.apache.kafka.coordinator.common.runtime.CoordinatorRuntime)
kafka1      | 2026-09-26T00:26:00.771183929Z [2026-09-26 00:26:00,770] INFO [GroupCoordinator id=1] Ignored unloading metadata for __consumer_offsets-13 in epoch OptionalInt[0] since metadata was never loaded. (org.apache.kafka.coordinator.common.runtime.CoordinatorRuntime)
kafka1      | 2026-09-26T00:26:00.773278461Z [2026-09-26 00:26:00,771] INFO [GroupCoordinator id=1] Ignored unloading metadata for __consumer_offsets-44 in epoch OptionalInt[1] since metadata was never loaded. (org.apache.kafka.coordinator.common.runtime.CoordinatorRuntime)
kafka1      | 2026-09-26T00:26:00.773342943Z [2026-09-26 00:26:00,772] INFO [GroupCoordinator id=1] Ignored unloading metadata for __consumer_offsets-21 in epoch OptionalInt[1] since metadata was never loaded. (org.apache.kafka.coordinator.common.runtime.CoordinatorRuntime)
kafka1      | 2026-09-26T00:26:00.780319566Z [2026-09-26 00:26:00,766] INFO [GroupCoordinator id=1] Ignored unloading metadata for __consumer_offsets-9 in epoch OptionalInt[0] since metadata was never loaded. (org.apache.kafka.coordinator.common.runtime.CoordinatorRuntime)
kafka1      | 2026-09-26T00:26:00.780672508Z [2026-09-26 00:26:00,766] INFO [GroupCoordinator id=1] Ignored unloading metadata for __consumer_offsets-48 in epoch OptionalInt[0] since metadata was never loaded. (org.apache.kafka.coordinator.common.runtime.CoordinatorRuntime)
kafka1      | 2026-09-26T00:26:00.780748503Z [2026-09-26 00:26:00,780] INFO [GroupCoordinator id=1] Ignored unloading metadata for __consumer_offsets-17 in epoch OptionalInt[0] since metadata was never loaded. (org.apache.kafka.coordinator.common.runtime.CoordinatorRuntime)
kafka1      | 2026-09-26T00:26:00.783872413Z [2026-09-26 00:26:00,766] INFO [GroupCoordinator id=1] Ignored unloading metadata for __consumer_offsets-11 in epoch OptionalInt[0] since metadata was never loaded. (org.apache.kafka.coordinator.common.runtime.CoordinatorRuntime)
kafka1      | 2026-09-26T00:26:00.783936805Z [2026-09-26 00:26:00,782] INFO [GroupCoordinator id=1] Scheduling unloading of metadata for __consumer_offsets-30 with epoch OptionalInt[1] (org.apache.kafka.coordinator.common.runtime.CoordinatorRuntime)
kafka1      | 2026-09-26T00:26:00.783944651Z [2026-09-26 00:26:00,783] INFO [GroupCoordinator id=1] Scheduling unloading of metadata for __consumer_offsets-28 with epoch OptionalInt[0] (org.apache.kafka.coordinator.common.runtime.CoordinatorRuntime)
kafka1      | 2026-09-26T00:26:00.783952587Z [2026-09-26 00:26:00,783] INFO [GroupCoordinator id=1] Scheduling unloading of metadata for __consumer_offsets-26 with epoch OptionalInt[0] (org.apache.kafka.coordinator.common.runtime.CoordinatorRuntime)
kafka1      | 2026-09-26T00:26:00.783962237Z [2026-09-26 00:26:00,782] INFO [GroupCoordinator id=1] Ignored unloading metadata for __consumer_offsets-32 in epoch OptionalInt[0] since metadata was never loaded. (org.apache.kafka.coordinator.common.runtime.CoordinatorRuntime)
kafka1      | 2026-09-26T00:26:00.783968370Z [2026-09-26 00:26:00,783] INFO [GroupCoordinator id=1] Scheduling unloading of metadata for __consumer_offsets-7 with epoch OptionalInt[0] (org.apache.kafka.coordinator.common.runtime.CoordinatorRuntime)
kafka1      | 2026-09-26T00:26:00.783975023Z [2026-09-26 00:26:00,783] INFO [GroupCoordinator id=1] Ignored unloading metadata for __consumer_offsets-30 in epoch OptionalInt[1] since metadata was never loaded. (org.apache.kafka.coordinator.common.runtime.CoordinatorRuntime)
kafka1      | 2026-09-26T00:26:00.783982308Z [2026-09-26 00:26:00,783] INFO [GroupCoordinator id=1] Scheduling unloading of metadata for __consumer_offsets-40 with epoch OptionalInt[0] (org.apache.kafka.coordinator.common.runtime.CoordinatorRuntime)
kafka1      | 2026-09-26T00:26:00.783989252Z [2026-09-26 00:26:00,783] INFO [GroupCoordinator id=1] Ignored unloading metadata for __consumer_offsets-28 in epoch OptionalInt[0] since metadata was never loaded. (org.apache.kafka.coordinator.common.runtime.CoordinatorRuntime)
kafka1      | 2026-09-26T00:26:00.784276490Z [2026-09-26 00:26:00,783] INFO [GroupCoordinator id=1] Scheduling unloading of metadata for __consumer_offsets-5 with epoch OptionalInt[0] (org.apache.kafka.coordinator.common.runtime.CoordinatorRuntime)
kafka1      | 2026-09-26T00:26:00.784286530Z [2026-09-26 00:26:00,783] INFO [GroupCoordinator id=1] Scheduling unloading of metadata for __consumer_offsets-38 with epoch OptionalInt[1] (org.apache.kafka.coordinator.common.runtime.CoordinatorRuntime)
kafka1      | 2026-09-26T00:26:00.784295449Z [2026-09-26 00:26:00,784] INFO [GroupCoordinator id=1] Scheduling unloading of metadata for __consumer_offsets-3 with epoch OptionalInt[0] (org.apache.kafka.coordinator.common.runtime.CoordinatorRuntime)
kafka1      | 2026-09-26T00:26:00.784305690Z [2026-09-26 00:26:00,784] INFO [GroupCoordinator id=1] Scheduling unloading of metadata for __consumer_offsets-36 with epoch OptionalInt[0] (org.apache.kafka.coordinator.common.runtime.CoordinatorRuntime)
kafka1      | 2026-09-26T00:26:00.784312243Z [2026-09-26 00:26:00,784] INFO [GroupCoordinator id=1] Ignored unloading metadata for __consumer_offsets-40 in epoch OptionalInt[0] since metadata was never loaded. (org.apache.kafka.coordinator.common.runtime.CoordinatorRuntime)
kafka1      | 2026-09-26T00:26:00.784333967Z [2026-09-26 00:26:00,784] INFO [GroupCoordinator id=1] Scheduling unloading of metadata for __consumer_offsets-1 with epoch OptionalInt[0] (org.apache.kafka.coordinator.common.runtime.CoordinatorRuntime)
kafka1      | 2026-09-26T00:26:00.784635845Z [2026-09-26 00:26:00,784] INFO [GroupCoordinator id=1] Ignored unloading metadata for __consumer_offsets-5 in epoch OptionalInt[0] since metadata was never loaded. (org.apache.kafka.coordinator.common.runtime.CoordinatorRuntime)
kafka1      | 2026-09-26T00:26:00.787868978Z [2026-09-26 00:26:00,785] INFO [GroupCoordinator id=1] Ignored unloading metadata for __consumer_offsets-38 in epoch OptionalInt[1] since metadata was never loaded. (org.apache.kafka.coordinator.common.runtime.CoordinatorRuntime)
kafka1      | 2026-09-26T00:26:00.787950736Z [2026-09-26 00:26:00,785] INFO [GroupCoordinator id=1] Ignored unloading metadata for __consumer_offsets-26 in epoch OptionalInt[0] since metadata was never loaded. (org.apache.kafka.coordinator.common.runtime.CoordinatorRuntime)
kafka1      | 2026-09-26T00:26:00.787957970Z [2026-09-26 00:26:00,785] INFO [GroupCoordinator id=1] Ignored unloading metadata for __consumer_offsets-3 in epoch OptionalInt[0] since metadata was never loaded. (org.apache.kafka.coordinator.common.runtime.CoordinatorRuntime)
kafka1      | 2026-09-26T00:26:00.787964183Z [2026-09-26 00:26:00,786] INFO [GroupCoordinator id=1] Ignored unloading metadata for __consumer_offsets-7 in epoch OptionalInt[0] since metadata was never loaded. (org.apache.kafka.coordinator.common.runtime.CoordinatorRuntime)
kafka1      | 2026-09-26T00:26:00.787971288Z [2026-09-26 00:26:00,787] INFO [GroupCoordinator id=1] Ignored unloading metadata for __consumer_offsets-1 in epoch OptionalInt[0] since metadata was never loaded. (org.apache.kafka.coordinator.common.runtime.CoordinatorRuntime)
kafka1      | 2026-09-26T00:26:00.788036406Z [2026-09-26 00:26:00,787] INFO [GroupCoordinator id=1] Ignored unloading metadata for __consumer_offsets-36 in epoch OptionalInt[0] since metadata was never loaded. (org.apache.kafka.coordinator.common.runtime.CoordinatorRuntime)
kafka1      | 2026-09-26T00:26:00.789074241Z [2026-09-26 00:26:00,788] INFO [GroupCoordinator id=1] Scheduling unloading of metadata for __consumer_offsets-34 with epoch OptionalInt[1] (org.apache.kafka.coordinator.common.runtime.CoordinatorRuntime)
kafka1      | 2026-09-26T00:26:00.792286354Z [2026-09-26 00:26:00,789] INFO [GroupCoordinator id=1] Ignored unloading metadata for __consumer_offsets-34 in epoch OptionalInt[1] since metadata was never loaded. (org.apache.kafka.coordinator.common.runtime.CoordinatorRuntime)
kafka1      | 2026-09-26T00:26:00.792318069Z [2026-09-26 00:26:00,790] INFO [GroupCoordinator id=1] Scheduling unloading of metadata for __consumer_offsets-47 with epoch OptionalInt[0] (org.apache.kafka.coordinator.common.runtime.CoordinatorRuntime)
kafka1      | 2026-09-26T00:26:00.792554793Z [2026-09-26 00:26:00,792] INFO [GroupCoordinator id=1] Ignored unloading metadata for __consumer_offsets-47 in epoch OptionalInt[0] since metadata was never loaded. (org.apache.kafka.coordinator.common.runtime.CoordinatorRuntime)
kafka1      | 2026-09-26T00:26:00.792576107Z [2026-09-26 00:26:00,792] INFO [GroupCoordinator id=1] Scheduling unloading of metadata for __consumer_offsets-16 with epoch OptionalInt[0] (org.apache.kafka.coordinator.common.runtime.CoordinatorRuntime)
kafka1      | 2026-09-26T00:26:00.794170338Z [2026-09-26 00:26:00,792] INFO [GroupCoordinator id=1] Scheduling unloading of metadata for __consumer_offsets-45 with epoch OptionalInt[0] (org.apache.kafka.coordinator.common.runtime.CoordinatorRuntime)
kafka1      | 2026-09-26T00:26:00.794283409Z [2026-09-26 00:26:00,793] INFO [GroupCoordinator id=1] Scheduling unloading of metadata for __consumer_offsets-14 with epoch OptionalInt[0] (org.apache.kafka.coordinator.common.runtime.CoordinatorRuntime)
kafka1      | 2026-09-26T00:26:00.795332144Z [2026-09-26 00:26:00,794] INFO [GroupCoordinator id=1] Scheduling unloading of metadata for __consumer_offsets-43 with epoch OptionalInt[0] (org.apache.kafka.coordinator.common.runtime.CoordinatorRuntime)
kafka1      | 2026-09-26T00:26:00.796092860Z [2026-09-26 00:26:00,795] INFO [GroupCoordinator id=1] Scheduling unloading of metadata for __consumer_offsets-12 with epoch OptionalInt[1] (org.apache.kafka.coordinator.common.runtime.CoordinatorRuntime)
kafka1      | 2026-09-26T00:26:00.796859849Z [2026-09-26 00:26:00,795] INFO [GroupCoordinator id=1] Scheduling unloading of metadata for __consumer_offsets-41 with epoch OptionalInt[1] (org.apache.kafka.coordinator.common.runtime.CoordinatorRuntime)
kafka1      | 2026-09-26T00:26:00.797725720Z [2026-09-26 00:26:00,796] INFO [GroupCoordinator id=1] Scheduling unloading of metadata for __consumer_offsets-10 with epoch OptionalInt[1] (org.apache.kafka.coordinator.common.runtime.CoordinatorRuntime)
kafka1      | 2026-09-26T00:26:00.798427456Z [2026-09-26 00:26:00,797] INFO [GroupCoordinator id=1] Ignored unloading metadata for __consumer_offsets-10 in epoch OptionalInt[1] since metadata was never loaded. (org.apache.kafka.coordinator.common.runtime.CoordinatorRuntime)
kafka1      | 2026-09-26T00:26:00.798467868Z [2026-09-26 00:26:00,797] INFO [GroupCoordinator id=1] Ignored unloading metadata for __consumer_offsets-43 in epoch OptionalInt[0] since metadata was never loaded. (org.apache.kafka.coordinator.common.runtime.CoordinatorRuntime)
kafka1      | 2026-09-26T00:26:00.798784005Z [2026-09-26 00:26:00,798] INFO [GroupCoordinator id=1] Ignored unloading metadata for __consumer_offsets-45 in epoch OptionalInt[0] since metadata was never loaded. (org.apache.kafka.coordinator.common.runtime.CoordinatorRuntime)
kafka1      | 2026-09-26T00:26:00.801385406Z [2026-09-26 00:26:00,798] INFO [GroupCoordinator id=1] Scheduling unloading of metadata for __consumer_offsets-24 with epoch OptionalInt[1] (org.apache.kafka.coordinator.common.runtime.CoordinatorRuntime)
kafka1      | 2026-09-26T00:26:00.801500803Z [2026-09-26 00:26:00,798] INFO [GroupCoordinator id=1] Ignored unloading metadata for __consumer_offsets-12 in epoch OptionalInt[1] since metadata was never loaded. (org.apache.kafka.coordinator.common.runtime.CoordinatorRuntime)
kafka1      | 2026-09-26T00:26:00.801507677Z [2026-09-26 00:26:00,799] INFO [GroupCoordinator id=1] Scheduling unloading of metadata for __consumer_offsets-22 with epoch OptionalInt[0] (org.apache.kafka.coordinator.common.runtime.CoordinatorRuntime)
kafka1      | 2026-09-26T00:26:00.801513108Z [2026-09-26 00:26:00,799] INFO [GroupCoordinator id=1] Ignored unloading metadata for __consumer_offsets-41 in epoch OptionalInt[1] since metadata was never loaded. (org.apache.kafka.coordinator.common.runtime.CoordinatorRuntime)
kafka1      | 2026-09-26T00:26:00.801518839Z [2026-09-26 00:26:00,799] INFO [GroupCoordinator id=1] Scheduling unloading of metadata for __consumer_offsets-20 with epoch OptionalInt[0] (org.apache.kafka.coordinator.common.runtime.CoordinatorRuntime)
kafka1      | 2026-09-26T00:26:00.801523639Z [2026-09-26 00:26:00,799] INFO [GroupCoordinator id=1] Ignored unloading metadata for __consumer_offsets-22 in epoch OptionalInt[0] since metadata was never loaded. (org.apache.kafka.coordinator.common.runtime.CoordinatorRuntime)
kafka1      | 2026-09-26T00:26:00.801604915Z [2026-09-26 00:26:00,799] INFO [GroupCoordinator id=1] Scheduling unloading of metadata for __consumer_offsets-49 with epoch OptionalInt[0] (org.apache.kafka.coordinator.common.runtime.CoordinatorRuntime)
kafka1      | 2026-09-26T00:26:00.801612130Z [2026-09-26 00:26:00,799] INFO [GroupCoordinator id=1] Ignored unloading metadata for __consumer_offsets-24 in epoch OptionalInt[1] since metadata was never loaded. (org.apache.kafka.coordinator.common.runtime.CoordinatorRuntime)
kafka1      | 2026-09-26T00:26:00.801617631Z [2026-09-26 00:26:00,799] INFO [GroupCoordinator id=1] Ignored unloading metadata for __consumer_offsets-49 in epoch OptionalInt[0] since metadata was never loaded. (org.apache.kafka.coordinator.common.runtime.CoordinatorRuntime)
kafka1      | 2026-09-26T00:26:00.801626600Z [2026-09-26 00:26:00,799] INFO [GroupCoordinator id=1] Scheduling unloading of metadata for __consumer_offsets-18 with epoch OptionalInt[1] (org.apache.kafka.coordinator.common.runtime.CoordinatorRuntime)
kafka1      | 2026-09-26T00:26:00.801633073Z [2026-09-26 00:26:00,799] INFO [GroupCoordinator id=1] Scheduling unloading of metadata for __consumer_offsets-31 with epoch OptionalInt[0] (org.apache.kafka.coordinator.common.runtime.CoordinatorRuntime)
kafka1      | 2026-09-26T00:26:00.801637913Z [2026-09-26 00:26:00,800] INFO [GroupCoordinator id=1] Scheduling unloading of metadata for __consumer_offsets-0 with epoch OptionalInt[0] (org.apache.kafka.coordinator.common.runtime.CoordinatorRuntime)
kafka1      | 2026-09-26T00:26:00.801642813Z [2026-09-26 00:26:00,800] INFO [GroupCoordinator id=1] Scheduling unloading of metadata for __consumer_offsets-29 with epoch OptionalInt[0] (org.apache.kafka.coordinator.common.runtime.CoordinatorRuntime)
kafka1      | 2026-09-26T00:26:00.801647723Z [2026-09-26 00:26:00,800] INFO [GroupCoordinator id=1] Scheduling unloading of metadata for __consumer_offsets-27 with epoch OptionalInt[1] (org.apache.kafka.coordinator.common.runtime.CoordinatorRuntime)
kafka1      | 2026-09-26T00:26:00.801652874Z [2026-09-26 00:26:00,800] INFO [GroupCoordinator id=1] Scheduling unloading of metadata for __consumer_offsets-25 with epoch OptionalInt[0] (org.apache.kafka.coordinator.common.runtime.CoordinatorRuntime)
kafka1      | 2026-09-26T00:26:00.801657834Z [2026-09-26 00:26:00,800] INFO [GroupCoordinator id=1] Scheduling unloading of metadata for __consumer_offsets-39 with epoch OptionalInt[0] (org.apache.kafka.coordinator.common.runtime.CoordinatorRuntime)
kafka1      | 2026-09-26T00:26:00.801663946Z [2026-09-26 00:26:00,800] INFO [GroupCoordinator id=1] Scheduling unloading of metadata for __consumer_offsets-8 with epoch OptionalInt[1] (org.apache.kafka.coordinator.common.runtime.CoordinatorRuntime)
kafka1      | 2026-09-26T00:26:00.801669628Z [2026-09-26 00:26:00,800] INFO [GroupCoordinator id=1] Scheduling unloading of metadata for __consumer_offsets-37 with epoch OptionalInt[0] (org.apache.kafka.coordinator.common.runtime.CoordinatorRuntime)
kafka1      | 2026-09-26T00:26:00.801674708Z [2026-09-26 00:26:00,800] INFO [GroupCoordinator id=1] Scheduling unloading of metadata for __consumer_offsets-6 with epoch OptionalInt[0] (org.apache.kafka.coordinator.common.runtime.CoordinatorRuntime)
kafka1      | 2026-09-26T00:26:00.801936604Z [2026-09-26 00:26:00,801] INFO [GroupCoordinator id=1] Scheduling unloading of metadata for __consumer_offsets-35 with epoch OptionalInt[0] (org.apache.kafka.coordinator.common.runtime.CoordinatorRuntime)
kafka1      | 2026-09-26T00:26:00.803041694Z [2026-09-26 00:26:00,802] INFO [GroupCoordinator id=1] Scheduling unloading of metadata for __consumer_offsets-4 with epoch OptionalInt[1] (org.apache.kafka.coordinator.common.runtime.CoordinatorRuntime)
kafka1      | 2026-09-26T00:26:00.803370843Z [2026-09-26 00:26:00,799] INFO [GroupCoordinator id=1] Ignored unloading metadata for __consumer_offsets-20 in epoch OptionalInt[0] since metadata was never loaded. (org.apache.kafka.coordinator.common.runtime.CoordinatorRuntime)
kafka1      | 2026-09-26T00:26:00.803392828Z [2026-09-26 00:26:00,798] INFO [GroupCoordinator id=1] Ignored unloading metadata for __consumer_offsets-14 in epoch OptionalInt[0] since metadata was never loaded. (org.apache.kafka.coordinator.common.runtime.CoordinatorRuntime)
kafka1      | 2026-09-26T00:26:00.803399803Z [2026-09-26 00:26:00,803] INFO [GroupCoordinator id=1] Ignored unloading metadata for __consumer_offsets-16 in epoch OptionalInt[0] since metadata was never loaded. (org.apache.kafka.coordinator.common.runtime.CoordinatorRuntime)
kafka1      | 2026-09-26T00:26:00.804397724Z [2026-09-26 00:26:00,803] INFO [GroupCoordinator id=1] Scheduling unloading of metadata for __consumer_offsets-33 with epoch OptionalInt[0] (org.apache.kafka.coordinator.common.runtime.CoordinatorRuntime)
kafka1      | 2026-09-26T00:26:00.805999735Z [2026-09-26 00:26:00,805] INFO [GroupCoordinator id=1] Scheduling unloading of metadata for __consumer_offsets-2 with epoch OptionalInt[1] (org.apache.kafka.coordinator.common.runtime.CoordinatorRuntime)
kafka1      | 2026-09-26T00:26:00.806526693Z [2026-09-26 00:26:00,805] INFO [GroupCoordinator id=1] Ignored unloading metadata for __consumer_offsets-33 in epoch OptionalInt[0] since metadata was never loaded. (org.apache.kafka.coordinator.common.runtime.CoordinatorRuntime)
kafka1      | 2026-09-26T00:26:00.806564911Z [2026-09-26 00:26:00,805] INFO [GroupCoordinator id=1] Ignored unloading metadata for __consumer_offsets-6 in epoch OptionalInt[0] since metadata was never loaded. (org.apache.kafka.coordinator.common.runtime.CoordinatorRuntime)
kafka1      | 2026-09-26T00:26:00.807147831Z [2026-09-26 00:26:00,806] INFO [GroupCoordinator id=1] Ignored unloading metadata for __consumer_offsets-39 in epoch OptionalInt[0] since metadata was never loaded. (org.apache.kafka.coordinator.common.runtime.CoordinatorRuntime)
kafka1      | 2026-09-26T00:26:00.807759795Z [2026-09-26 00:26:00,807] INFO [GroupCoordinator id=1] Ignored unloading metadata for __consumer_offsets-37 in epoch OptionalInt[0] since metadata was never loaded. (org.apache.kafka.coordinator.common.runtime.CoordinatorRuntime)
kafka1      | 2026-09-26T00:26:00.809585520Z [2026-09-26 00:26:00,808] INFO [GroupCoordinator id=1] Ignored unloading metadata for __consumer_offsets-8 in epoch OptionalInt[1] since metadata was never loaded. (org.apache.kafka.coordinator.common.runtime.CoordinatorRuntime)
kafka1      | 2026-09-26T00:26:00.810190866Z [2026-09-26 00:26:00,809] INFO [GroupCoordinator id=1] Ignored unloading metadata for __consumer_offsets-25 in epoch OptionalInt[0] since metadata was never loaded. (org.apache.kafka.coordinator.common.runtime.CoordinatorRuntime)
kafka1      | 2026-09-26T00:26:00.810675054Z [2026-09-26 00:26:00,810] INFO [GroupCoordinator id=1] Ignored unloading metadata for __consumer_offsets-27 in epoch OptionalInt[1] since metadata was never loaded. (org.apache.kafka.coordinator.common.runtime.CoordinatorRuntime)
kafka1      | 2026-09-26T00:26:00.811322930Z [2026-09-26 00:26:00,810] INFO [GroupCoordinator id=1] Ignored unloading metadata for __consumer_offsets-29 in epoch OptionalInt[0] since metadata was never loaded. (org.apache.kafka.coordinator.common.runtime.CoordinatorRuntime)
kafka1      | 2026-09-26T00:26:00.811769117Z [2026-09-26 00:26:00,811] INFO [GroupCoordinator id=1] Ignored unloading metadata for __consumer_offsets-0 in epoch OptionalInt[0] since metadata was never loaded. (org.apache.kafka.coordinator.common.runtime.CoordinatorRuntime)
kafka1      | 2026-09-26T00:26:00.811847657Z [2026-09-26 00:26:00,811] INFO [GroupCoordinator id=1] Ignored unloading metadata for __consumer_offsets-4 in epoch OptionalInt[1] since metadata was never loaded. (org.apache.kafka.coordinator.common.runtime.CoordinatorRuntime)
kafka1      | 2026-09-26T00:26:00.812031093Z [2026-09-26 00:26:00,811] INFO [GroupCoordinator id=1] Ignored unloading metadata for __consumer_offsets-35 in epoch OptionalInt[0] since metadata was never loaded. (org.apache.kafka.coordinator.common.runtime.CoordinatorRuntime)
kafka1      | 2026-09-26T00:26:00.812816144Z [2026-09-26 00:26:00,812] INFO [GroupCoordinator id=1] Ignored unloading metadata for __consumer_offsets-2 in epoch OptionalInt[1] since metadata was never loaded. (org.apache.kafka.coordinator.common.runtime.CoordinatorRuntime)
kafka1      | 2026-09-26T00:26:00.812856657Z [2026-09-26 00:26:00,812] INFO [GroupCoordinator id=1] Ignored unloading metadata for __consumer_offsets-18 in epoch OptionalInt[1] since metadata was never loaded. (org.apache.kafka.coordinator.common.runtime.CoordinatorRuntime)
kafka1      | 2026-09-26T00:26:00.814898345Z [2026-09-26 00:26:00,814] INFO [GroupCoordinator id=1] Ignored unloading metadata for __consumer_offsets-31 in epoch OptionalInt[0] since metadata was never loaded. (org.apache.kafka.coordinator.common.runtime.CoordinatorRuntime)
