kafka1  | 2026-09-26T00:23:17.048301633Z [2026-09-26 00:23:17,047] INFO [LogLoader partition=__consumer_offsets-2, dir=/tmp/kafka-logs] Loading producer state till offset 0 (org.apache.kafka.storage.internals.log.UnifiedLog)
kafka2  | 2026-09-26T00:23:17.057671429Z [2026-09-26 00:23:17,056] INFO [LogLoader partition=__consumer_offsets-36, dir=/tmp/kafka-logs] Loading producer state till offset 0 (org.apache.kafka.storage.internals.log.UnifiedLog)
kafka3  | 2026-09-26T00:23:17.189088098Z [2026-09-26 00:23:17,187] INFO [LogLoader partition=__consumer_offsets-3, dir=/tmp/kafka-logs] Loading producer state till offset 0 (org.apache.kafka.storage.internals.log.UnifiedLog)
kafka1  | 2026-09-26T00:23:17.065136330Z [2026-09-26 00:23:17,064] INFO Created log for partition __consumer_offsets-2 in /tmp/kafka-logs/__consumer_offsets-2 with properties {cleanup.policy=compact, compression.type="producer", segment.bytes=104857600} (kafka.log.LogManager)
kafka2  | 2026-09-26T00:23:17.061317438Z [2026-09-26 00:23:17,060] INFO Created log for partition __consumer_offsets-36 in /tmp/kafka-logs/__consumer_offsets-36 with properties {cleanup.policy=compact, compression.type="producer", segment.bytes=104857600} (kafka.log.LogManager)
kafka1  | 2026-09-26T00:23:17.077535338Z [2026-09-26 00:23:17,065] INFO [Partition __consumer_offsets-2 broker=1] No checkpointed highwatermark is found for partition __consumer_offsets-2 (kafka.cluster.Partition)
kafka2  | 2026-09-26T00:23:17.077440108Z [2026-09-26 00:23:17,073] INFO [Partition __consumer_offsets-36 broker=2] No checkpointed highwatermark is found for partition __consumer_offsets-36 (kafka.cluster.Partition)
kafka1  | 2026-09-26T00:23:17.080526449Z [2026-09-26 00:23:17,079] INFO [Partition __consumer_offsets-2 broker=1] Log loaded for partition __consumer_offsets-2 with initial high watermark 0 (kafka.cluster.Partition)
kafka1  | 2026-09-26T00:23:17.285867610Z [2026-09-26 00:23:17,285] INFO [LogLoader partition=__consumer_offsets-34, dir=/tmp/kafka-logs] Loading producer state till offset 0 (org.apache.kafka.storage.internals.log.UnifiedLog)
kafka2  | 2026-09-26T00:23:17.077553701Z [2026-09-26 00:23:17,074] INFO [Partition __consumer_offsets-36 broker=2] Log loaded for partition __consumer_offsets-36 with initial high watermark 0 (kafka.cluster.Partition)
kafka1  | 2026-09-26T00:23:17.303048809Z [2026-09-26 00:23:17,302] INFO Created log for partition __consumer_offsets-34 in /tmp/kafka-logs/__consumer_offsets-34 with properties {cleanup.policy=compact, compression.type="producer", segment.bytes=104857600} (kafka.log.LogManager)
kafka2  | 2026-09-26T00:23:17.291128180Z [2026-09-26 00:23:17,286] INFO [LogLoader partition=__consumer_offsets-15, dir=/tmp/kafka-logs] Loading producer state till offset 0 (org.apache.kafka.storage.internals.log.UnifiedLog)
kafka1  | 2026-09-26T00:23:17.315806826Z [2026-09-26 00:23:17,313] INFO [Partition __consumer_offsets-34 broker=1] No checkpointed highwatermark is found for partition __consumer_offsets-34 (kafka.cluster.Partition)
kafka2  | 2026-09-26T00:23:17.303602521Z [2026-09-26 00:23:17,302] INFO Created log for partition __consumer_offsets-15 in /tmp/kafka-logs/__consumer_offsets-15 with properties {cleanup.policy=compact, compression.type="producer", segment.bytes=104857600} (kafka.log.LogManager)
kafka2  | 2026-09-26T00:23:17.322145494Z [2026-09-26 00:23:17,320] INFO [Partition __consumer_offsets-15 broker=2] No checkpointed highwatermark is found for partition __consumer_offsets-15 (kafka.cluster.Partition)
kafka2  | 2026-09-26T00:23:17.323965570Z [2026-09-26 00:23:17,323] INFO [Partition __consumer_offsets-15 broker=2] Log loaded for partition __consumer_offsets-15 with initial high watermark 0 (kafka.cluster.Partition)
kafka3  | 2026-09-26T00:23:17.203514746Z [2026-09-26 00:23:17,202] INFO Created log for partition __consumer_offsets-3 in /tmp/kafka-logs/__consumer_offsets-3 with properties {cleanup.policy=compact, compression.type="producer", segment.bytes=104857600} (kafka.log.LogManager)
kafka1  | 2026-09-26T00:23:17.317147803Z [2026-09-26 00:23:17,315] INFO [Partition __consumer_offsets-34 broker=1] Log loaded for partition __consumer_offsets-34 with initial high watermark 0 (kafka.cluster.Partition)
kafka3  | 2026-09-26T00:23:17.207019454Z [2026-09-26 00:23:17,206] INFO [Partition __consumer_offsets-3 broker=3] No checkpointed highwatermark is found for partition __consumer_offsets-3 (kafka.cluster.Partition)
kafka2  | 2026-09-26T00:23:17.365448773Z [2026-09-26 00:23:17,364] INFO [LogLoader partition=__consumer_offsets-48, dir=/tmp/kafka-logs] Loading producer state till offset 0 (org.apache.kafka.storage.internals.log.UnifiedLog)
kafka2  | 2026-09-26T00:23:17.375275856Z [2026-09-26 00:23:17,370] INFO Created log for partition __consumer_offsets-48 in /tmp/kafka-logs/__consumer_offsets-48 with properties {cleanup.policy=compact, compression.type="producer", segment.bytes=104857600} (kafka.log.LogManager)
kafka3  | 2026-09-26T00:23:17.208819667Z [2026-09-26 00:23:17,207] INFO [Partition __consumer_offsets-3 broker=3] Log loaded for partition __consumer_offsets-3 with initial high watermark 0 (kafka.cluster.Partition)
kafka3  | 2026-09-26T00:23:17.340167420Z [2026-09-26 00:23:17,337] INFO [LogLoader partition=__consumer_offsets-1, dir=/tmp/kafka-logs] Loading producer state till offset 0 (org.apache.kafka.storage.internals.log.UnifiedLog)
kafka3  | 2026-09-26T00:23:17.348671234Z [2026-09-26 00:23:17,347] INFO Created log for partition __consumer_offsets-1 in /tmp/kafka-logs/__consumer_offsets-1 with properties {cleanup.policy=compact, compression.type="producer", segment.bytes=104857600} (kafka.log.LogManager)
kafka3  | 2026-09-26T00:23:17.356630878Z [2026-09-26 00:23:17,355] INFO [Partition __consumer_offsets-1 broker=3] No checkpointed highwatermark is found for partition __consumer_offsets-1 (kafka.cluster.Partition)
kafka1  | 2026-09-26T00:23:17.414686265Z [2026-09-26 00:23:17,412] INFO [LogLoader partition=__consumer_offsets-48, dir=/tmp/kafka-logs] Loading producer state till offset 0 (org.apache.kafka.storage.internals.log.UnifiedLog)
kafka1  | 2026-09-26T00:23:17.430776744Z [2026-09-26 00:23:17,427] INFO Created log for partition __consumer_offsets-48 in /tmp/kafka-logs/__consumer_offsets-48 with properties {cleanup.policy=compact, compression.type="producer", segment.bytes=104857600} (kafka.log.LogManager)
kafka1  | 2026-09-26T00:23:17.432811257Z [2026-09-26 00:23:17,431] INFO [Partition __consumer_offsets-48 broker=1] No checkpointed highwatermark is found for partition __consumer_offsets-48 (kafka.cluster.Partition)
kafka1  | 2026-09-26T00:23:17.434626251Z [2026-09-26 00:23:17,433] INFO [Partition __consumer_offsets-48 broker=1] Log loaded for partition __consumer_offsets-48 with initial high watermark 0 (kafka.cluster.Partition)
kafka2  | 2026-09-26T00:23:17.375365179Z [2026-09-26 00:23:17,372] INFO [Partition __consumer_offsets-48 broker=2] No checkpointed highwatermark is found for partition __consumer_offsets-48 (kafka.cluster.Partition)
kafka2  | 2026-09-26T00:23:17.376265473Z [2026-09-26 00:23:17,375] INFO [Partition __consumer_offsets-48 broker=2] Log loaded for partition __consumer_offsets-48 with initial high watermark 0 (kafka.cluster.Partition)
kafka3  | 2026-09-26T00:23:17.358352285Z [2026-09-26 00:23:17,357] INFO [Partition __consumer_offsets-1 broker=3] Log loaded for partition __consumer_offsets-1 with initial high watermark 0 (kafka.cluster.Partition)
kafka3  | 2026-09-26T00:23:17.441119087Z [2026-09-26 00:23:17,440] INFO [LogLoader partition=__consumer_offsets-33, dir=/tmp/kafka-logs] Loading producer state till offset 0 (org.apache.kafka.storage.internals.log.UnifiedLog)
kafka2  | 2026-09-26T00:23:17.406034814Z [2026-09-26 00:23:17,405] INFO [LogLoader partition=__consumer_offsets-13, dir=/tmp/kafka-logs] Loading producer state till offset 0 (org.apache.kafka.storage.internals.log.UnifiedLog)
kafka2  | 2026-09-26T00:23:17.414510485Z [2026-09-26 00:23:17,413] INFO Created log for partition __consumer_offsets-13 in /tmp/kafka-logs/__consumer_offsets-13 with properties {cleanup.policy=compact, compression.type="producer", segment.bytes=104857600} (kafka.log.LogManager)
kafka2  | 2026-09-26T00:23:17.416566692Z [2026-09-26 00:23:17,415] INFO [Partition __consumer_offsets-13 broker=2] No checkpointed highwatermark is found for partition __consumer_offsets-13 (kafka.cluster.Partition)
kafka3  | 2026-09-26T00:23:17.461010037Z [2026-09-26 00:23:17,446] INFO Created log for partition __consumer_offsets-33 in /tmp/kafka-logs/__consumer_offsets-33 with properties {cleanup.policy=compact, compression.type="producer", segment.bytes=104857600} (kafka.log.LogManager)
kafka3  | 2026-09-26T00:23:17.461137929Z [2026-09-26 00:23:17,448] INFO [Partition __consumer_offsets-33 broker=3] No checkpointed highwatermark is found for partition __consumer_offsets-33 (kafka.cluster.Partition)
kafka3  | 2026-09-26T00:23:17.466873962Z [2026-09-26 00:23:17,461] INFO [Partition __consumer_offsets-33 broker=3] Log loaded for partition __consumer_offsets-33 with initial high watermark 0 (kafka.cluster.Partition)
kafka3  | 2026-09-26T00:23:17.608626128Z [2026-09-26 00:23:17,607] INFO [LogLoader partition=__consumer_offsets-15, dir=/tmp/kafka-logs] Loading producer state till offset 0 (org.apache.kafka.storage.internals.log.UnifiedLog)
kafka2  | 2026-09-26T00:23:17.418771925Z [2026-09-26 00:23:17,416] INFO [Partition __consumer_offsets-13 broker=2] Log loaded for partition __consumer_offsets-13 with initial high watermark 0 (kafka.cluster.Partition)
kafka3  | 2026-09-26T00:23:17.618845564Z [2026-09-26 00:23:17,616] INFO Created log for partition __consumer_offsets-15 in /tmp/kafka-logs/__consumer_offsets-15 with properties {cleanup.policy=compact, compression.type="producer", segment.bytes=104857600} (kafka.log.LogManager)
kafka2  | 2026-09-26T00:23:17.476401585Z [2026-09-26 00:23:17,475] INFO [LogLoader partition=__consumer_offsets-46, dir=/tmp/kafka-logs] Loading producer state till offset 0 (org.apache.kafka.storage.internals.log.UnifiedLog)
kafka2  | 2026-09-26T00:23:17.490967082Z [2026-09-26 00:23:17,485] INFO Created log for partition __consumer_offsets-46 in /tmp/kafka-logs/__consumer_offsets-46 with properties {cleanup.policy=compact, compression.type="producer", segment.bytes=104857600} (kafka.log.LogManager)
kafka2  | 2026-09-26T00:23:17.491067087Z [2026-09-26 00:23:17,487] INFO [Partition __consumer_offsets-46 broker=2] No checkpointed highwatermark is found for partition __consumer_offsets-46 (kafka.cluster.Partition)
kafka2  | 2026-09-26T00:23:17.491074452Z [2026-09-26 00:23:17,488] INFO [Partition __consumer_offsets-46 broker=2] Log loaded for partition __consumer_offsets-46 with initial high watermark 0 (kafka.cluster.Partition)
kafka1  | 2026-09-26T00:23:17.512983294Z [2026-09-26 00:23:17,509] INFO [LogLoader partition=__consumer_offsets-13, dir=/tmp/kafka-logs] Loading producer state till offset 0 (org.apache.kafka.storage.internals.log.UnifiedLog)
kafka1  | 2026-09-26T00:23:17.526763758Z [2026-09-26 00:23:17,523] INFO Created log for partition __consumer_offsets-13 in /tmp/kafka-logs/__consumer_offsets-13 with properties {cleanup.policy=compact, compression.type="producer", segment.bytes=104857600} (kafka.log.LogManager)
kafka2  | 2026-09-26T00:23:17.542152003Z [2026-09-26 00:23:17,540] INFO [LogLoader partition=__consumer_offsets-44, dir=/tmp/kafka-logs] Loading producer state till offset 0 (org.apache.kafka.storage.internals.log.UnifiedLog)
kafka1  | 2026-09-26T00:23:17.526872200Z [2026-09-26 00:23:17,525] INFO [Partition __consumer_offsets-13 broker=1] No checkpointed highwatermark is found for partition __consumer_offsets-13 (kafka.cluster.Partition)
kafka2  | 2026-09-26T00:23:17.550517161Z [2026-09-26 00:23:17,548] INFO Created log for partition __consumer_offsets-44 in /tmp/kafka-logs/__consumer_offsets-44 with properties {cleanup.policy=compact, compression.type="producer", segment.bytes=104857600} (kafka.log.LogManager)
kafka2  | 2026-09-26T00:23:17.561872684Z [2026-09-26 00:23:17,558] INFO [Partition __consumer_offsets-44 broker=2] No checkpointed highwatermark is found for partition __consumer_offsets-44 (kafka.cluster.Partition)
kafka2  | 2026-09-26T00:23:17.563115684Z [2026-09-26 00:23:17,559] INFO [Partition __consumer_offsets-44 broker=2] Log loaded for partition __consumer_offsets-44 with initial high watermark 0 (kafka.cluster.Partition)
kafka1  | 2026-09-26T00:23:17.533896067Z [2026-09-26 00:23:17,528] INFO [Partition __consumer_offsets-13 broker=1] Log loaded for partition __consumer_offsets-13 with initial high watermark 0 (kafka.cluster.Partition)
kafka3  | 2026-09-26T00:23:17.620474478Z [2026-09-26 00:23:17,618] INFO [Partition __consumer_offsets-15 broker=3] No checkpointed highwatermark is found for partition __consumer_offsets-15 (kafka.cluster.Partition)
kafka1  | 2026-09-26T00:23:17.578625145Z [2026-09-26 00:23:17,577] INFO [LogLoader partition=__consumer_offsets-11, dir=/tmp/kafka-logs] Loading producer state till offset 0 (org.apache.kafka.storage.internals.log.UnifiedLog)
kafka2  | 2026-09-26T00:23:17.615114663Z [2026-09-26 00:23:17,611] INFO [LogLoader partition=__consumer_offsets-9, dir=/tmp/kafka-logs] Loading producer state till offset 0 (org.apache.kafka.storage.internals.log.UnifiedLog)
kafka1  | 2026-09-26T00:23:17.603039903Z [2026-09-26 00:23:17,594] INFO Created log for partition __consumer_offsets-11 in /tmp/kafka-logs/__consumer_offsets-11 with properties {cleanup.policy=compact, compression.type="producer", segment.bytes=104857600} (kafka.log.LogManager)
kafka2  | 2026-09-26T00:23:17.618136290Z [2026-09-26 00:23:17,617] INFO Created log for partition __consumer_offsets-9 in /tmp/kafka-logs/__consumer_offsets-9 with properties {cleanup.policy=compact, compression.type="producer", segment.bytes=104857600} (kafka.log.LogManager)
kafka1  | 2026-09-26T00:23:17.605892847Z [2026-09-26 00:23:17,604] INFO [Partition __consumer_offsets-11 broker=1] No checkpointed highwatermark is found for partition __consumer_offsets-11 (kafka.cluster.Partition)
kafka2  | 2026-09-26T00:23:17.621124833Z [2026-09-26 00:23:17,619] INFO [Partition __consumer_offsets-9 broker=2] No checkpointed highwatermark is found for partition __consumer_offsets-9 (kafka.cluster.Partition)
kafka1  | 2026-09-26T00:23:17.608435467Z [2026-09-26 00:23:17,606] INFO [Partition __consumer_offsets-11 broker=1] Log loaded for partition __consumer_offsets-11 with initial high watermark 0 (kafka.cluster.Partition)
kafka2  | 2026-09-26T00:23:17.622538540Z [2026-09-26 00:23:17,621] INFO [Partition __consumer_offsets-9 broker=2] Log loaded for partition __consumer_offsets-9 with initial high watermark 0 (kafka.cluster.Partition)
kafka3  | 2026-09-26T00:23:17.620537417Z [2026-09-26 00:23:17,619] INFO [Partition __consumer_offsets-15 broker=3] Log loaded for partition __consumer_offsets-15 with initial high watermark 0 (kafka.cluster.Partition)
kafka3  | 2026-09-26T00:23:17.678927589Z [2026-09-26 00:23:17,677] INFO [LogLoader partition=__consumer_offsets-46, dir=/tmp/kafka-logs] Loading producer state till offset 0 (org.apache.kafka.storage.internals.log.UnifiedLog)
kafka3  | 2026-09-26T00:23:17.689390169Z [2026-09-26 00:23:17,687] INFO Created log for partition __consumer_offsets-46 in /tmp/kafka-logs/__consumer_offsets-46 with properties {cleanup.policy=compact, compression.type="producer", segment.bytes=104857600} (kafka.log.LogManager)
kafka2  | 2026-09-26T00:23:17.657548140Z [2026-09-26 00:23:17,656] INFO [LogLoader partition=__consumer_offsets-21, dir=/tmp/kafka-logs] Loading producer state till offset 0 (org.apache.kafka.storage.internals.log.UnifiedLog)
kafka1  | 2026-09-26T00:23:17.651274570Z [2026-09-26 00:23:17,649] INFO [LogLoader partition=__consumer_offsets-9, dir=/tmp/kafka-logs] Loading producer state till offset 0 (org.apache.kafka.storage.internals.log.UnifiedLog)
kafka1  | 2026-09-26T00:23:17.661727625Z [2026-09-26 00:23:17,660] INFO Created log for partition __consumer_offsets-9 in /tmp/kafka-logs/__consumer_offsets-9 with properties {cleanup.policy=compact, compression.type="producer", segment.bytes=104857600} (kafka.log.LogManager)
kafka1  | 2026-09-26T00:23:17.665853052Z [2026-09-26 00:23:17,665] INFO [Partition __consumer_offsets-9 broker=1] No checkpointed highwatermark is found for partition __consumer_offsets-9 (kafka.cluster.Partition)
kafka1  | 2026-09-26T00:23:17.669670107Z [2026-09-26 00:23:17,666] INFO [Partition __consumer_offsets-9 broker=1] Log loaded for partition __consumer_offsets-9 with initial high watermark 0 (kafka.cluster.Partition)
kafka1  | 2026-09-26T00:23:17.711692429Z [2026-09-26 00:23:17,709] INFO [LogLoader partition=__consumer_offsets-42, dir=/tmp/kafka-logs] Loading producer state till offset 0 (org.apache.kafka.storage.internals.log.UnifiedLog)
kafka3  | 2026-09-26T00:23:17.694877758Z [2026-09-26 00:23:17,692] INFO [Partition __consumer_offsets-46 broker=3] No checkpointed highwatermark is found for partition __consumer_offsets-46 (kafka.cluster.Partition)
kafka3  | 2026-09-26T00:23:17.694972903Z [2026-09-26 00:23:17,693] INFO [Partition __consumer_offsets-46 broker=3] Log loaded for partition __consumer_offsets-46 with initial high watermark 0 (kafka.cluster.Partition)
kafka3  | 2026-09-26T00:23:17.742168465Z [2026-09-26 00:23:17,740] INFO [LogLoader partition=__consumer_offsets-11, dir=/tmp/kafka-logs] Loading producer state till offset 0 (org.apache.kafka.storage.internals.log.UnifiedLog)
kafka1  | 2026-09-26T00:23:17.723057940Z [2026-09-26 00:23:17,722] INFO Created log for partition __consumer_offsets-42 in /tmp/kafka-logs/__consumer_offsets-42 with properties {cleanup.policy=compact, compression.type="producer", segment.bytes=104857600} (kafka.log.LogManager)
kafka3  | 2026-09-26T00:23:17.757767562Z [2026-09-26 00:23:17,756] INFO Created log for partition __consumer_offsets-11 in /tmp/kafka-logs/__consumer_offsets-11 with properties {cleanup.policy=compact, compression.type="producer", segment.bytes=104857600} (kafka.log.LogManager)
kafka3  | 2026-09-26T00:23:17.758689080Z [2026-09-26 00:23:17,758] INFO [Partition __consumer_offsets-11 broker=3] No checkpointed highwatermark is found for partition __consumer_offsets-11 (kafka.cluster.Partition)
kafka2  | 2026-09-26T00:23:17.669148348Z [2026-09-26 00:23:17,668] INFO Created log for partition __consumer_offsets-21 in /tmp/kafka-logs/__consumer_offsets-21 with properties {cleanup.policy=compact, compression.type="producer", segment.bytes=104857600} (kafka.log.LogManager)
kafka2  | 2026-09-26T00:23:17.670240145Z [2026-09-26 00:23:17,669] INFO [Partition __consumer_offsets-21 broker=2] No checkpointed highwatermark is found for partition __consumer_offsets-21 (kafka.cluster.Partition)
kafka2  | 2026-09-26T00:23:17.673027382Z [2026-09-26 00:23:17,671] INFO [Partition __consumer_offsets-21 broker=2] Log loaded for partition __consumer_offsets-21 with initial high watermark 0 (kafka.cluster.Partition)
kafka3  | 2026-09-26T00:23:17.759986568Z [2026-09-26 00:23:17,759] INFO [Partition __consumer_offsets-11 broker=3] Log loaded for partition __consumer_offsets-11 with initial high watermark 0 (kafka.cluster.Partition)
kafka3  | 2026-09-26T00:23:17.802837984Z [2026-09-26 00:23:17,798] INFO [LogLoader partition=__consumer_offsets-44, dir=/tmp/kafka-logs] Loading producer state till offset 0 (org.apache.kafka.storage.internals.log.UnifiedLog)
kafka1  | 2026-09-26T00:23:17.725235229Z [2026-09-26 00:23:17,724] INFO [Partition __consumer_offsets-42 broker=1] No checkpointed highwatermark is found for partition __consumer_offsets-42 (kafka.cluster.Partition)
kafka1  | 2026-09-26T00:23:17.726887473Z [2026-09-26 00:23:17,725] INFO [Partition __consumer_offsets-42 broker=1] Log loaded for partition __consumer_offsets-42 with initial high watermark 0 (kafka.cluster.Partition)
kafka1  | 2026-09-26T00:23:17.774734491Z [2026-09-26 00:23:17,773] INFO [LogLoader partition=__consumer_offsets-23, dir=/tmp/kafka-logs] Loading producer state till offset 0 (org.apache.kafka.storage.internals.log.UnifiedLog)
kafka1  | 2026-09-26T00:23:17.785444089Z [2026-09-26 00:23:17,781] INFO Created log for partition __consumer_offsets-23 in /tmp/kafka-logs/__consumer_offsets-23 with properties {cleanup.policy=compact, compression.type="producer", segment.bytes=104857600} (kafka.log.LogManager)
kafka1  | 2026-09-26T00:23:17.785605470Z [2026-09-26 00:23:17,784] INFO [Partition __consumer_offsets-23 broker=1] No checkpointed highwatermark is found for partition __consumer_offsets-23 (kafka.cluster.Partition)
kafka2  | 2026-09-26T00:23:17.714964906Z [2026-09-26 00:23:17,714] INFO [LogLoader partition=__consumer_offsets-19, dir=/tmp/kafka-logs] Loading producer state till offset 0 (org.apache.kafka.storage.internals.log.UnifiedLog)
kafka2  | 2026-09-26T00:23:17.719585727Z [2026-09-26 00:23:17,718] INFO Created log for partition __consumer_offsets-19 in /tmp/kafka-logs/__consumer_offsets-19 with properties {cleanup.policy=compact, compression.type="producer", segment.bytes=104857600} (kafka.log.LogManager)
kafka2  | 2026-09-26T00:23:17.723251647Z [2026-09-26 00:23:17,722] INFO [Partition __consumer_offsets-19 broker=2] No checkpointed highwatermark is found for partition __consumer_offsets-19 (kafka.cluster.Partition)
kafka3  | 2026-09-26T00:23:17.809650090Z [2026-09-26 00:23:17,805] INFO Created log for partition __consumer_offsets-44 in /tmp/kafka-logs/__consumer_offsets-44 with properties {cleanup.policy=compact, compression.type="producer", segment.bytes=104857600} (kafka.log.LogManager)
kafka2  | 2026-09-26T00:23:17.725142679Z [2026-09-26 00:23:17,723] INFO [Partition __consumer_offsets-19 broker=2] Log loaded for partition __consumer_offsets-19 with initial high watermark 0 (kafka.cluster.Partition)
kafka3  | 2026-09-26T00:23:17.810545845Z [2026-09-26 00:23:17,808] INFO [Partition __consumer_offsets-44 broker=3] No checkpointed highwatermark is found for partition __consumer_offsets-44 (kafka.cluster.Partition)
kafka3  | 2026-09-26T00:23:17.810649608Z [2026-09-26 00:23:17,809] INFO [Partition __consumer_offsets-44 broker=3] Log loaded for partition __consumer_offsets-44 with initial high watermark 0 (kafka.cluster.Partition)
kafka1  | 2026-09-26T00:23:17.791674156Z [2026-09-26 00:23:17,786] INFO [Partition __consumer_offsets-23 broker=1] Log loaded for partition __consumer_offsets-23 with initial high watermark 0 (kafka.cluster.Partition)
kafka1  | 2026-09-26T00:23:17.834604694Z [2026-09-26 00:23:17,833] INFO [LogLoader partition=__consumer_offsets-19, dir=/tmp/kafka-logs] Loading producer state till offset 0 (org.apache.kafka.storage.internals.log.UnifiedLog)
kafka2  | 2026-09-26T00:23:17.770578284Z [2026-09-26 00:23:17,769] INFO [LogLoader partition=__consumer_offsets-32, dir=/tmp/kafka-logs] Loading producer state till offset 0 (org.apache.kafka.storage.internals.log.UnifiedLog)
kafka2  | 2026-09-26T00:23:17.779001280Z [2026-09-26 00:23:17,778] INFO Created log for partition __consumer_offsets-32 in /tmp/kafka-logs/__consumer_offsets-32 with properties {cleanup.policy=compact, compression.type="producer", segment.bytes=104857600} (kafka.log.LogManager)
kafka3  | 2026-09-26T00:23:17.856936673Z [2026-09-26 00:23:17,856] INFO [LogLoader partition=__consumer_offsets-42, dir=/tmp/kafka-logs] Loading producer state till offset 0 (org.apache.kafka.storage.internals.log.UnifiedLog)
kafka3  | 2026-09-26T00:23:17.873449895Z [2026-09-26 00:23:17,872] INFO Created log for partition __consumer_offsets-42 in /tmp/kafka-logs/__consumer_offsets-42 with properties {cleanup.policy=compact, compression.type="producer", segment.bytes=104857600} (kafka.log.LogManager)
kafka3  | 2026-09-26T00:23:17.874529229Z [2026-09-26 00:23:17,873] INFO [Partition __consumer_offsets-42 broker=3] No checkpointed highwatermark is found for partition __consumer_offsets-42 (kafka.cluster.Partition)
kafka3  | 2026-09-26T00:23:17.875767496Z [2026-09-26 00:23:17,875] INFO [Partition __consumer_offsets-42 broker=3] Log loaded for partition __consumer_offsets-42 with initial high watermark 0 (kafka.cluster.Partition)
kafka3  | 2026-09-26T00:23:17.916620648Z [2026-09-26 00:23:17,914] INFO [LogLoader partition=__consumer_offsets-23, dir=/tmp/kafka-logs] Loading producer state till offset 0 (org.apache.kafka.storage.internals.log.UnifiedLog)
kafka1  | 2026-09-26T00:23:17.841040428Z [2026-09-26 00:23:17,839] INFO Created log for partition __consumer_offsets-19 in /tmp/kafka-logs/__consumer_offsets-19 with properties {cleanup.policy=compact, compression.type="producer", segment.bytes=104857600} (kafka.log.LogManager)
kafka2  | 2026-09-26T00:23:17.781141438Z [2026-09-26 00:23:17,780] INFO [Partition __consumer_offsets-32 broker=2] No checkpointed highwatermark is found for partition __consumer_offsets-32 (kafka.cluster.Partition)
kafka2  | 2026-09-26T00:23:17.785657266Z [2026-09-26 00:23:17,784] INFO [Partition __consumer_offsets-32 broker=2] Log loaded for partition __consumer_offsets-32 with initial high watermark 0 (kafka.cluster.Partition)
kafka1  | 2026-09-26T00:23:17.842963097Z [2026-09-26 00:23:17,842] INFO [Partition __consumer_offsets-19 broker=1] No checkpointed highwatermark is found for partition __consumer_offsets-19 (kafka.cluster.Partition)
kafka3  | 2026-09-26T00:23:17.932822704Z [2026-09-26 00:23:17,931] INFO Created log for partition __consumer_offsets-23 in /tmp/kafka-logs/__consumer_offsets-23 with properties {cleanup.policy=compact, compression.type="producer", segment.bytes=104857600} (kafka.log.LogManager)
kafka1  | 2026-09-26T00:23:17.844515397Z [2026-09-26 00:23:17,843] INFO [Partition __consumer_offsets-19 broker=1] Log loaded for partition __consumer_offsets-19 with initial high watermark 0 (kafka.cluster.Partition)
kafka3  | 2026-09-26T00:23:17.939954501Z [2026-09-26 00:23:17,939] INFO [Partition __consumer_offsets-23 broker=3] No checkpointed highwatermark is found for partition __consumer_offsets-23 (kafka.cluster.Partition)
kafka1  | 2026-09-26T00:23:17.879841645Z [2026-09-26 00:23:17,879] INFO [LogLoader partition=__consumer_offsets-17, dir=/tmp/kafka-logs] Loading producer state till offset 0 (org.apache.kafka.storage.internals.log.UnifiedLog)
kafka1  | 2026-09-26T00:23:17.895454739Z [2026-09-26 00:23:17,892] INFO Created log for partition __consumer_offsets-17 in /tmp/kafka-logs/__consumer_offsets-17 with properties {cleanup.policy=compact, compression.type="producer", segment.bytes=104857600} (kafka.log.LogManager)
kafka1  | 2026-09-26T00:23:17.895623144Z [2026-09-26 00:23:17,894] INFO [Partition __consumer_offsets-17 broker=1] No checkpointed highwatermark is found for partition __consumer_offsets-17 (kafka.cluster.Partition)
kafka3  | 2026-09-26T00:23:17.942543064Z [2026-09-26 00:23:17,941] INFO [Partition __consumer_offsets-23 broker=3] Log loaded for partition __consumer_offsets-23 with initial high watermark 0 (kafka.cluster.Partition)
kafka3  | 2026-09-26T00:23:17.986707383Z [2026-09-26 00:23:17,985] INFO [LogLoader partition=__consumer_offsets-21, dir=/tmp/kafka-logs] Loading producer state till offset 0 (org.apache.kafka.storage.internals.log.UnifiedLog)
kafka3  | 2026-09-26T00:23:18.013914291Z [2026-09-26 00:23:18,008] INFO Created log for partition __consumer_offsets-21 in /tmp/kafka-logs/__consumer_offsets-21 with properties {cleanup.policy=compact, compression.type="producer", segment.bytes=104857600} (kafka.log.LogManager)
kafka3  | 2026-09-26T00:23:18.027955825Z [2026-09-26 00:23:18,024] INFO [Partition __consumer_offsets-21 broker=3] No checkpointed highwatermark is found for partition __consumer_offsets-21 (kafka.cluster.Partition)
kafka2  | 2026-09-26T00:23:17.824374393Z [2026-09-26 00:23:17,823] INFO [LogLoader partition=__consumer_offsets-30, dir=/tmp/kafka-logs] Loading producer state till offset 0 (org.apache.kafka.storage.internals.log.UnifiedLog)
kafka2  | 2026-09-26T00:23:17.838979086Z [2026-09-26 00:23:17,836] INFO Created log for partition __consumer_offsets-30 in /tmp/kafka-logs/__consumer_offsets-30 with properties {cleanup.policy=compact, compression.type="producer", segment.bytes=104857600} (kafka.log.LogManager)
kafka2  | 2026-09-26T00:23:17.840375123Z [2026-09-26 00:23:17,839] INFO [Partition __consumer_offsets-30 broker=2] No checkpointed highwatermark is found for partition __consumer_offsets-30 (kafka.cluster.Partition)
kafka3  | 2026-09-26T00:23:18.036519311Z [2026-09-26 00:23:18,026] INFO [Partition __consumer_offsets-21 broker=3] Log loaded for partition __consumer_offsets-21 with initial high watermark 0 (kafka.cluster.Partition)
kafka1  | 2026-09-26T00:23:17.902766425Z [2026-09-26 00:23:17,897] INFO [Partition __consumer_offsets-17 broker=1] Log loaded for partition __consumer_offsets-17 with initial high watermark 0 (kafka.cluster.Partition)
kafka1  | 2026-09-26T00:23:17.943990137Z [2026-09-26 00:23:17,942] INFO [LogLoader partition=__consumer_offsets-32, dir=/tmp/kafka-logs] Loading producer state till offset 0 (org.apache.kafka.storage.internals.log.UnifiedLog)
kafka1  | 2026-09-26T00:23:17.952039134Z [2026-09-26 00:23:17,949] INFO Created log for partition __consumer_offsets-32 in /tmp/kafka-logs/__consumer_offsets-32 with properties {cleanup.policy=compact, compression.type="producer", segment.bytes=104857600} (kafka.log.LogManager)
kafka2  | 2026-09-26T00:23:17.842602949Z [2026-09-26 00:23:17,841] INFO [Partition __consumer_offsets-30 broker=2] Log loaded for partition __consumer_offsets-30 with initial high watermark 0 (kafka.cluster.Partition)
kafka1  | 2026-09-26T00:23:17.954568807Z [2026-09-26 00:23:17,953] INFO [Partition __consumer_offsets-32 broker=1] No checkpointed highwatermark is found for partition __consumer_offsets-32 (kafka.cluster.Partition)
kafka1  | 2026-09-26T00:23:17.956280829Z [2026-09-26 00:23:17,955] INFO [Partition __consumer_offsets-32 broker=1] Log loaded for partition __consumer_offsets-32 with initial high watermark 0 (kafka.cluster.Partition)
kafka1  | 2026-09-26T00:23:17.990692099Z [2026-09-26 00:23:17,988] INFO [LogLoader partition=__consumer_offsets-28, dir=/tmp/kafka-logs] Loading producer state till offset 0 (org.apache.kafka.storage.internals.log.UnifiedLog)
kafka3  | 2026-09-26T00:23:18.065592520Z [2026-09-26 00:23:18,063] INFO [LogLoader partition=__consumer_offsets-17, dir=/tmp/kafka-logs] Loading producer state till offset 0 (org.apache.kafka.storage.internals.log.UnifiedLog)
kafka3  | 2026-09-26T00:23:18.071612224Z [2026-09-26 00:23:18,070] INFO Created log for partition __consumer_offsets-17 in /tmp/kafka-logs/__consumer_offsets-17 with properties {cleanup.policy=compact, compression.type="producer", segment.bytes=104857600} (kafka.log.LogManager)
kafka1  | 2026-09-26T00:23:17.998833555Z [2026-09-26 00:23:17,997] INFO Created log for partition __consumer_offsets-28 in /tmp/kafka-logs/__consumer_offsets-28 with properties {cleanup.policy=compact, compression.type="producer", segment.bytes=104857600} (kafka.log.LogManager)
kafka1  | 2026-09-26T00:23:18.003078094Z [2026-09-26 00:23:18,000] INFO [Partition __consumer_offsets-28 broker=1] No checkpointed highwatermark is found for partition __consumer_offsets-28 (kafka.cluster.Partition)
kafka1  | 2026-09-26T00:23:18.003281507Z [2026-09-26 00:23:18,002] INFO [Partition __consumer_offsets-28 broker=1] Log loaded for partition __consumer_offsets-28 with initial high watermark 0 (kafka.cluster.Partition)
kafka3  | 2026-09-26T00:23:18.079723171Z [2026-09-26 00:23:18,078] INFO [Partition __consumer_offsets-17 broker=3] No checkpointed highwatermark is found for partition __consumer_offsets-17 (kafka.cluster.Partition)
kafka1  | 2026-09-26T00:23:18.066169693Z [2026-09-26 00:23:18,064] INFO [LogLoader partition=__consumer_offsets-26, dir=/tmp/kafka-logs] Loading producer state till offset 0 (org.apache.kafka.storage.internals.log.UnifiedLog)
kafka1  | 2026-09-26T00:23:18.073733691Z [2026-09-26 00:23:18,072] INFO Created log for partition __consumer_offsets-26 in /tmp/kafka-logs/__consumer_offsets-26 with properties {cleanup.policy=compact, compression.type="producer", segment.bytes=104857600} (kafka.log.LogManager)
kafka1  | 2026-09-26T00:23:18.080844869Z [2026-09-26 00:23:18,075] INFO [Partition __consumer_offsets-26 broker=1] No checkpointed highwatermark is found for partition __consumer_offsets-26 (kafka.cluster.Partition)
kafka1  | 2026-09-26T00:23:18.080947029Z [2026-09-26 00:23:18,076] INFO [Partition __consumer_offsets-26 broker=1] Log loaded for partition __consumer_offsets-26 with initial high watermark 0 (kafka.cluster.Partition)
kafka1  | 2026-09-26T00:23:18.122919815Z [2026-09-26 00:23:18,121] INFO [LogLoader partition=__consumer_offsets-7, dir=/tmp/kafka-logs] Loading producer state till offset 0 (org.apache.kafka.storage.internals.log.UnifiedLog)
kafka1  | 2026-09-26T00:23:18.135929958Z [2026-09-26 00:23:18,131] INFO Created log for partition __consumer_offsets-7 in /tmp/kafka-logs/__consumer_offsets-7 with properties {cleanup.policy=compact, compression.type="producer", segment.bytes=104857600} (kafka.log.LogManager)
kafka1  | 2026-09-26T00:23:18.136866317Z [2026-09-26 00:23:18,133] INFO [Partition __consumer_offsets-7 broker=1] No checkpointed highwatermark is found for partition __consumer_offsets-7 (kafka.cluster.Partition)
kafka2  | 2026-09-26T00:23:17.892830512Z [2026-09-26 00:23:17,891] INFO [LogLoader partition=__consumer_offsets-26, dir=/tmp/kafka-logs] Loading producer state till offset 0 (org.apache.kafka.storage.internals.log.UnifiedLog)
kafka2  | 2026-09-26T00:23:17.898164322Z [2026-09-26 00:23:17,897] INFO Created log for partition __consumer_offsets-26 in /tmp/kafka-logs/__consumer_offsets-26 with properties {cleanup.policy=compact, compression.type="producer", segment.bytes=104857600} (kafka.log.LogManager)
kafka2  | 2026-09-26T00:23:17.901446529Z [2026-09-26 00:23:17,900] INFO [Partition __consumer_offsets-26 broker=2] No checkpointed highwatermark is found for partition __consumer_offsets-26 (kafka.cluster.Partition)
kafka3  | 2026-09-26T00:23:18.082701744Z [2026-09-26 00:23:18,080] INFO [Partition __consumer_offsets-17 broker=3] Log loaded for partition __consumer_offsets-17 with initial high watermark 0 (kafka.cluster.Partition)
kafka2  | 2026-09-26T00:23:17.904251728Z [2026-09-26 00:23:17,903] INFO [Partition __consumer_offsets-26 broker=2] Log loaded for partition __consumer_offsets-26 with initial high watermark 0 (kafka.cluster.Partition)
kafka3  | 2026-09-26T00:23:18.151812957Z [2026-09-26 00:23:18,150] INFO [LogLoader partition=__consumer_offsets-30, dir=/tmp/kafka-logs] Loading producer state till offset 0 (org.apache.kafka.storage.internals.log.UnifiedLog)
kafka2  | 2026-09-26T00:23:17.954626818Z [2026-09-26 00:23:17,953] INFO [LogLoader partition=__consumer_offsets-40, dir=/tmp/kafka-logs] Loading producer state till offset 0 (org.apache.kafka.storage.internals.log.UnifiedLog)
kafka1  | 2026-09-26T00:23:18.145256781Z [2026-09-26 00:23:18,140] INFO [Partition __consumer_offsets-7 broker=1] Log loaded for partition __consumer_offsets-7 with initial high watermark 0 (kafka.cluster.Partition)
kafka2  | 2026-09-26T00:23:17.963251447Z [2026-09-26 00:23:17,958] INFO Created log for partition __consumer_offsets-40 in /tmp/kafka-logs/__consumer_offsets-40 with properties {cleanup.policy=compact, compression.type="producer", segment.bytes=104857600} (kafka.log.LogManager)
kafka3  | 2026-09-26T00:23:18.157758821Z [2026-09-26 00:23:18,156] INFO Created log for partition __consumer_offsets-30 in /tmp/kafka-logs/__consumer_offsets-30 with properties {cleanup.policy=compact, compression.type="producer", segment.bytes=104857600} (kafka.log.LogManager)
kafka1  | 2026-09-26T00:23:18.187721753Z [2026-09-26 00:23:18,186] INFO [LogLoader partition=__consumer_offsets-40, dir=/tmp/kafka-logs] Loading producer state till offset 0 (org.apache.kafka.storage.internals.log.UnifiedLog)
kafka2  | 2026-09-26T00:23:17.963473903Z [2026-09-26 00:23:17,960] INFO [Partition __consumer_offsets-40 broker=2] No checkpointed highwatermark is found for partition __consumer_offsets-40 (kafka.cluster.Partition)
kafka1  | 2026-09-26T00:23:18.195021076Z [2026-09-26 00:23:18,194] INFO Created log for partition __consumer_offsets-40 in /tmp/kafka-logs/__consumer_offsets-40 with properties {cleanup.policy=compact, compression.type="producer", segment.bytes=104857600} (kafka.log.LogManager)
kafka2  | 2026-09-26T00:23:17.963482260Z [2026-09-26 00:23:17,960] INFO [Partition __consumer_offsets-40 broker=2] Log loaded for partition __consumer_offsets-40 with initial high watermark 0 (kafka.cluster.Partition)
kafka2  | 2026-09-26T00:23:17.990827634Z [2026-09-26 00:23:17,989] INFO [LogLoader partition=__consumer_offsets-38, dir=/tmp/kafka-logs] Loading producer state till offset 0 (org.apache.kafka.storage.internals.log.UnifiedLog)
kafka1  | 2026-09-26T00:23:18.199781910Z [2026-09-26 00:23:18,195] INFO [Partition __consumer_offsets-40 broker=1] No checkpointed highwatermark is found for partition __consumer_offsets-40 (kafka.cluster.Partition)
kafka1  | 2026-09-26T00:23:18.199799757Z [2026-09-26 00:23:18,197] INFO [Partition __consumer_offsets-40 broker=1] Log loaded for partition __consumer_offsets-40 with initial high watermark 0 (kafka.cluster.Partition)
kafka1  | 2026-09-26T00:23:18.245766018Z [2026-09-26 00:23:18,235] INFO [LogLoader partition=__consumer_offsets-5, dir=/tmp/kafka-logs] Loading producer state till offset 0 (org.apache.kafka.storage.internals.log.UnifiedLog)
kafka1  | 2026-09-26T00:23:18.251415179Z [2026-09-26 00:23:18,248] INFO Created log for partition __consumer_offsets-5 in /tmp/kafka-logs/__consumer_offsets-5 with properties {cleanup.policy=compact, compression.type="producer", segment.bytes=104857600} (kafka.log.LogManager)
kafka1  | 2026-09-26T00:23:18.253477063Z [2026-09-26 00:23:18,250] INFO [Partition __consumer_offsets-5 broker=1] No checkpointed highwatermark is found for partition __consumer_offsets-5 (kafka.cluster.Partition)
kafka1  | 2026-09-26T00:23:18.254752308Z [2026-09-26 00:23:18,254] INFO [Partition __consumer_offsets-5 broker=1] Log loaded for partition __consumer_offsets-5 with initial high watermark 0 (kafka.cluster.Partition)
kafka1  | 2026-09-26T00:23:18.284729287Z [2026-09-26 00:23:18,283] INFO [LogLoader partition=__consumer_offsets-3, dir=/tmp/kafka-logs] Loading producer state till offset 0 (org.apache.kafka.storage.internals.log.UnifiedLog)
kafka3  | 2026-09-26T00:23:18.160725917Z [2026-09-26 00:23:18,160] INFO [Partition __consumer_offsets-30 broker=3] No checkpointed highwatermark is found for partition __consumer_offsets-30 (kafka.cluster.Partition)
kafka3  | 2026-09-26T00:23:18.165825066Z [2026-09-26 00:23:18,165] INFO [Partition __consumer_offsets-30 broker=3] Log loaded for partition __consumer_offsets-30 with initial high watermark 0 (kafka.cluster.Partition)
kafka3  | 2026-09-26T00:23:18.207430481Z [2026-09-26 00:23:18,206] INFO [LogLoader partition=__consumer_offsets-28, dir=/tmp/kafka-logs] Loading producer state till offset 0 (org.apache.kafka.storage.internals.log.UnifiedLog)
kafka3  | 2026-09-26T00:23:18.210972478Z [2026-09-26 00:23:18,209] INFO Created log for partition __consumer_offsets-28 in /tmp/kafka-logs/__consumer_offsets-28 with properties {cleanup.policy=compact, compression.type="producer", segment.bytes=104857600} (kafka.log.LogManager)
kafka3  | 2026-09-26T00:23:18.214666684Z [2026-09-26 00:23:18,213] INFO [Partition __consumer_offsets-28 broker=3] No checkpointed highwatermark is found for partition __consumer_offsets-28 (kafka.cluster.Partition)
kafka3  | 2026-09-26T00:23:18.214837684Z [2026-09-26 00:23:18,214] INFO [Partition __consumer_offsets-28 broker=3] Log loaded for partition __consumer_offsets-28 with initial high watermark 0 (kafka.cluster.Partition)
kafka1  | 2026-09-26T00:23:18.287005297Z [2026-09-26 00:23:18,286] INFO Created log for partition __consumer_offsets-3 in /tmp/kafka-logs/__consumer_offsets-3 with properties {cleanup.policy=compact, compression.type="producer", segment.bytes=104857600} (kafka.log.LogManager)
kafka1  | 2026-09-26T00:23:18.288490945Z [2026-09-26 00:23:18,287] INFO [Partition __consumer_offsets-3 broker=1] No checkpointed highwatermark is found for partition __consumer_offsets-3 (kafka.cluster.Partition)
kafka1  | 2026-09-26T00:23:18.290461502Z [2026-09-26 00:23:18,288] INFO [Partition __consumer_offsets-3 broker=1] Log loaded for partition __consumer_offsets-3 with initial high watermark 0 (kafka.cluster.Partition)
kafka2  | 2026-09-26T00:23:17.995776470Z [2026-09-26 00:23:17,994] INFO Created log for partition __consumer_offsets-38 in /tmp/kafka-logs/__consumer_offsets-38 with properties {cleanup.policy=compact, compression.type="producer", segment.bytes=104857600} (kafka.log.LogManager)
kafka2  | 2026-09-26T00:23:18.001958627Z [2026-09-26 00:23:17,999] INFO [Partition __consumer_offsets-38 broker=2] No checkpointed highwatermark is found for partition __consumer_offsets-38 (kafka.cluster.Partition)
kafka2  | 2026-09-26T00:23:18.003043971Z [2026-09-26 00:23:18,000] INFO [Partition __consumer_offsets-38 broker=2] Log loaded for partition __consumer_offsets-38 with initial high watermark 0 (kafka.cluster.Partition)
kafka2  | 2026-09-26T00:23:18.049044601Z [2026-09-26 00:23:18,047] INFO [LogLoader partition=__consumer_offsets-3, dir=/tmp/kafka-logs] Loading producer state till offset 0 (org.apache.kafka.storage.internals.log.UnifiedLog)
kafka3  | 2026-09-26T00:23:18.268542693Z [2026-09-26 00:23:18,267] INFO [LogLoader partition=__consumer_offsets-7, dir=/tmp/kafka-logs] Loading producer state till offset 0 (org.apache.kafka.storage.internals.log.UnifiedLog)
kafka2  | 2026-09-26T00:23:18.056498369Z [2026-09-26 00:23:18,055] INFO Created log for partition __consumer_offsets-3 in /tmp/kafka-logs/__consumer_offsets-3 with properties {cleanup.policy=compact, compression.type="producer", segment.bytes=104857600} (kafka.log.LogManager)
kafka1  | 2026-09-26T00:23:18.311204328Z [2026-09-26 00:23:18,310] INFO [LogLoader partition=__consumer_offsets-36, dir=/tmp/kafka-logs] Loading producer state till offset 0 (org.apache.kafka.storage.internals.log.UnifiedLog)
kafka2  | 2026-09-26T00:23:18.057339222Z [2026-09-26 00:23:18,056] INFO [Partition __consumer_offsets-3 broker=2] No checkpointed highwatermark is found for partition __consumer_offsets-3 (kafka.cluster.Partition)
kafka2  | 2026-09-26T00:23:18.057980004Z [2026-09-26 00:23:18,057] INFO [Partition __consumer_offsets-3 broker=2] Log loaded for partition __consumer_offsets-3 with initial high watermark 0 (kafka.cluster.Partition)
kafka2  | 2026-09-26T00:23:18.106121410Z [2026-09-26 00:23:18,104] INFO [LogLoader partition=__consumer_offsets-1, dir=/tmp/kafka-logs] Loading producer state till offset 0 (org.apache.kafka.storage.internals.log.UnifiedLog)
kafka2  | 2026-09-26T00:23:18.112992111Z [2026-09-26 00:23:18,112] INFO Created log for partition __consumer_offsets-1 in /tmp/kafka-logs/__consumer_offsets-1 with properties {cleanup.policy=compact, compression.type="producer", segment.bytes=104857600} (kafka.log.LogManager)
kafka2  | 2026-09-26T00:23:18.114822792Z [2026-09-26 00:23:18,113] INFO [Partition __consumer_offsets-1 broker=2] No checkpointed highwatermark is found for partition __consumer_offsets-1 (kafka.cluster.Partition)
kafka3  | 2026-09-26T00:23:18.275675481Z [2026-09-26 00:23:18,274] INFO Created log for partition __consumer_offsets-7 in /tmp/kafka-logs/__consumer_offsets-7 with properties {cleanup.policy=compact, compression.type="producer", segment.bytes=104857600} (kafka.log.LogManager)
kafka2  | 2026-09-26T00:23:18.115644793Z [2026-09-26 00:23:18,114] INFO [Partition __consumer_offsets-1 broker=2] Log loaded for partition __consumer_offsets-1 with initial high watermark 0 (kafka.cluster.Partition)
kafka2  | 2026-09-26T00:23:18.171347036Z [2026-09-26 00:23:18,170] INFO [LogLoader partition=__consumer_offsets-34, dir=/tmp/kafka-logs] Loading producer state till offset 0 (org.apache.kafka.storage.internals.log.UnifiedLog)
kafka1  | 2026-09-26T00:23:18.321327229Z [2026-09-26 00:23:18,320] INFO Created log for partition __consumer_offsets-36 in /tmp/kafka-logs/__consumer_offsets-36 with properties {cleanup.policy=compact, compression.type="producer", segment.bytes=104857600} (kafka.log.LogManager)
kafka1  | 2026-09-26T00:23:18.322916064Z [2026-09-26 00:23:18,322] INFO [Partition __consumer_offsets-36 broker=1] No checkpointed highwatermark is found for partition __consumer_offsets-36 (kafka.cluster.Partition)
kafka1  | 2026-09-26T00:23:18.325131132Z [2026-09-26 00:23:18,324] INFO [Partition __consumer_offsets-36 broker=1] Log loaded for partition __consumer_offsets-36 with initial high watermark 0 (kafka.cluster.Partition)
kafka1  | 2026-09-26T00:23:18.358023315Z [2026-09-26 00:23:18,357] INFO [LogLoader partition=__consumer_offsets-1, dir=/tmp/kafka-logs] Loading producer state till offset 0 (org.apache.kafka.storage.internals.log.UnifiedLog)
kafka1  | 2026-09-26T00:23:18.366874809Z [2026-09-26 00:23:18,365] INFO Created log for partition __consumer_offsets-1 in /tmp/kafka-logs/__consumer_offsets-1 with properties {cleanup.policy=compact, compression.type="producer", segment.bytes=104857600} (kafka.log.LogManager)
kafka2  | 2026-09-26T00:23:18.182471156Z [2026-09-26 00:23:18,180] INFO Created log for partition __consumer_offsets-34 in /tmp/kafka-logs/__consumer_offsets-34 with properties {cleanup.policy=compact, compression.type="producer", segment.bytes=104857600} (kafka.log.LogManager)
kafka2  | 2026-09-26T00:23:18.186614975Z [2026-09-26 00:23:18,183] INFO [Partition __consumer_offsets-34 broker=2] No checkpointed highwatermark is found for partition __consumer_offsets-34 (kafka.cluster.Partition)
kafka3  | 2026-09-26T00:23:18.277178212Z [2026-09-26 00:23:18,276] INFO [Partition __consumer_offsets-7 broker=3] No checkpointed highwatermark is found for partition __consumer_offsets-7 (kafka.cluster.Partition)
kafka3  | 2026-09-26T00:23:18.279204070Z [2026-09-26 00:23:18,277] INFO [Partition __consumer_offsets-7 broker=3] Log loaded for partition __consumer_offsets-7 with initial high watermark 0 (kafka.cluster.Partition)
kafka1  | 2026-09-26T00:23:18.368820931Z [2026-09-26 00:23:18,367] INFO [Partition __consumer_offsets-1 broker=1] No checkpointed highwatermark is found for partition __consumer_offsets-1 (kafka.cluster.Partition)
kafka1  | 2026-09-26T00:23:18.374910140Z [2026-09-26 00:23:18,369] INFO [Partition __consumer_offsets-1 broker=1] Log loaded for partition __consumer_offsets-1 with initial high watermark 0 (kafka.cluster.Partition)
kafka1  | 2026-09-26T00:23:18.402344695Z [2026-09-26 00:23:18,400] INFO [LogLoader partition=__consumer_offsets-47, dir=/tmp/kafka-logs] Loading producer state till offset 0 (org.apache.kafka.storage.internals.log.UnifiedLog)
kafka3  | 2026-09-26T00:23:18.308918765Z [2026-09-26 00:23:18,307] INFO [LogLoader partition=__consumer_offsets-5, dir=/tmp/kafka-logs] Loading producer state till offset 0 (org.apache.kafka.storage.internals.log.UnifiedLog)
kafka2  | 2026-09-26T00:23:18.186782478Z [2026-09-26 00:23:18,184] INFO [Partition __consumer_offsets-34 broker=2] Log loaded for partition __consumer_offsets-34 with initial high watermark 0 (kafka.cluster.Partition)
kafka3  | 2026-09-26T00:23:18.312806856Z [2026-09-26 00:23:18,311] INFO Created log for partition __consumer_offsets-5 in /tmp/kafka-logs/__consumer_offsets-5 with properties {cleanup.policy=compact, compression.type="producer", segment.bytes=104857600} (kafka.log.LogManager)
kafka3  | 2026-09-26T00:23:18.316041680Z [2026-09-26 00:23:18,313] INFO [Partition __consumer_offsets-5 broker=3] No checkpointed highwatermark is found for partition __consumer_offsets-5 (kafka.cluster.Partition)
kafka3  | 2026-09-26T00:23:18.316124721Z [2026-09-26 00:23:18,313] INFO [Partition __consumer_offsets-5 broker=3] Log loaded for partition __consumer_offsets-5 with initial high watermark 0 (kafka.cluster.Partition)
kafka2  | 2026-09-26T00:23:18.222407745Z [2026-09-26 00:23:18,221] INFO [LogLoader partition=__consumer_offsets-16, dir=/tmp/kafka-logs] Loading producer state till offset 0 (org.apache.kafka.storage.internals.log.UnifiedLog)
kafka3  | 2026-09-26T00:23:18.342961959Z [2026-09-26 00:23:18,342] INFO [LogLoader partition=__consumer_offsets-38, dir=/tmp/kafka-logs] Loading producer state till offset 0 (org.apache.kafka.storage.internals.log.UnifiedLog)
kafka1  | 2026-09-26T00:23:18.407745902Z [2026-09-26 00:23:18,406] INFO Created log for partition __consumer_offsets-47 in /tmp/kafka-logs/__consumer_offsets-47 with properties {cleanup.policy=compact, compression.type="producer", segment.bytes=104857600} (kafka.log.LogManager)
kafka2  | 2026-09-26T00:23:18.237193744Z [2026-09-26 00:23:18,236] INFO Created log for partition __consumer_offsets-16 in /tmp/kafka-logs/__consumer_offsets-16 with properties {cleanup.policy=compact, compression.type="producer", segment.bytes=104857600} (kafka.log.LogManager)
kafka1  | 2026-09-26T00:23:18.411427154Z [2026-09-26 00:23:18,410] INFO [Partition __consumer_offsets-47 broker=1] No checkpointed highwatermark is found for partition __consumer_offsets-47 (kafka.cluster.Partition)
kafka1  | 2026-09-26T00:23:18.413635979Z [2026-09-26 00:23:18,412] INFO [Partition __consumer_offsets-47 broker=1] Log loaded for partition __consumer_offsets-47 with initial high watermark 0 (kafka.cluster.Partition)
kafka2  | 2026-09-26T00:23:18.239811988Z [2026-09-26 00:23:18,238] INFO [Partition __consumer_offsets-16 broker=2] No checkpointed highwatermark is found for partition __consumer_offsets-16 (kafka.cluster.Partition)
kafka1  | 2026-09-26T00:23:18.449327677Z [2026-09-26 00:23:18,448] INFO [LogLoader partition=__consumer_offsets-16, dir=/tmp/kafka-logs] Loading producer state till offset 0 (org.apache.kafka.storage.internals.log.UnifiedLog)
kafka2  | 2026-09-26T00:23:18.245118946Z [2026-09-26 00:23:18,241] INFO [Partition __consumer_offsets-16 broker=2] Log loaded for partition __consumer_offsets-16 with initial high watermark 0 (kafka.cluster.Partition)
kafka3  | 2026-09-26T00:23:18.349533812Z [2026-09-26 00:23:18,348] INFO Created log for partition __consumer_offsets-38 in /tmp/kafka-logs/__consumer_offsets-38 with properties {cleanup.policy=compact, compression.type="producer", segment.bytes=104857600} (kafka.log.LogManager)
kafka3  | 2026-09-26T00:23:18.351643354Z [2026-09-26 00:23:18,350] INFO [Partition __consumer_offsets-38 broker=3] No checkpointed highwatermark is found for partition __consumer_offsets-38 (kafka.cluster.Partition)
kafka3  | 2026-09-26T00:23:18.352663805Z [2026-09-26 00:23:18,352] INFO [Partition __consumer_offsets-38 broker=3] Log loaded for partition __consumer_offsets-38 with initial high watermark 0 (kafka.cluster.Partition)
kafka1  | 2026-09-26T00:23:18.457736958Z [2026-09-26 00:23:18,454] INFO Created log for partition __consumer_offsets-16 in /tmp/kafka-logs/__consumer_offsets-16 with properties {cleanup.policy=compact, compression.type="producer", segment.bytes=104857600} (kafka.log.LogManager)
kafka3  | 2026-09-26T00:23:18.381864437Z [2026-09-26 00:23:18,381] INFO [LogLoader partition=__consumer_offsets-36, dir=/tmp/kafka-logs] Loading producer state till offset 0 (org.apache.kafka.storage.internals.log.UnifiedLog)
kafka2  | 2026-09-26T00:23:18.284784084Z [2026-09-26 00:23:18,282] INFO [LogLoader partition=__consumer_offsets-45, dir=/tmp/kafka-logs] Loading producer state till offset 0 (org.apache.kafka.storage.internals.log.UnifiedLog)
kafka1  | 2026-09-26T00:23:18.458873219Z [2026-09-26 00:23:18,456] INFO [Partition __consumer_offsets-16 broker=1] No checkpointed highwatermark is found for partition __consumer_offsets-16 (kafka.cluster.Partition)
kafka1  | 2026-09-26T00:23:18.458954295Z [2026-09-26 00:23:18,456] INFO [Partition __consumer_offsets-16 broker=1] Log loaded for partition __consumer_offsets-16 with initial high watermark 0 (kafka.cluster.Partition)
kafka1  | 2026-09-26T00:23:18.495714090Z [2026-09-26 00:23:18,493] INFO [LogLoader partition=__consumer_offsets-45, dir=/tmp/kafka-logs] Loading producer state till offset 0 (org.apache.kafka.storage.internals.log.UnifiedLog)
kafka1  | 2026-09-26T00:23:18.508491791Z [2026-09-26 00:23:18,506] INFO Created log for partition __consumer_offsets-45 in /tmp/kafka-logs/__consumer_offsets-45 with properties {cleanup.policy=compact, compression.type="producer", segment.bytes=104857600} (kafka.log.LogManager)
kafka2  | 2026-09-26T00:23:18.289065327Z [2026-09-26 00:23:18,288] INFO Created log for partition __consumer_offsets-45 in /tmp/kafka-logs/__consumer_offsets-45 with properties {cleanup.policy=compact, compression.type="producer", segment.bytes=104857600} (kafka.log.LogManager)
kafka2  | 2026-09-26T00:23:18.290382212Z [2026-09-26 00:23:18,289] INFO [Partition __consumer_offsets-45 broker=2] No checkpointed highwatermark is found for partition __consumer_offsets-45 (kafka.cluster.Partition)
kafka2  | 2026-09-26T00:23:18.291693138Z [2026-09-26 00:23:18,290] INFO [Partition __consumer_offsets-45 broker=2] Log loaded for partition __consumer_offsets-45 with initial high watermark 0 (kafka.cluster.Partition)
kafka2  | 2026-09-26T00:23:18.315843124Z [2026-09-26 00:23:18,312] INFO [LogLoader partition=__consumer_offsets-43, dir=/tmp/kafka-logs] Loading producer state till offset 0 (org.apache.kafka.storage.internals.log.UnifiedLog)
kafka2  | 2026-09-26T00:23:18.317970973Z [2026-09-26 00:23:18,317] INFO Created log for partition __consumer_offsets-43 in /tmp/kafka-logs/__consumer_offsets-43 with properties {cleanup.policy=compact, compression.type="producer", segment.bytes=104857600} (kafka.log.LogManager)
kafka2  | 2026-09-26T00:23:18.321478889Z [2026-09-26 00:23:18,318] INFO [Partition __consumer_offsets-43 broker=2] No checkpointed highwatermark is found for partition __consumer_offsets-43 (kafka.cluster.Partition)
kafka2  | 2026-09-26T00:23:18.321508199Z [2026-09-26 00:23:18,319] INFO [Partition __consumer_offsets-43 broker=2] Log loaded for partition __consumer_offsets-43 with initial high watermark 0 (kafka.cluster.Partition)
kafka2  | 2026-09-26T00:23:18.365674412Z [2026-09-26 00:23:18,364] INFO [LogLoader partition=__consumer_offsets-12, dir=/tmp/kafka-logs] Loading producer state till offset 0 (org.apache.kafka.storage.internals.log.UnifiedLog)
kafka2  | 2026-09-26T00:23:18.372987940Z [2026-09-26 00:23:18,370] INFO Created log for partition __consumer_offsets-12 in /tmp/kafka-logs/__consumer_offsets-12 with properties {cleanup.policy=compact, compression.type="producer", segment.bytes=104857600} (kafka.log.LogManager)
kafka1  | 2026-09-26T00:23:18.510384064Z [2026-09-26 00:23:18,508] INFO [Partition __consumer_offsets-45 broker=1] No checkpointed highwatermark is found for partition __consumer_offsets-45 (kafka.cluster.Partition)
kafka1  | 2026-09-26T00:23:18.510533310Z [2026-09-26 00:23:18,509] INFO [Partition __consumer_offsets-45 broker=1] Log loaded for partition __consumer_offsets-45 with initial high watermark 0 (kafka.cluster.Partition)
kafka1  | 2026-09-26T00:23:18.544740066Z [2026-09-26 00:23:18,543] INFO [LogLoader partition=__consumer_offsets-14, dir=/tmp/kafka-logs] Loading producer state till offset 0 (org.apache.kafka.storage.internals.log.UnifiedLog)
kafka1  | 2026-09-26T00:23:18.571950341Z [2026-09-26 00:23:18,569] INFO Created log for partition __consumer_offsets-14 in /tmp/kafka-logs/__consumer_offsets-14 with properties {cleanup.policy=compact, compression.type="producer", segment.bytes=104857600} (kafka.log.LogManager)
kafka1  | 2026-09-26T00:23:18.572433591Z [2026-09-26 00:23:18,570] INFO [Partition __consumer_offsets-14 broker=1] No checkpointed highwatermark is found for partition __consumer_offsets-14 (kafka.cluster.Partition)
kafka2  | 2026-09-26T00:23:18.376181755Z [2026-09-26 00:23:18,374] INFO [Partition __consumer_offsets-12 broker=2] No checkpointed highwatermark is found for partition __consumer_offsets-12 (kafka.cluster.Partition)
kafka2  | 2026-09-26T00:23:18.378707776Z [2026-09-26 00:23:18,377] INFO [Partition __consumer_offsets-12 broker=2] Log loaded for partition __consumer_offsets-12 with initial high watermark 0 (kafka.cluster.Partition)
kafka1  | 2026-09-26T00:23:18.573689123Z [2026-09-26 00:23:18,572] INFO [Partition __consumer_offsets-14 broker=1] Log loaded for partition __consumer_offsets-14 with initial high watermark 0 (kafka.cluster.Partition)
kafka1  | 2026-09-26T00:23:18.612786759Z [2026-09-26 00:23:18,611] INFO [LogLoader partition=__consumer_offsets-43, dir=/tmp/kafka-logs] Loading producer state till offset 0 (org.apache.kafka.storage.internals.log.UnifiedLog)
kafka1  | 2026-09-26T00:23:18.619155878Z [2026-09-26 00:23:18,618] INFO Created log for partition __consumer_offsets-43 in /tmp/kafka-logs/__consumer_offsets-43 with properties {cleanup.policy=compact, compression.type="producer", segment.bytes=104857600} (kafka.log.LogManager)
kafka2  | 2026-09-26T00:23:18.422825555Z [2026-09-26 00:23:18,421] INFO [LogLoader partition=__consumer_offsets-41, dir=/tmp/kafka-logs] Loading producer state till offset 0 (org.apache.kafka.storage.internals.log.UnifiedLog)
kafka1  | 2026-09-26T00:23:18.628883206Z [2026-09-26 00:23:18,628] INFO [Partition __consumer_offsets-43 broker=1] No checkpointed highwatermark is found for partition __consumer_offsets-43 (kafka.cluster.Partition)
kafka3  | 2026-09-26T00:23:18.385390431Z [2026-09-26 00:23:18,384] INFO Created log for partition __consumer_offsets-36 in /tmp/kafka-logs/__consumer_offsets-36 with properties {cleanup.policy=compact, compression.type="producer", segment.bytes=104857600} (kafka.log.LogManager)
kafka3  | 2026-09-26T00:23:18.387103651Z [2026-09-26 00:23:18,386] INFO [Partition __consumer_offsets-36 broker=3] No checkpointed highwatermark is found for partition __consumer_offsets-36 (kafka.cluster.Partition)
kafka1  | 2026-09-26T00:23:18.629897526Z [2026-09-26 00:23:18,629] INFO [Partition __consumer_offsets-43 broker=1] Log loaded for partition __consumer_offsets-43 with initial high watermark 0 (kafka.cluster.Partition)
kafka2  | 2026-09-26T00:23:18.435987741Z [2026-09-26 00:23:18,434] INFO Created log for partition __consumer_offsets-41 in /tmp/kafka-logs/__consumer_offsets-41 with properties {cleanup.policy=compact, compression.type="producer", segment.bytes=104857600} (kafka.log.LogManager)
kafka1  | 2026-09-26T00:23:18.686856707Z [2026-09-26 00:23:18,681] INFO [LogLoader partition=__consumer_offsets-22, dir=/tmp/kafka-logs] Loading producer state till offset 0 (org.apache.kafka.storage.internals.log.UnifiedLog)
kafka1  | 2026-09-26T00:23:18.696385210Z [2026-09-26 00:23:18,694] INFO Created log for partition __consumer_offsets-22 in /tmp/kafka-logs/__consumer_offsets-22 with properties {cleanup.policy=compact, compression.type="producer", segment.bytes=104857600} (kafka.log.LogManager)
kafka1  | 2026-09-26T00:23:18.697798330Z [2026-09-26 00:23:18,696] INFO [Partition __consumer_offsets-22 broker=1] No checkpointed highwatermark is found for partition __consumer_offsets-22 (kafka.cluster.Partition)
kafka3  | 2026-09-26T00:23:18.388659749Z [2026-09-26 00:23:18,387] INFO [Partition __consumer_offsets-36 broker=3] Log loaded for partition __consumer_offsets-36 with initial high watermark 0 (kafka.cluster.Partition)
kafka3  | 2026-09-26T00:23:18.422693498Z [2026-09-26 00:23:18,419] INFO [LogLoader partition=__consumer_offsets-34, dir=/tmp/kafka-logs] Loading producer state till offset 0 (org.apache.kafka.storage.internals.log.UnifiedLog)
kafka3  | 2026-09-26T00:23:18.424288069Z [2026-09-26 00:23:18,423] INFO Created log for partition __consumer_offsets-34 in /tmp/kafka-logs/__consumer_offsets-34 with properties {cleanup.policy=compact, compression.type="producer", segment.bytes=104857600} (kafka.log.LogManager)
kafka1  | 2026-09-26T00:23:18.702054788Z [2026-09-26 00:23:18,701] INFO [Partition __consumer_offsets-22 broker=1] Log loaded for partition __consumer_offsets-22 with initial high watermark 0 (kafka.cluster.Partition)
kafka1  | 2026-09-26T00:23:18.734807192Z [2026-09-26 00:23:18,732] INFO [LogLoader partition=__consumer_offsets-20, dir=/tmp/kafka-logs] Loading producer state till offset 0 (org.apache.kafka.storage.internals.log.UnifiedLog)
kafka2  | 2026-09-26T00:23:18.436435626Z [2026-09-26 00:23:18,435] INFO [Partition __consumer_offsets-41 broker=2] No checkpointed highwatermark is found for partition __consumer_offsets-41 (kafka.cluster.Partition)
kafka2  | 2026-09-26T00:23:18.437744988Z [2026-09-26 00:23:18,436] INFO [Partition __consumer_offsets-41 broker=2] Log loaded for partition __consumer_offsets-41 with initial high watermark 0 (kafka.cluster.Partition)
kafka3  | 2026-09-26T00:23:18.425435159Z [2026-09-26 00:23:18,424] INFO [Partition __consumer_offsets-34 broker=3] No checkpointed highwatermark is found for partition __consumer_offsets-34 (kafka.cluster.Partition)
kafka3  | 2026-09-26T00:23:18.428586806Z [2026-09-26 00:23:18,427] INFO [Partition __consumer_offsets-34 broker=3] Log loaded for partition __consumer_offsets-34 with initial high watermark 0 (kafka.cluster.Partition)
kafka3  | 2026-09-26T00:23:18.477267582Z [2026-09-26 00:23:18,476] INFO [LogLoader partition=__consumer_offsets-47, dir=/tmp/kafka-logs] Loading producer state till offset 0 (org.apache.kafka.storage.internals.log.UnifiedLog)
kafka2  | 2026-09-26T00:23:18.482048267Z [2026-09-26 00:23:18,473] INFO [LogLoader partition=__consumer_offsets-10, dir=/tmp/kafka-logs] Loading producer state till offset 0 (org.apache.kafka.storage.internals.log.UnifiedLog)
kafka2  | 2026-09-26T00:23:18.482222023Z [2026-09-26 00:23:18,477] INFO Created log for partition __consumer_offsets-10 in /tmp/kafka-logs/__consumer_offsets-10 with properties {cleanup.policy=compact, compression.type="producer", segment.bytes=104857600} (kafka.log.LogManager)
kafka2  | 2026-09-26T00:23:18.495889640Z [2026-09-26 00:23:18,494] INFO [Partition __consumer_offsets-10 broker=2] No checkpointed highwatermark is found for partition __consumer_offsets-10 (kafka.cluster.Partition)
kafka1  | 2026-09-26T00:23:18.737164947Z [2026-09-26 00:23:18,736] INFO Created log for partition __consumer_offsets-20 in /tmp/kafka-logs/__consumer_offsets-20 with properties {cleanup.policy=compact, compression.type="producer", segment.bytes=104857600} (kafka.log.LogManager)
kafka1  | 2026-09-26T00:23:18.739732642Z [2026-09-26 00:23:18,738] INFO [Partition __consumer_offsets-20 broker=1] No checkpointed highwatermark is found for partition __consumer_offsets-20 (kafka.cluster.Partition)
kafka1  | 2026-09-26T00:23:18.743172680Z [2026-09-26 00:23:18,742] INFO [Partition __consumer_offsets-20 broker=1] Log loaded for partition __consumer_offsets-20 with initial high watermark 0 (kafka.cluster.Partition)
kafka1  | 2026-09-26T00:23:18.792826782Z [2026-09-26 00:23:18,791] INFO [LogLoader partition=__consumer_offsets-49, dir=/tmp/kafka-logs] Loading producer state till offset 0 (org.apache.kafka.storage.internals.log.UnifiedLog)
kafka1  | 2026-09-26T00:23:18.796782426Z [2026-09-26 00:23:18,795] INFO Created log for partition __consumer_offsets-49 in /tmp/kafka-logs/__consumer_offsets-49 with properties {cleanup.policy=compact, compression.type="producer", segment.bytes=104857600} (kafka.log.LogManager)
kafka1  | 2026-09-26T00:23:18.798642605Z [2026-09-26 00:23:18,797] INFO [Partition __consumer_offsets-49 broker=1] No checkpointed highwatermark is found for partition __consumer_offsets-49 (kafka.cluster.Partition)
kafka3  | 2026-09-26T00:23:18.482807963Z [2026-09-26 00:23:18,480] INFO Created log for partition __consumer_offsets-47 in /tmp/kafka-logs/__consumer_offsets-47 with properties {cleanup.policy=compact, compression.type="producer", segment.bytes=104857600} (kafka.log.LogManager)
kafka1  | 2026-09-26T00:23:18.800048993Z [2026-09-26 00:23:18,799] INFO [Partition __consumer_offsets-49 broker=1] Log loaded for partition __consumer_offsets-49 with initial high watermark 0 (kafka.cluster.Partition)
kafka2  | 2026-09-26T00:23:18.495934131Z [2026-09-26 00:23:18,495] INFO [Partition __consumer_offsets-10 broker=2] Log loaded for partition __consumer_offsets-10 with initial high watermark 0 (kafka.cluster.Partition)
kafka3  | 2026-09-26T00:23:18.483922361Z [2026-09-26 00:23:18,482] INFO [Partition __consumer_offsets-47 broker=3] No checkpointed highwatermark is found for partition __consumer_offsets-47 (kafka.cluster.Partition)
kafka2  | 2026-09-26T00:23:18.542666518Z [2026-09-26 00:23:18,541] INFO [LogLoader partition=__consumer_offsets-24, dir=/tmp/kafka-logs] Loading producer state till offset 0 (org.apache.kafka.storage.internals.log.UnifiedLog)
kafka2  | 2026-09-26T00:23:18.553339353Z [2026-09-26 00:23:18,552] INFO Created log for partition __consumer_offsets-24 in /tmp/kafka-logs/__consumer_offsets-24 with properties {cleanup.policy=compact, compression.type="producer", segment.bytes=104857600} (kafka.log.LogManager)
kafka3  | 2026-09-26T00:23:18.485294331Z [2026-09-26 00:23:18,484] INFO [Partition __consumer_offsets-47 broker=3] Log loaded for partition __consumer_offsets-47 with initial high watermark 0 (kafka.cluster.Partition)
kafka3  | 2026-09-26T00:23:18.520450876Z [2026-09-26 00:23:18,519] INFO [LogLoader partition=__consumer_offsets-14, dir=/tmp/kafka-logs] Loading producer state till offset 0 (org.apache.kafka.storage.internals.log.UnifiedLog)
kafka3  | 2026-09-26T00:23:18.526062219Z [2026-09-26 00:23:18,525] INFO Created log for partition __consumer_offsets-14 in /tmp/kafka-logs/__consumer_offsets-14 with properties {cleanup.policy=compact, compression.type="producer", segment.bytes=104857600} (kafka.log.LogManager)
kafka3  | 2026-09-26T00:23:18.528001166Z [2026-09-26 00:23:18,527] INFO [Partition __consumer_offsets-14 broker=3] No checkpointed highwatermark is found for partition __consumer_offsets-14 (kafka.cluster.Partition)
kafka3  | 2026-09-26T00:23:18.533200892Z [2026-09-26 00:23:18,528] INFO [Partition __consumer_offsets-14 broker=3] Log loaded for partition __consumer_offsets-14 with initial high watermark 0 (kafka.cluster.Partition)
kafka1  | 2026-09-26T00:23:18.827559836Z [2026-09-26 00:23:18,826] INFO [LogLoader partition=__consumer_offsets-31, dir=/tmp/kafka-logs] Loading producer state till offset 0 (org.apache.kafka.storage.internals.log.UnifiedLog)
kafka1  | 2026-09-26T00:23:18.833347408Z [2026-09-26 00:23:18,832] INFO Created log for partition __consumer_offsets-31 in /tmp/kafka-logs/__consumer_offsets-31 with properties {cleanup.policy=compact, compression.type="producer", segment.bytes=104857600} (kafka.log.LogManager)
kafka1  | 2026-09-26T00:23:18.836147139Z [2026-09-26 00:23:18,835] INFO [Partition __consumer_offsets-31 broker=1] No checkpointed highwatermark is found for partition __consumer_offsets-31 (kafka.cluster.Partition)
kafka1  | 2026-09-26T00:23:18.837572880Z [2026-09-26 00:23:18,837] INFO [Partition __consumer_offsets-31 broker=1] Log loaded for partition __consumer_offsets-31 with initial high watermark 0 (kafka.cluster.Partition)
kafka2  | 2026-09-26T00:23:18.555573931Z [2026-09-26 00:23:18,554] INFO [Partition __consumer_offsets-24 broker=2] No checkpointed highwatermark is found for partition __consumer_offsets-24 (kafka.cluster.Partition)
kafka3  | 2026-09-26T00:23:18.558199430Z [2026-09-26 00:23:18,557] INFO [LogLoader partition=__consumer_offsets-12, dir=/tmp/kafka-logs] Loading producer state till offset 0 (org.apache.kafka.storage.internals.log.UnifiedLog)
kafka3  | 2026-09-26T00:23:18.562694639Z [2026-09-26 00:23:18,562] INFO Created log for partition __consumer_offsets-12 in /tmp/kafka-logs/__consumer_offsets-12 with properties {cleanup.policy=compact, compression.type="producer", segment.bytes=104857600} (kafka.log.LogManager)
kafka3  | 2026-09-26T00:23:18.564529571Z [2026-09-26 00:23:18,563] INFO [Partition __consumer_offsets-12 broker=3] No checkpointed highwatermark is found for partition __consumer_offsets-12 (kafka.cluster.Partition)
kafka2  | 2026-09-26T00:23:18.557500438Z [2026-09-26 00:23:18,556] INFO [Partition __consumer_offsets-24 broker=2] Log loaded for partition __consumer_offsets-24 with initial high watermark 0 (kafka.cluster.Partition)
kafka3  | 2026-09-26T00:23:18.567435372Z [2026-09-26 00:23:18,566] INFO [Partition __consumer_offsets-12 broker=3] Log loaded for partition __consumer_offsets-12 with initial high watermark 0 (kafka.cluster.Partition)
kafka3  | 2026-09-26T00:23:18.598011900Z [2026-09-26 00:23:18,596] INFO [LogLoader partition=__consumer_offsets-41, dir=/tmp/kafka-logs] Loading producer state till offset 0 (org.apache.kafka.storage.internals.log.UnifiedLog)
kafka3  | 2026-09-26T00:23:18.602317211Z [2026-09-26 00:23:18,601] INFO Created log for partition __consumer_offsets-41 in /tmp/kafka-logs/__consumer_offsets-41 with properties {cleanup.policy=compact, compression.type="producer", segment.bytes=104857600} (kafka.log.LogManager)
kafka1  | 2026-09-26T00:23:18.862948734Z [2026-09-26 00:23:18,861] INFO [LogLoader partition=__consumer_offsets-0, dir=/tmp/kafka-logs] Loading producer state till offset 0 (org.apache.kafka.storage.internals.log.UnifiedLog)
kafka1  | 2026-09-26T00:23:18.866819329Z [2026-09-26 00:23:18,865] INFO Created log for partition __consumer_offsets-0 in /tmp/kafka-logs/__consumer_offsets-0 with properties {cleanup.policy=compact, compression.type="producer", segment.bytes=104857600} (kafka.log.LogManager)
kafka1  | 2026-09-26T00:23:18.867923261Z [2026-09-26 00:23:18,867] INFO [Partition __consumer_offsets-0 broker=1] No checkpointed highwatermark is found for partition __consumer_offsets-0 (kafka.cluster.Partition)
kafka2  | 2026-09-26T00:23:18.604189687Z [2026-09-26 00:23:18,602] INFO [LogLoader partition=__consumer_offsets-22, dir=/tmp/kafka-logs] Loading producer state till offset 0 (org.apache.kafka.storage.internals.log.UnifiedLog)
kafka2  | 2026-09-26T00:23:18.608387652Z [2026-09-26 00:23:18,607] INFO Created log for partition __consumer_offsets-22 in /tmp/kafka-logs/__consumer_offsets-22 with properties {cleanup.policy=compact, compression.type="producer", segment.bytes=104857600} (kafka.log.LogManager)
kafka3  | 2026-09-26T00:23:18.603996251Z [2026-09-26 00:23:18,603] INFO [Partition __consumer_offsets-41 broker=3] No checkpointed highwatermark is found for partition __consumer_offsets-41 (kafka.cluster.Partition)
kafka2  | 2026-09-26T00:23:18.610083699Z [2026-09-26 00:23:18,609] INFO [Partition __consumer_offsets-22 broker=2] No checkpointed highwatermark is found for partition __consumer_offsets-22 (kafka.cluster.Partition)
kafka2  | 2026-09-26T00:23:18.610295831Z [2026-09-26 00:23:18,609] INFO [Partition __consumer_offsets-22 broker=2] Log loaded for partition __consumer_offsets-22 with initial high watermark 0 (kafka.cluster.Partition)
kafka2  | 2026-09-26T00:23:18.639382475Z [2026-09-26 00:23:18,637] INFO [LogLoader partition=__consumer_offsets-18, dir=/tmp/kafka-logs] Loading producer state till offset 0 (org.apache.kafka.storage.internals.log.UnifiedLog)
kafka3  | 2026-09-26T00:23:18.608517358Z [2026-09-26 00:23:18,607] INFO [Partition __consumer_offsets-41 broker=3] Log loaded for partition __consumer_offsets-41 with initial high watermark 0 (kafka.cluster.Partition)
kafka1  | 2026-09-26T00:23:18.870651512Z [2026-09-26 00:23:18,869] INFO [Partition __consumer_offsets-0 broker=1] Log loaded for partition __consumer_offsets-0 with initial high watermark 0 (kafka.cluster.Partition)
kafka1  | 2026-09-26T00:23:18.917927076Z [2026-09-26 00:23:18,917] INFO [LogLoader partition=__consumer_offsets-29, dir=/tmp/kafka-logs] Loading producer state till offset 0 (org.apache.kafka.storage.internals.log.UnifiedLog)
kafka2  | 2026-09-26T00:23:18.643858507Z [2026-09-26 00:23:18,643] INFO Created log for partition __consumer_offsets-18 in /tmp/kafka-logs/__consumer_offsets-18 with properties {cleanup.policy=compact, compression.type="producer", segment.bytes=104857600} (kafka.log.LogManager)
kafka2  | 2026-09-26T00:23:18.647828761Z [2026-09-26 00:23:18,644] INFO [Partition __consumer_offsets-18 broker=2] No checkpointed highwatermark is found for partition __consumer_offsets-18 (kafka.cluster.Partition)
kafka3  | 2026-09-26T00:23:18.652176187Z [2026-09-26 00:23:18,650] INFO [LogLoader partition=__consumer_offsets-10, dir=/tmp/kafka-logs] Loading producer state till offset 0 (org.apache.kafka.storage.internals.log.UnifiedLog)
kafka3  | 2026-09-26T00:23:18.659579059Z [2026-09-26 00:23:18,658] INFO Created log for partition __consumer_offsets-10 in /tmp/kafka-logs/__consumer_offsets-10 with properties {cleanup.policy=compact, compression.type="producer", segment.bytes=104857600} (kafka.log.LogManager)
kafka2  | 2026-09-26T00:23:18.647878783Z [2026-09-26 00:23:18,646] INFO [Partition __consumer_offsets-18 broker=2] Log loaded for partition __consumer_offsets-18 with initial high watermark 0 (kafka.cluster.Partition)
kafka3  | 2026-09-26T00:23:18.663772725Z [2026-09-26 00:23:18,661] INFO [Partition __consumer_offsets-10 broker=3] No checkpointed highwatermark is found for partition __consumer_offsets-10 (kafka.cluster.Partition)
kafka2  | 2026-09-26T00:23:18.676283656Z [2026-09-26 00:23:18,675] INFO [LogLoader partition=__consumer_offsets-29, dir=/tmp/kafka-logs] Loading producer state till offset 0 (org.apache.kafka.storage.internals.log.UnifiedLog)
kafka3  | 2026-09-26T00:23:18.664843870Z [2026-09-26 00:23:18,664] INFO [Partition __consumer_offsets-10 broker=3] Log loaded for partition __consumer_offsets-10 with initial high watermark 0 (kafka.cluster.Partition)
kafka2  | 2026-09-26T00:23:18.680366548Z [2026-09-26 00:23:18,679] INFO Created log for partition __consumer_offsets-29 in /tmp/kafka-logs/__consumer_offsets-29 with properties {cleanup.policy=compact, compression.type="producer", segment.bytes=104857600} (kafka.log.LogManager)
kafka1  | 2026-09-26T00:23:18.924834084Z [2026-09-26 00:23:18,923] INFO Created log for partition __consumer_offsets-29 in /tmp/kafka-logs/__consumer_offsets-29 with properties {cleanup.policy=compact, compression.type="producer", segment.bytes=104857600} (kafka.log.LogManager)
kafka2  | 2026-09-26T00:23:18.681620988Z [2026-09-26 00:23:18,680] INFO [Partition __consumer_offsets-29 broker=2] No checkpointed highwatermark is found for partition __consumer_offsets-29 (kafka.cluster.Partition)
kafka1  | 2026-09-26T00:23:18.926749328Z [2026-09-26 00:23:18,925] INFO [Partition __consumer_offsets-29 broker=1] No checkpointed highwatermark is found for partition __consumer_offsets-29 (kafka.cluster.Partition)
kafka2  | 2026-09-26T00:23:18.682188661Z [2026-09-26 00:23:18,681] INFO [Partition __consumer_offsets-29 broker=2] Log loaded for partition __consumer_offsets-29 with initial high watermark 0 (kafka.cluster.Partition)
kafka1  | 2026-09-26T00:23:18.937678095Z [2026-09-26 00:23:18,928] INFO [Partition __consumer_offsets-29 broker=1] Log loaded for partition __consumer_offsets-29 with initial high watermark 0 (kafka.cluster.Partition)
kafka2  | 2026-09-26T00:23:18.715358958Z [2026-09-26 00:23:18,714] INFO [LogLoader partition=__consumer_offsets-27, dir=/tmp/kafka-logs] Loading producer state till offset 0 (org.apache.kafka.storage.internals.log.UnifiedLog)
kafka1  | 2026-09-26T00:23:18.973722571Z [2026-09-26 00:23:18,972] INFO [LogLoader partition=__consumer_offsets-25, dir=/tmp/kafka-logs] Loading producer state till offset 0 (org.apache.kafka.storage.internals.log.UnifiedLog)
kafka3  | 2026-09-26T00:23:18.707270468Z [2026-09-26 00:23:18,706] INFO [LogLoader partition=__consumer_offsets-24, dir=/tmp/kafka-logs] Loading producer state till offset 0 (org.apache.kafka.storage.internals.log.UnifiedLog)
kafka2  | 2026-09-26T00:23:18.728839606Z [2026-09-26 00:23:18,727] INFO Created log for partition __consumer_offsets-27 in /tmp/kafka-logs/__consumer_offsets-27 with properties {cleanup.policy=compact, compression.type="producer", segment.bytes=104857600} (kafka.log.LogManager)
kafka2  | 2026-09-26T00:23:18.729945131Z [2026-09-26 00:23:18,729] INFO [Partition __consumer_offsets-27 broker=2] No checkpointed highwatermark is found for partition __consumer_offsets-27 (kafka.cluster.Partition)
kafka2  | 2026-09-26T00:23:18.730635675Z [2026-09-26 00:23:18,730] INFO [Partition __consumer_offsets-27 broker=2] Log loaded for partition __consumer_offsets-27 with initial high watermark 0 (kafka.cluster.Partition)
kafka2  | 2026-09-26T00:23:18.762592184Z [2026-09-26 00:23:18,760] INFO [LogLoader partition=__consumer_offsets-8, dir=/tmp/kafka-logs] Loading producer state till offset 0 (org.apache.kafka.storage.internals.log.UnifiedLog)
kafka2  | 2026-09-26T00:23:18.766870909Z [2026-09-26 00:23:18,765] INFO Created log for partition __consumer_offsets-8 in /tmp/kafka-logs/__consumer_offsets-8 with properties {cleanup.policy=compact, compression.type="producer", segment.bytes=104857600} (kafka.log.LogManager)
kafka2  | 2026-09-26T00:23:18.767647340Z [2026-09-26 00:23:18,766] INFO [Partition __consumer_offsets-8 broker=2] No checkpointed highwatermark is found for partition __consumer_offsets-8 (kafka.cluster.Partition)
kafka2  | 2026-09-26T00:23:18.770724953Z [2026-09-26 00:23:18,769] INFO [Partition __consumer_offsets-8 broker=2] Log loaded for partition __consumer_offsets-8 with initial high watermark 0 (kafka.cluster.Partition)
kafka2  | 2026-09-26T00:23:18.803957613Z [2026-09-26 00:23:18,803] INFO [LogLoader partition=__consumer_offsets-37, dir=/tmp/kafka-logs] Loading producer state till offset 0 (org.apache.kafka.storage.internals.log.UnifiedLog)
kafka3  | 2026-09-26T00:23:18.712612572Z [2026-09-26 00:23:18,711] INFO Created log for partition __consumer_offsets-24 in /tmp/kafka-logs/__consumer_offsets-24 with properties {cleanup.policy=compact, compression.type="producer", segment.bytes=104857600} (kafka.log.LogManager)
kafka3  | 2026-09-26T00:23:18.716924378Z [2026-09-26 00:23:18,716] INFO [Partition __consumer_offsets-24 broker=3] No checkpointed highwatermark is found for partition __consumer_offsets-24 (kafka.cluster.Partition)
kafka3  | 2026-09-26T00:23:18.718435674Z [2026-09-26 00:23:18,717] INFO [Partition __consumer_offsets-24 broker=3] Log loaded for partition __consumer_offsets-24 with initial high watermark 0 (kafka.cluster.Partition)
kafka3  | 2026-09-26T00:23:18.750482174Z [2026-09-26 00:23:18,749] INFO [LogLoader partition=__consumer_offsets-20, dir=/tmp/kafka-logs] Loading producer state till offset 0 (org.apache.kafka.storage.internals.log.UnifiedLog)
kafka1  | 2026-09-26T00:23:18.990876862Z [2026-09-26 00:23:18,986] INFO Created log for partition __consumer_offsets-25 in /tmp/kafka-logs/__consumer_offsets-25 with properties {cleanup.policy=compact, compression.type="producer", segment.bytes=104857600} (kafka.log.LogManager)
kafka3  | 2026-09-26T00:23:18.759500831Z [2026-09-26 00:23:18,758] INFO Created log for partition __consumer_offsets-20 in /tmp/kafka-logs/__consumer_offsets-20 with properties {cleanup.policy=compact, compression.type="producer", segment.bytes=104857600} (kafka.log.LogManager)
kafka3  | 2026-09-26T00:23:18.761277841Z [2026-09-26 00:23:18,760] INFO [Partition __consumer_offsets-20 broker=3] No checkpointed highwatermark is found for partition __consumer_offsets-20 (kafka.cluster.Partition)
kafka2  | 2026-09-26T00:23:18.809273173Z [2026-09-26 00:23:18,808] INFO Created log for partition __consumer_offsets-37 in /tmp/kafka-logs/__consumer_offsets-37 with properties {cleanup.policy=compact, compression.type="producer", segment.bytes=104857600} (kafka.log.LogManager)
kafka3  | 2026-09-26T00:23:18.763239239Z [2026-09-26 00:23:18,762] INFO [Partition __consumer_offsets-20 broker=3] Log loaded for partition __consumer_offsets-20 with initial high watermark 0 (kafka.cluster.Partition)
kafka3  | 2026-09-26T00:23:18.796842411Z [2026-09-26 00:23:18,796] INFO [LogLoader partition=__consumer_offsets-49, dir=/tmp/kafka-logs] Loading producer state till offset 0 (org.apache.kafka.storage.internals.log.UnifiedLog)
kafka3  | 2026-09-26T00:23:18.807481067Z [2026-09-26 00:23:18,804] INFO Created log for partition __consumer_offsets-49 in /tmp/kafka-logs/__consumer_offsets-49 with properties {cleanup.policy=compact, compression.type="producer", segment.bytes=104857600} (kafka.log.LogManager)
kafka1  | 2026-09-26T00:23:18.990912625Z [2026-09-26 00:23:18,987] INFO [Partition __consumer_offsets-25 broker=1] No checkpointed highwatermark is found for partition __consumer_offsets-25 (kafka.cluster.Partition)
kafka3  | 2026-09-26T00:23:18.807606043Z [2026-09-26 00:23:18,805] INFO [Partition __consumer_offsets-49 broker=3] No checkpointed highwatermark is found for partition __consumer_offsets-49 (kafka.cluster.Partition)
kafka1  | 2026-09-26T00:23:18.990919660Z [2026-09-26 00:23:18,988] INFO [Partition __consumer_offsets-25 broker=1] Log loaded for partition __consumer_offsets-25 with initial high watermark 0 (kafka.cluster.Partition)
kafka1  | 2026-09-26T00:23:19.036445482Z [2026-09-26 00:23:19,035] INFO [LogLoader partition=__consumer_offsets-39, dir=/tmp/kafka-logs] Loading producer state till offset 0 (org.apache.kafka.storage.internals.log.UnifiedLog)
kafka1  | 2026-09-26T00:23:19.046102692Z [2026-09-26 00:23:19,045] INFO Created log for partition __consumer_offsets-39 in /tmp/kafka-logs/__consumer_offsets-39 with properties {cleanup.policy=compact, compression.type="producer", segment.bytes=104857600} (kafka.log.LogManager)
kafka1  | 2026-09-26T00:23:19.047031108Z [2026-09-26 00:23:19,046] INFO [Partition __consumer_offsets-39 broker=1] No checkpointed highwatermark is found for partition __consumer_offsets-39 (kafka.cluster.Partition)
kafka2  | 2026-09-26T00:23:18.810515789Z [2026-09-26 00:23:18,809] INFO [Partition __consumer_offsets-37 broker=2] No checkpointed highwatermark is found for partition __consumer_offsets-37 (kafka.cluster.Partition)
kafka2  | 2026-09-26T00:23:18.810602246Z [2026-09-26 00:23:18,810] INFO [Partition __consumer_offsets-37 broker=2] Log loaded for partition __consumer_offsets-37 with initial high watermark 0 (kafka.cluster.Partition)
kafka3  | 2026-09-26T00:23:18.808115301Z [2026-09-26 00:23:18,807] INFO [Partition __consumer_offsets-49 broker=3] Log loaded for partition __consumer_offsets-49 with initial high watermark 0 (kafka.cluster.Partition)
kafka2  | 2026-09-26T00:23:18.835101978Z [2026-09-26 00:23:18,834] INFO [LogLoader partition=__consumer_offsets-6, dir=/tmp/kafka-logs] Loading producer state till offset 0 (org.apache.kafka.storage.internals.log.UnifiedLog)
kafka3  | 2026-09-26T00:23:18.835205690Z [2026-09-26 00:23:18,834] INFO [LogLoader partition=__consumer_offsets-18, dir=/tmp/kafka-logs] Loading producer state till offset 0 (org.apache.kafka.storage.internals.log.UnifiedLog)
kafka1  | 2026-09-26T00:23:19.048801726Z [2026-09-26 00:23:19,048] INFO [Partition __consumer_offsets-39 broker=1] Log loaded for partition __consumer_offsets-39 with initial high watermark 0 (kafka.cluster.Partition)
kafka3  | 2026-09-26T00:23:18.840818920Z [2026-09-26 00:23:18,840] INFO Created log for partition __consumer_offsets-18 in /tmp/kafka-logs/__consumer_offsets-18 with properties {cleanup.policy=compact, compression.type="producer", segment.bytes=104857600} (kafka.log.LogManager)
kafka3  | 2026-09-26T00:23:18.842510155Z [2026-09-26 00:23:18,841] INFO [Partition __consumer_offsets-18 broker=3] No checkpointed highwatermark is found for partition __consumer_offsets-18 (kafka.cluster.Partition)
kafka2  | 2026-09-26T00:23:18.841033770Z [2026-09-26 00:23:18,838] INFO Created log for partition __consumer_offsets-6 in /tmp/kafka-logs/__consumer_offsets-6 with properties {cleanup.policy=compact, compression.type="producer", segment.bytes=104857600} (kafka.log.LogManager)
kafka3  | 2026-09-26T00:23:18.843700383Z [2026-09-26 00:23:18,842] INFO [Partition __consumer_offsets-18 broker=3] Log loaded for partition __consumer_offsets-18 with initial high watermark 0 (kafka.cluster.Partition)
kafka2  | 2026-09-26T00:23:18.841067650Z [2026-09-26 00:23:18,840] INFO [Partition __consumer_offsets-6 broker=2] No checkpointed highwatermark is found for partition __consumer_offsets-6 (kafka.cluster.Partition)
kafka2  | 2026-09-26T00:23:18.842624048Z [2026-09-26 00:23:18,841] INFO [Partition __consumer_offsets-6 broker=2] Log loaded for partition __consumer_offsets-6 with initial high watermark 0 (kafka.cluster.Partition)
kafka1  | 2026-09-26T00:23:19.096810596Z [2026-09-26 00:23:19,094] INFO [LogLoader partition=__consumer_offsets-37, dir=/tmp/kafka-logs] Loading producer state till offset 0 (org.apache.kafka.storage.internals.log.UnifiedLog)
kafka3  | 2026-09-26T00:23:18.873008982Z [2026-09-26 00:23:18,872] INFO [LogLoader partition=__consumer_offsets-31, dir=/tmp/kafka-logs] Loading producer state till offset 0 (org.apache.kafka.storage.internals.log.UnifiedLog)
kafka3  | 2026-09-26T00:23:18.885608469Z [2026-09-26 00:23:18,883] INFO Created log for partition __consumer_offsets-31 in /tmp/kafka-logs/__consumer_offsets-31 with properties {cleanup.policy=compact, compression.type="producer", segment.bytes=104857600} (kafka.log.LogManager)
kafka1  | 2026-09-26T00:23:19.107660544Z [2026-09-26 00:23:19,104] INFO Created log for partition __consumer_offsets-37 in /tmp/kafka-logs/__consumer_offsets-37 with properties {cleanup.policy=compact, compression.type="producer", segment.bytes=104857600} (kafka.log.LogManager)
kafka1  | 2026-09-26T00:23:19.109944012Z [2026-09-26 00:23:19,109] INFO [Partition __consumer_offsets-37 broker=1] No checkpointed highwatermark is found for partition __consumer_offsets-37 (kafka.cluster.Partition)
kafka1  | 2026-09-26T00:23:19.114766215Z [2026-09-26 00:23:19,111] INFO [Partition __consumer_offsets-37 broker=1] Log loaded for partition __consumer_offsets-37 with initial high watermark 0 (kafka.cluster.Partition)
kafka1  | 2026-09-26T00:23:19.177410949Z [2026-09-26 00:23:19,176] INFO [LogLoader partition=__consumer_offsets-6, dir=/tmp/kafka-logs] Loading producer state till offset 0 (org.apache.kafka.storage.internals.log.UnifiedLog)
kafka2  | 2026-09-26T00:23:18.870509298Z [2026-09-26 00:23:18,869] INFO [LogLoader partition=__consumer_offsets-4, dir=/tmp/kafka-logs] Loading producer state till offset 0 (org.apache.kafka.storage.internals.log.UnifiedLog)
kafka2  | 2026-09-26T00:23:18.881999610Z [2026-09-26 00:23:18,877] INFO Created log for partition __consumer_offsets-4 in /tmp/kafka-logs/__consumer_offsets-4 with properties {cleanup.policy=compact, compression.type="producer", segment.bytes=104857600} (kafka.log.LogManager)
kafka3  | 2026-09-26T00:23:18.888491235Z [2026-09-26 00:23:18,887] INFO [Partition __consumer_offsets-31 broker=3] No checkpointed highwatermark is found for partition __consumer_offsets-31 (kafka.cluster.Partition)
kafka1  | 2026-09-26T00:23:19.185513395Z [2026-09-26 00:23:19,184] INFO Created log for partition __consumer_offsets-6 in /tmp/kafka-logs/__consumer_offsets-6 with properties {cleanup.policy=compact, compression.type="producer", segment.bytes=104857600} (kafka.log.LogManager)
kafka3  | 2026-09-26T00:23:18.889869829Z [2026-09-26 00:23:18,889] INFO [Partition __consumer_offsets-31 broker=3] Log loaded for partition __consumer_offsets-31 with initial high watermark 0 (kafka.cluster.Partition)
kafka2  | 2026-09-26T00:23:18.883480660Z [2026-09-26 00:23:18,882] INFO [Partition __consumer_offsets-4 broker=2] No checkpointed highwatermark is found for partition __consumer_offsets-4 (kafka.cluster.Partition)
kafka2  | 2026-09-26T00:23:18.885246866Z [2026-09-26 00:23:18,884] INFO [Partition __consumer_offsets-4 broker=2] Log loaded for partition __consumer_offsets-4 with initial high watermark 0 (kafka.cluster.Partition)
kafka2  | 2026-09-26T00:23:18.926749306Z [2026-09-26 00:23:18,925] INFO [LogLoader partition=__consumer_offsets-33, dir=/tmp/kafka-logs] Loading producer state till offset 0 (org.apache.kafka.storage.internals.log.UnifiedLog)
kafka2  | 2026-09-26T00:23:18.939948860Z [2026-09-26 00:23:18,938] INFO Created log for partition __consumer_offsets-33 in /tmp/kafka-logs/__consumer_offsets-33 with properties {cleanup.policy=compact, compression.type="producer", segment.bytes=104857600} (kafka.log.LogManager)
kafka2  | 2026-09-26T00:23:18.943779908Z [2026-09-26 00:23:18,940] INFO [Partition __consumer_offsets-33 broker=2] No checkpointed highwatermark is found for partition __consumer_offsets-33 (kafka.cluster.Partition)
kafka2  | 2026-09-26T00:23:18.946149923Z [2026-09-26 00:23:18,944] INFO [Partition __consumer_offsets-33 broker=2] Log loaded for partition __consumer_offsets-33 with initial high watermark 0 (kafka.cluster.Partition)
kafka2  | 2026-09-26T00:23:18.972304065Z [2026-09-26 00:23:18,971] INFO [LogLoader partition=__consumer_offsets-2, dir=/tmp/kafka-logs] Loading producer state till offset 0 (org.apache.kafka.storage.internals.log.UnifiedLog)
kafka3  | 2026-09-26T00:23:18.942381984Z [2026-09-26 00:23:18,941] INFO [LogLoader partition=__consumer_offsets-0, dir=/tmp/kafka-logs] Loading producer state till offset 0 (org.apache.kafka.storage.internals.log.UnifiedLog)
kafka2  | 2026-09-26T00:23:18.976264468Z [2026-09-26 00:23:18,975] INFO Created log for partition __consumer_offsets-2 in /tmp/kafka-logs/__consumer_offsets-2 with properties {cleanup.policy=compact, compression.type="producer", segment.bytes=104857600} (kafka.log.LogManager)
kafka3  | 2026-09-26T00:23:18.950899885Z [2026-09-26 00:23:18,950] INFO Created log for partition __consumer_offsets-0 in /tmp/kafka-logs/__consumer_offsets-0 with properties {cleanup.policy=compact, compression.type="producer", segment.bytes=104857600} (kafka.log.LogManager)
kafka3  | 2026-09-26T00:23:18.952670645Z [2026-09-26 00:23:18,951] INFO [Partition __consumer_offsets-0 broker=3] No checkpointed highwatermark is found for partition __consumer_offsets-0 (kafka.cluster.Partition)
kafka3  | 2026-09-26T00:23:18.953639971Z [2026-09-26 00:23:18,953] INFO [Partition __consumer_offsets-0 broker=3] Log loaded for partition __consumer_offsets-0 with initial high watermark 0 (kafka.cluster.Partition)
kafka2  | 2026-09-26T00:23:18.977967703Z [2026-09-26 00:23:18,976] INFO [Partition __consumer_offsets-2 broker=2] No checkpointed highwatermark is found for partition __consumer_offsets-2 (kafka.cluster.Partition)
kafka2  | 2026-09-26T00:23:18.979241946Z [2026-09-26 00:23:18,977] INFO [Partition __consumer_offsets-2 broker=2] Log loaded for partition __consumer_offsets-2 with initial high watermark 0 (kafka.cluster.Partition)
kafka2  | 2026-09-26T00:23:18.990698918Z [2026-09-26 00:23:18,981] INFO [ReplicaFetcherManager on broker 2] Removed fetcher for partitions Set(__consumer_offsets-15, __consumer_offsets-48, __consumer_offsets-13, __consumer_offsets-46, __consumer_offsets-44, __consumer_offsets-9, __consumer_offsets-21, __consumer_offsets-19, __consumer_offsets-32, __consumer_offsets-30, __consumer_offsets-26, __consumer_offsets-40, __consumer_offsets-38, __consumer_offsets-3, __consumer_offsets-1, __consumer_offsets-34, __consumer_offsets-16, __consumer_offsets-45, __consumer_offsets-43, __consumer_offsets-12, __consumer_offsets-41, __consumer_offsets-10, __consumer_offsets-24, __consumer_offsets-22, __consumer_offsets-18, __consumer_offsets-29, __consumer_offsets-27, __consumer_offsets-8, __consumer_offsets-37, __consumer_offsets-6, __consumer_offsets-4, __consumer_offsets-33, __consumer_offsets-2) (kafka.server.ReplicaFetcherManager)
kafka3  | 2026-09-26T00:23:18.995893477Z [2026-09-26 00:23:18,994] INFO [LogLoader partition=__consumer_offsets-27, dir=/tmp/kafka-logs] Loading producer state till offset 0 (org.apache.kafka.storage.internals.log.UnifiedLog)
kafka3  | 2026-09-26T00:23:19.006842876Z [2026-09-26 00:23:19,005] INFO Created log for partition __consumer_offsets-27 in /tmp/kafka-logs/__consumer_offsets-27 with properties {cleanup.policy=compact, compression.type="producer", segment.bytes=104857600} (kafka.log.LogManager)
kafka3  | 2026-09-26T00:23:19.013066817Z [2026-09-26 00:23:19,011] INFO [Partition __consumer_offsets-27 broker=3] No checkpointed highwatermark is found for partition __consumer_offsets-27 (kafka.cluster.Partition)
kafka3  | 2026-09-26T00:23:19.014979986Z [2026-09-26 00:23:19,014] INFO [Partition __consumer_offsets-27 broker=3] Log loaded for partition __consumer_offsets-27 with initial high watermark 0 (kafka.cluster.Partition)
kafka3  | 2026-09-26T00:23:19.066890644Z [2026-09-26 00:23:19,064] INFO [LogLoader partition=__consumer_offsets-25, dir=/tmp/kafka-logs] Loading producer state till offset 0 (org.apache.kafka.storage.internals.log.UnifiedLog)
kafka3  | 2026-09-26T00:23:19.070415208Z [2026-09-26 00:23:19,069] INFO Created log for partition __consumer_offsets-25 in /tmp/kafka-logs/__consumer_offsets-25 with properties {cleanup.policy=compact, compression.type="producer", segment.bytes=104857600} (kafka.log.LogManager)
kafka3  | 2026-09-26T00:23:19.085165606Z [2026-09-26 00:23:19,084] INFO [Partition __consumer_offsets-25 broker=3] No checkpointed highwatermark is found for partition __consumer_offsets-25 (kafka.cluster.Partition)
kafka2  | 2026-09-26T00:23:18.991464296Z [2026-09-26 00:23:18,990] INFO [ReplicaFetcherManager on broker 2] Added fetcher to broker 1 for partitions HashMap(__consumer_offsets-15 -> InitialFetchState(Some(ZGFhrgkeSDKE-O_FaP3hAA),BrokerEndPoint[id=1, host=kafka1, port=19092],0,0), __consumer_offsets-46 -> InitialFetchState(Some(ZGFhrgkeSDKE-O_FaP3hAA),BrokerEndPoint[id=1, host=kafka1, port=19092],0,0), __consumer_offsets-44 -> InitialFetchState(Some(ZGFhrgkeSDKE-O_FaP3hAA),BrokerEndPoint[id=1, host=kafka1, port=19092],0,0), __consumer_offsets-12 -> InitialFetchState(Some(ZGFhrgkeSDKE-O_FaP3hAA),BrokerEndPoint[id=1, host=kafka1, port=19092],0,0), __consumer_offsets-41 -> InitialFetchState(Some(ZGFhrgkeSDKE-O_FaP3hAA),BrokerEndPoint[id=1, host=kafka1, port=19092],0,0), __consumer_offsets-10 -> InitialFetchState(Some(ZGFhrgkeSDKE-O_FaP3hAA),BrokerEndPoint[id=1, host=kafka1, port=19092],0,0), __consumer_offsets-24 -> InitialFetchState(Some(ZGFhrgkeSDKE-O_FaP3hAA),BrokerEndPoint[id=1, host=kafka1, port=19092],0,0), __consumer_offsets-21 -> InitialFetchState(Some(ZGFhrgkeSDKE-O_FaP3hAA),BrokerEndPoint[id=1, host=kafka1, port=19092],0,0), __consumer_offsets-18 -> InitialFetchState(Some(ZGFhrgkeSDKE-O_FaP3hAA),BrokerEndPoint[id=1, host=kafka1, port=19092],0,0), __consumer_offsets-30 -> InitialFetchState(Some(ZGFhrgkeSDKE-O_FaP3hAA),BrokerEndPoint[id=1, host=kafka1, port=19092],0,0), __consumer_offsets-27 -> InitialFetchState(Some(ZGFhrgkeSDKE-O_FaP3hAA),BrokerEndPoint[id=1, host=kafka1, port=19092],0,0), __consumer_offsets-8 -> InitialFetchState(Some(ZGFhrgkeSDKE-O_FaP3hAA),BrokerEndPoint[id=1, host=kafka1, port=19092],0,0), __consumer_offsets-38 -> InitialFetchState(Some(ZGFhrgkeSDKE-O_FaP3hAA),BrokerEndPoint[id=1, host=kafka1, port=19092],0,0), __consumer_offsets-4 -> InitialFetchState(Some(ZGFhrgkeSDKE-O_FaP3hAA),BrokerEndPoint[id=1, host=kafka1, port=19092],0,0), __consumer_offsets-34 -> InitialFetchState(Some(ZGFhrgkeSDKE-O_FaP3hAA),BrokerEndPoint[id=1, host=kafka1, port=19092],0,0), __consumer_offsets-2 -> InitialFetchState(Some(ZGFhrgkeSDKE-O_FaP3hAA),BrokerEndPoint[id=1, host=kafka1, port=19092],0,0)) (kafka.server.ReplicaFetcherManager)
kafka2  | 2026-09-26T00:23:19.017363908Z [2026-09-26 00:23:19,015] INFO [ReplicaFetcher replicaId=2, leaderId=1, fetcherId=0] Truncating partition __consumer_offsets-15 with TruncationState(offset=0, completed=true) due to local high watermark 0 (kafka.server.ReplicaFetcherThread)
kafka3  | 2026-09-26T00:23:19.089720094Z [2026-09-26 00:23:19,088] INFO [Partition __consumer_offsets-25 broker=3] Log loaded for partition __consumer_offsets-25 with initial high watermark 0 (kafka.cluster.Partition)
kafka2  | 2026-09-26T00:23:19.017462580Z [2026-09-26 00:23:19,016] INFO [UnifiedLog partition=__consumer_offsets-15, dir=/tmp/kafka-logs] Truncating to 0 has no effect as the largest offset in the log is -1 (org.apache.kafka.storage.internals.log.UnifiedLog)
kafka2  | 2026-09-26T00:23:19.023390574Z [2026-09-26 00:23:19,017] INFO [ReplicaFetcher replicaId=2, leaderId=1, fetcherId=0] Truncating partition __consumer_offsets-46 with TruncationState(offset=0, completed=true) due to local high watermark 0 (kafka.server.ReplicaFetcherThread)
kafka2  | 2026-09-26T00:23:19.023482833Z [2026-09-26 00:23:19,019] INFO [UnifiedLog partition=__consumer_offsets-46, dir=/tmp/kafka-logs] Truncating to 0 has no effect as the largest offset in the log is -1 (org.apache.kafka.storage.internals.log.UnifiedLog)
kafka2  | 2026-09-26T00:23:19.023492974Z [2026-09-26 00:23:19,020] INFO [ReplicaFetcher replicaId=2, leaderId=1, fetcherId=0] Truncating partition __consumer_offsets-44 with TruncationState(offset=0, completed=true) due to local high watermark 0 (kafka.server.ReplicaFetcherThread)
kafka2  | 2026-09-26T00:23:19.023504979Z [2026-09-26 00:23:19,021] INFO [UnifiedLog partition=__consumer_offsets-44, dir=/tmp/kafka-logs] Truncating to 0 has no effect as the largest offset in the log is -1 (org.apache.kafka.storage.internals.log.UnifiedLog)
kafka2  | 2026-09-26T00:23:19.030831025Z [2026-09-26 00:23:19,027] INFO [ReplicaFetcherThread-0-3]: Starting (kafka.server.ReplicaFetcherThread)
kafka2  | 2026-09-26T00:23:19.030987015Z [2026-09-26 00:23:19,028] INFO [ReplicaFetcher replicaId=2, leaderId=1, fetcherId=0] Truncating partition __consumer_offsets-12 with TruncationState(offset=0, completed=true) due to local high watermark 0 (kafka.server.ReplicaFetcherThread)
kafka2  | 2026-09-26T00:23:19.030998428Z [2026-09-26 00:23:19,029] INFO [UnifiedLog partition=__consumer_offsets-12, dir=/tmp/kafka-logs] Truncating to 0 has no effect as the largest offset in the log is -1 (org.apache.kafka.storage.internals.log.UnifiedLog)
kafka2  | 2026-09-26T00:23:19.031007126Z [2026-09-26 00:23:19,029] INFO [ReplicaFetcher replicaId=2, leaderId=3, fetcherId=0] Truncating partition __consumer_offsets-16 with TruncationState(offset=0, completed=true) due to local high watermark 0 (kafka.server.ReplicaFetcherThread)
kafka3  | 2026-09-26T00:23:19.138950739Z [2026-09-26 00:23:19,137] INFO [LogLoader partition=__consumer_offsets-39, dir=/tmp/kafka-logs] Loading producer state till offset 0 (org.apache.kafka.storage.internals.log.UnifiedLog)
kafka1  | 2026-09-26T00:23:19.188377458Z [2026-09-26 00:23:19,187] INFO [Partition __consumer_offsets-6 broker=1] No checkpointed highwatermark is found for partition __consumer_offsets-6 (kafka.cluster.Partition)
kafka3  | 2026-09-26T00:23:19.142551156Z [2026-09-26 00:23:19,141] INFO Created log for partition __consumer_offsets-39 in /tmp/kafka-logs/__consumer_offsets-39 with properties {cleanup.policy=compact, compression.type="producer", segment.bytes=104857600} (kafka.log.LogManager)
kafka1  | 2026-09-26T00:23:19.191653004Z [2026-09-26 00:23:19,191] INFO [Partition __consumer_offsets-6 broker=1] Log loaded for partition __consumer_offsets-6 with initial high watermark 0 (kafka.cluster.Partition)
kafka1  | 2026-09-26T00:23:19.228718185Z [2026-09-26 00:23:19,227] INFO [LogLoader partition=__consumer_offsets-35, dir=/tmp/kafka-logs] Loading producer state till offset 0 (org.apache.kafka.storage.internals.log.UnifiedLog)
kafka1  | 2026-09-26T00:23:19.262028651Z [2026-09-26 00:23:19,260] INFO Created log for partition __consumer_offsets-35 in /tmp/kafka-logs/__consumer_offsets-35 with properties {cleanup.policy=compact, compression.type="producer", segment.bytes=104857600} (kafka.log.LogManager)
kafka1  | 2026-09-26T00:23:19.267023468Z [2026-09-26 00:23:19,261] INFO [Partition __consumer_offsets-35 broker=1] No checkpointed highwatermark is found for partition __consumer_offsets-35 (kafka.cluster.Partition)
kafka3  | 2026-09-26T00:23:19.142793810Z [2026-09-26 00:23:19,142] INFO [Partition __consumer_offsets-39 broker=3] No checkpointed highwatermark is found for partition __consumer_offsets-39 (kafka.cluster.Partition)
kafka1  | 2026-09-26T00:23:19.271388652Z [2026-09-26 00:23:19,270] INFO [Partition __consumer_offsets-35 broker=1] Log loaded for partition __consumer_offsets-35 with initial high watermark 0 (kafka.cluster.Partition)
kafka1  | 2026-09-26T00:23:19.319107185Z [2026-09-26 00:23:19,318] INFO [LogLoader partition=__consumer_offsets-33, dir=/tmp/kafka-logs] Loading producer state till offset 0 (org.apache.kafka.storage.internals.log.UnifiedLog)
kafka1  | 2026-09-26T00:23:19.328700933Z [2026-09-26 00:23:19,327] INFO Created log for partition __consumer_offsets-33 in /tmp/kafka-logs/__consumer_offsets-33 with properties {cleanup.policy=compact, compression.type="producer", segment.bytes=104857600} (kafka.log.LogManager)
kafka1  | 2026-09-26T00:23:19.330764520Z [2026-09-26 00:23:19,329] INFO [Partition __consumer_offsets-33 broker=1] No checkpointed highwatermark is found for partition __consumer_offsets-33 (kafka.cluster.Partition)
kafka1  | 2026-09-26T00:23:19.333273843Z [2026-09-26 00:23:19,331] INFO [Partition __consumer_offsets-33 broker=1] Log loaded for partition __consumer_offsets-33 with initial high watermark 0 (kafka.cluster.Partition)
kafka1  | 2026-09-26T00:23:19.336418242Z [2026-09-26 00:23:19,335] INFO [ReplicaFetcherManager on broker 1] Removed fetcher for partitions Set(__consumer_offsets-48, __consumer_offsets-13, __consumer_offsets-11, __consumer_offsets-9, __consumer_offsets-42, __consumer_offsets-23, __consumer_offsets-19, __consumer_offsets-17, __consumer_offsets-32, __consumer_offsets-28, __consumer_offsets-26, __consumer_offsets-7, __consumer_offsets-40, __consumer_offsets-5, __consumer_offsets-3, __consumer_offsets-36, __consumer_offsets-1, __consumer_offsets-47, __consumer_offsets-16, __consumer_offsets-45, __consumer_offsets-14, __consumer_offsets-43, __consumer_offsets-22, __consumer_offsets-20, __consumer_offsets-49, __consumer_offsets-31, __consumer_offsets-0, __consumer_offsets-29, __consumer_offsets-25, __consumer_offsets-39, __consumer_offsets-37, __consumer_offsets-6, __consumer_offsets-35, __consumer_offsets-33) (kafka.server.ReplicaFetcherManager)
kafka2  | 2026-09-26T00:23:19.031012727Z [2026-09-26 00:23:19,030] INFO [ReplicaFetcher replicaId=2, leaderId=1, fetcherId=0] Truncating partition __consumer_offsets-41 with TruncationState(offset=0, completed=true) due to local high watermark 0 (kafka.server.ReplicaFetcherThread)
kafka1  | 2026-09-26T00:23:19.382601099Z [2026-09-26 00:23:19,369] INFO [ReplicaFetcherThread-0-2]: Starting (kafka.server.ReplicaFetcherThread)
kafka3  | 2026-09-26T00:23:19.143434866Z [2026-09-26 00:23:19,142] INFO [Partition __consumer_offsets-39 broker=3] Log loaded for partition __consumer_offsets-39 with initial high watermark 0 (kafka.cluster.Partition)
kafka3  | 2026-09-26T00:23:19.173049450Z [2026-09-26 00:23:19,172] INFO [LogLoader partition=__consumer_offsets-8, dir=/tmp/kafka-logs] Loading producer state till offset 0 (org.apache.kafka.storage.internals.log.UnifiedLog)
kafka1  | 2026-09-26T00:23:19.382751828Z [2026-09-26 00:23:19,378] INFO [ReplicaFetcherManager on broker 1] Added fetcher to broker 2 for partitions HashMap(__consumer_offsets-47 -> InitialFetchState(Some(ZGFhrgkeSDKE-O_FaP3hAA),BrokerEndPoint[id=2, host=kafka2, port=19092],0,0), __consumer_offsets-14 -> InitialFetchState(Some(ZGFhrgkeSDKE-O_FaP3hAA),BrokerEndPoint[id=2, host=kafka2, port=19092],0,0), __consumer_offsets-11 -> InitialFetchState(Some(ZGFhrgkeSDKE-O_FaP3hAA),BrokerEndPoint[id=2, host=kafka2, port=19092],0,0), __consumer_offsets-42 -> InitialFetchState(Some(ZGFhrgkeSDKE-O_FaP3hAA),BrokerEndPoint[id=2, host=kafka2, port=19092],0,0), __consumer_offsets-23 -> InitialFetchState(Some(ZGFhrgkeSDKE-O_FaP3hAA),BrokerEndPoint[id=2, host=kafka2, port=19092],0,0), __consumer_offsets-20 -> InitialFetchState(Some(ZGFhrgkeSDKE-O_FaP3hAA),BrokerEndPoint[id=2, host=kafka2, port=19092],0,0), __consumer_offsets-17 -> InitialFetchState(Some(ZGFhrgkeSDKE-O_FaP3hAA),BrokerEndPoint[id=2, host=kafka2, port=19092],0,0), __consumer_offsets-49 -> InitialFetchState(Some(ZGFhrgkeSDKE-O_FaP3hAA),BrokerEndPoint[id=2, host=kafka2, port=19092],0,0), __consumer_offsets-31 -> InitialFetchState(Some(ZGFhrgkeSDKE-O_FaP3hAA),BrokerEndPoint[id=2, host=kafka2, port=19092],0,0), __consumer_offsets-0 -> InitialFetchState(Some(ZGFhrgkeSDKE-O_FaP3hAA),BrokerEndPoint[id=2, host=kafka2, port=19092],0,0), __consumer_offsets-28 -> InitialFetchState(Some(ZGFhrgkeSDKE-O_FaP3hAA),BrokerEndPoint[id=2, host=kafka2, port=19092],0,0), __consumer_offsets-25 -> InitialFetchState(Some(ZGFhrgkeSDKE-O_FaP3hAA),BrokerEndPoint[id=2, host=kafka2, port=19092],0,0), __consumer_offsets-39 -> InitialFetchState(Some(ZGFhrgkeSDKE-O_FaP3hAA),BrokerEndPoint[id=2, host=kafka2, port=19092],0,0), __consumer_offsets-7 -> InitialFetchState(Some(ZGFhrgkeSDKE-O_FaP3hAA),BrokerEndPoint[id=2, host=kafka2, port=19092],0,0), __consumer_offsets-5 -> InitialFetchState(Some(ZGFhrgkeSDKE-O_FaP3hAA),BrokerEndPoint[id=2, host=kafka2, port=19092],0,0), __consumer_offsets-35 -> InitialFetchState(Some(ZGFhrgkeSDKE-O_FaP3hAA),BrokerEndPoint[id=2, host=kafka2, port=19092],0,0), __consumer_offsets-36 -> InitialFetchState(Some(ZGFhrgkeSDKE-O_FaP3hAA),BrokerEndPoint[id=2, host=kafka2, port=19092],0,0)) (kafka.server.ReplicaFetcherManager)
kafka1  | 2026-09-26T00:23:19.382849408Z [2026-09-26 00:23:19,381] INFO [ReplicaFetcher replicaId=1, leaderId=2, fetcherId=0] Truncating partition __consumer_offsets-47 with TruncationState(offset=0, completed=true) due to local high watermark 0 (kafka.server.ReplicaFetcherThread)
kafka1  | 2026-09-26T00:23:19.390312324Z [2026-09-26 00:23:19,388] INFO [UnifiedLog partition=__consumer_offsets-47, dir=/tmp/kafka-logs] Truncating to 0 has no effect as the largest offset in the log is -1 (org.apache.kafka.storage.internals.log.UnifiedLog)
kafka1  | 2026-09-26T00:23:19.391275190Z [2026-09-26 00:23:19,382] INFO [ReplicaFetcherManager on broker 1] Added fetcher to broker 3 for partitions HashMap(__consumer_offsets-16 -> InitialFetchState(Some(ZGFhrgkeSDKE-O_FaP3hAA),BrokerEndPoint[id=3, host=kafka3, port=19092],0,0), __consumer_offsets-48 -> InitialFetchState(Some(ZGFhrgkeSDKE-O_FaP3hAA),BrokerEndPoint[id=3, host=kafka3, port=19092],0,0), __consumer_offsets-13 -> InitialFetchState(Some(ZGFhrgkeSDKE-O_FaP3hAA),BrokerEndPoint[id=3, host=kafka3, port=19092],0,0), __consumer_offsets-45 -> InitialFetchState(Some(ZGFhrgkeSDKE-O_FaP3hAA),BrokerEndPoint[id=3, host=kafka3, port=19092],0,0), __consumer_offsets-43 -> InitialFetchState(Some(ZGFhrgkeSDKE-O_FaP3hAA),BrokerEndPoint[id=3, host=kafka3, port=19092],0,0), __consumer_offsets-9 -> InitialFetchState(Some(ZGFhrgkeSDKE-O_FaP3hAA),BrokerEndPoint[id=3, host=kafka3, port=19092],0,0), __consumer_offsets-22 -> InitialFetchState(Some(ZGFhrgkeSDKE-O_FaP3hAA),BrokerEndPoint[id=3, host=kafka3, port=19092],0,0), __consumer_offsets-19 -> InitialFetchState(Some(ZGFhrgkeSDKE-O_FaP3hAA),BrokerEndPoint[id=3, host=kafka3, port=19092],0,0), __consumer_offsets-32 -> InitialFetchState(Some(ZGFhrgkeSDKE-O_FaP3hAA),BrokerEndPoint[id=3, host=kafka3, port=19092],0,0), __consumer_offsets-29 -> InitialFetchState(Some(ZGFhrgkeSDKE-O_FaP3hAA),BrokerEndPoint[id=3, host=kafka3, port=19092],0,0), __consumer_offsets-26 -> InitialFetchState(Some(ZGFhrgkeSDKE-O_FaP3hAA),BrokerEndPoint[id=3, host=kafka3, port=19092],0,0), __consumer_offsets-40 -> InitialFetchState(Some(ZGFhrgkeSDKE-O_FaP3hAA),BrokerEndPoint[id=3, host=kafka3, port=19092],0,0), __consumer_offsets-37 -> InitialFetchState(Some(ZGFhrgkeSDKE-O_FaP3hAA),BrokerEndPoint[id=3, host=kafka3, port=19092],0,0), __consumer_offsets-6 -> InitialFetchState(Some(ZGFhrgkeSDKE-O_FaP3hAA),BrokerEndPoint[id=3, host=kafka3, port=19092],0,0), __consumer_offsets-3 -> InitialFetchState(Some(ZGFhrgkeSDKE-O_FaP3hAA),BrokerEndPoint[id=3, host=kafka3, port=19092],0,0), __consumer_offsets-33 -> InitialFetchState(Some(ZGFhrgkeSDKE-O_FaP3hAA),BrokerEndPoint[id=3, host=kafka3, port=19092],0,0), __consumer_offsets-1 -> InitialFetchState(Some(ZGFhrgkeSDKE-O_FaP3hAA),BrokerEndPoint[id=3, host=kafka3, port=19092],0,0)) (kafka.server.ReplicaFetcherManager)
kafka1  | 2026-09-26T00:23:19.394774822Z [2026-09-26 00:23:19,390] INFO [ReplicaFetcher replicaId=1, leaderId=2, fetcherId=0] Truncating partition __consumer_offsets-14 with TruncationState(offset=0, completed=true) due to local high watermark 0 (kafka.server.ReplicaFetcherThread)
kafka1  | 2026-09-26T00:23:19.403849510Z [2026-09-26 00:23:19,403] INFO [UnifiedLog partition=__consumer_offsets-14, dir=/tmp/kafka-logs] Truncating to 0 has no effect as the largest offset in the log is -1 (org.apache.kafka.storage.internals.log.UnifiedLog)
kafka1  | 2026-09-26T00:23:19.405680127Z [2026-09-26 00:23:19,405] INFO [ReplicaFetcher replicaId=1, leaderId=2, fetcherId=0] Truncating partition __consumer_offsets-11 with TruncationState(offset=0, completed=true) due to local high watermark 0 (kafka.server.ReplicaFetcherThread)
kafka2  | 2026-09-26T00:23:19.032698994Z [2026-09-26 00:23:19,030] INFO [UnifiedLog partition=__consumer_offsets-41, dir=/tmp/kafka-logs] Truncating to 0 has no effect as the largest offset in the log is -1 (org.apache.kafka.storage.internals.log.UnifiedLog)
kafka1  | 2026-09-26T00:23:19.415648177Z [2026-09-26 00:23:19,408] INFO [UnifiedLog partition=__consumer_offsets-11, dir=/tmp/kafka-logs] Truncating to 0 has no effect as the largest offset in the log is -1 (org.apache.kafka.storage.internals.log.UnifiedLog)
kafka3  | 2026-09-26T00:23:19.184388752Z [2026-09-26 00:23:19,183] INFO Created log for partition __consumer_offsets-8 in /tmp/kafka-logs/__consumer_offsets-8 with properties {cleanup.policy=compact, compression.type="producer", segment.bytes=104857600} (kafka.log.LogManager)
kafka2  | 2026-09-26T00:23:19.032765861Z [2026-09-26 00:23:19,031] INFO [ReplicaFetcher replicaId=2, leaderId=1, fetcherId=0] Truncating partition __consumer_offsets-10 with TruncationState(offset=0, completed=true) due to local high watermark 0 (kafka.server.ReplicaFetcherThread)
kafka3  | 2026-09-26T00:23:19.190681585Z [2026-09-26 00:23:19,189] INFO [Partition __consumer_offsets-8 broker=3] No checkpointed highwatermark is found for partition __consumer_offsets-8 (kafka.cluster.Partition)
kafka2  | 2026-09-26T00:23:19.033865276Z [2026-09-26 00:23:19,032] INFO [UnifiedLog partition=__consumer_offsets-16, dir=/tmp/kafka-logs] Truncating to 0 has no effect as the largest offset in the log is -1 (org.apache.kafka.storage.internals.log.UnifiedLog)
kafka1  | 2026-09-26T00:23:19.415724753Z [2026-09-26 00:23:19,410] INFO [ReplicaFetcher replicaId=1, leaderId=2, fetcherId=0] Truncating partition __consumer_offsets-42 with TruncationState(offset=0, completed=true) due to local high watermark 0 (kafka.server.ReplicaFetcherThread)
kafka1  | 2026-09-26T00:23:19.415732229Z [2026-09-26 00:23:19,413] INFO [UnifiedLog partition=__consumer_offsets-42, dir=/tmp/kafka-logs] Truncating to 0 has no effect as the largest offset in the log is -1 (org.apache.kafka.storage.internals.log.UnifiedLog)
kafka1  | 2026-09-26T00:23:19.415738181Z [2026-09-26 00:23:19,415] INFO [ReplicaFetcher replicaId=1, leaderId=2, fetcherId=0] Truncating partition __consumer_offsets-23 with TruncationState(offset=0, completed=true) due to local high watermark 0 (kafka.server.ReplicaFetcherThread)
kafka1  | 2026-09-26T00:23:19.417195394Z [2026-09-26 00:23:19,416] INFO [UnifiedLog partition=__consumer_offsets-23, dir=/tmp/kafka-logs] Truncating to 0 has no effect as the largest offset in the log is -1 (org.apache.kafka.storage.internals.log.UnifiedLog)
kafka1  | 2026-09-26T00:23:19.418868570Z [2026-09-26 00:23:19,418] INFO [ReplicaFetcher replicaId=1, leaderId=2, fetcherId=0] Truncating partition __consumer_offsets-20 with TruncationState(offset=0, completed=true) due to local high watermark 0 (kafka.server.ReplicaFetcherThread)
kafka1  | 2026-09-26T00:23:19.421292722Z [2026-09-26 00:23:19,420] INFO [UnifiedLog partition=__consumer_offsets-20, dir=/tmp/kafka-logs] Truncating to 0 has no effect as the largest offset in the log is -1 (org.apache.kafka.storage.internals.log.UnifiedLog)
kafka3  | 2026-09-26T00:23:19.202580150Z [2026-09-26 00:23:19,198] INFO [Partition __consumer_offsets-8 broker=3] Log loaded for partition __consumer_offsets-8 with initial high watermark 0 (kafka.cluster.Partition)
kafka3  | 2026-09-26T00:23:19.265413461Z [2026-09-26 00:23:19,262] INFO [LogLoader partition=__consumer_offsets-35, dir=/tmp/kafka-logs] Loading producer state till offset 0 (org.apache.kafka.storage.internals.log.UnifiedLog)
kafka3  | 2026-09-26T00:23:19.272547254Z [2026-09-26 00:23:19,271] INFO Created log for partition __consumer_offsets-35 in /tmp/kafka-logs/__consumer_offsets-35 with properties {cleanup.policy=compact, compression.type="producer", segment.bytes=104857600} (kafka.log.LogManager)
kafka3  | 2026-09-26T00:23:19.274379184Z [2026-09-26 00:23:19,273] INFO [Partition __consumer_offsets-35 broker=3] No checkpointed highwatermark is found for partition __consumer_offsets-35 (kafka.cluster.Partition)
kafka3  | 2026-09-26T00:23:19.275298566Z [2026-09-26 00:23:19,274] INFO [Partition __consumer_offsets-35 broker=3] Log loaded for partition __consumer_offsets-35 with initial high watermark 0 (kafka.cluster.Partition)
kafka2  | 2026-09-26T00:23:19.036383906Z [2026-09-26 00:23:19,035] INFO [ReplicaFetcher replicaId=2, leaderId=3, fetcherId=0] Truncating partition __consumer_offsets-48 with TruncationState(offset=0, completed=true) due to local high watermark 0 (kafka.server.ReplicaFetcherThread)
kafka3  | 2026-09-26T00:23:19.342878240Z [2026-09-26 00:23:19,339] INFO [LogLoader partition=__consumer_offsets-4, dir=/tmp/kafka-logs] Loading producer state till offset 0 (org.apache.kafka.storage.internals.log.UnifiedLog)
kafka2  | 2026-09-26T00:23:19.039867548Z [2026-09-26 00:23:19,035] INFO [ReplicaFetcherManager on broker 2] Added fetcher to broker 3 for partitions HashMap(__consumer_offsets-16 -> InitialFetchState(Some(ZGFhrgkeSDKE-O_FaP3hAA),BrokerEndPoint[id=3, host=kafka3, port=19092],0,0), __consumer_offsets-48 -> InitialFetchState(Some(ZGFhrgkeSDKE-O_FaP3hAA),BrokerEndPoint[id=3, host=kafka3, port=19092],0,0), __consumer_offsets-13 -> InitialFetchState(Some(ZGFhrgkeSDKE-O_FaP3hAA),BrokerEndPoint[id=3, host=kafka3, port=19092],0,0), __consumer_offsets-45 -> InitialFetchState(Some(ZGFhrgkeSDKE-O_FaP3hAA),BrokerEndPoint[id=3, host=kafka3, port=19092],0,0), __consumer_offsets-43 -> InitialFetchState(Some(ZGFhrgkeSDKE-O_FaP3hAA),BrokerEndPoint[id=3, host=kafka3, port=19092],0,0), __consumer_offsets-9 -> InitialFetchState(Some(ZGFhrgkeSDKE-O_FaP3hAA),BrokerEndPoint[id=3, host=kafka3, port=19092],0,0), __consumer_offsets-22 -> InitialFetchState(Some(ZGFhrgkeSDKE-O_FaP3hAA),BrokerEndPoint[id=3, host=kafka3, port=19092],0,0), __consumer_offsets-19 -> InitialFetchState(Some(ZGFhrgkeSDKE-O_FaP3hAA),BrokerEndPoint[id=3, host=kafka3, port=19092],0,0), __consumer_offsets-32 -> InitialFetchState(Some(ZGFhrgkeSDKE-O_FaP3hAA),BrokerEndPoint[id=3, host=kafka3, port=19092],0,0), __consumer_offsets-29 -> InitialFetchState(Some(ZGFhrgkeSDKE-O_FaP3hAA),BrokerEndPoint[id=3, host=kafka3, port=19092],0,0), __consumer_offsets-26 -> InitialFetchState(Some(ZGFhrgkeSDKE-O_FaP3hAA),BrokerEndPoint[id=3, host=kafka3, port=19092],0,0), __consumer_offsets-40 -> InitialFetchState(Some(ZGFhrgkeSDKE-O_FaP3hAA),BrokerEndPoint[id=3, host=kafka3, port=19092],0,0), __consumer_offsets-37 -> InitialFetchState(Some(ZGFhrgkeSDKE-O_FaP3hAA),BrokerEndPoint[id=3, host=kafka3, port=19092],0,0), __consumer_offsets-6 -> InitialFetchState(Some(ZGFhrgkeSDKE-O_FaP3hAA),BrokerEndPoint[id=3, host=kafka3, port=19092],0,0), __consumer_offsets-3 -> InitialFetchState(Some(ZGFhrgkeSDKE-O_FaP3hAA),BrokerEndPoint[id=3, host=kafka3, port=19092],0,0), __consumer_offsets-33 -> InitialFetchState(Some(ZGFhrgkeSDKE-O_FaP3hAA),BrokerEndPoint[id=3, host=kafka3, port=19092],0,0), __consumer_offsets-1 -> InitialFetchState(Some(ZGFhrgkeSDKE-O_FaP3hAA),BrokerEndPoint[id=3, host=kafka3, port=19092],0,0)) (kafka.server.ReplicaFetcherManager)
kafka2  | 2026-09-26T00:23:19.040066245Z [2026-09-26 00:23:19,036] INFO [UnifiedLog partition=__consumer_offsets-48, dir=/tmp/kafka-logs] Truncating to 0 has no effect as the largest offset in the log is -1 (org.apache.kafka.storage.internals.log.UnifiedLog)
kafka3  | 2026-09-26T00:23:19.356858578Z [2026-09-26 00:23:19,356] INFO Created log for partition __consumer_offsets-4 in /tmp/kafka-logs/__consumer_offsets-4 with properties {cleanup.policy=compact, compression.type="producer", segment.bytes=104857600} (kafka.log.LogManager)
kafka3  | 2026-09-26T00:23:19.358354356Z [2026-09-26 00:23:19,357] INFO [Partition __consumer_offsets-4 broker=3] No checkpointed highwatermark is found for partition __consumer_offsets-4 (kafka.cluster.Partition)
kafka3  | 2026-09-26T00:23:19.359223114Z [2026-09-26 00:23:19,358] INFO [Partition __consumer_offsets-4 broker=3] Log loaded for partition __consumer_offsets-4 with initial high watermark 0 (kafka.cluster.Partition)
kafka3  | 2026-09-26T00:23:19.397667644Z [2026-09-26 00:23:19,396] INFO [LogLoader partition=__consumer_offsets-2, dir=/tmp/kafka-logs] Loading producer state till offset 0 (org.apache.kafka.storage.internals.log.UnifiedLog)
kafka3  | 2026-09-26T00:23:19.405211007Z [2026-09-26 00:23:19,404] INFO Created log for partition __consumer_offsets-2 in /tmp/kafka-logs/__consumer_offsets-2 with properties {cleanup.policy=compact, compression.type="producer", segment.bytes=104857600} (kafka.log.LogManager)
kafka2  | 2026-09-26T00:23:19.040148934Z [2026-09-26 00:23:19,037] INFO [UnifiedLog partition=__consumer_offsets-10, dir=/tmp/kafka-logs] Truncating to 0 has no effect as the largest offset in the log is -1 (org.apache.kafka.storage.internals.log.UnifiedLog)
kafka1  | 2026-09-26T00:23:19.423507848Z [2026-09-26 00:23:19,422] INFO [ReplicaFetcher replicaId=1, leaderId=2, fetcherId=0] Truncating partition __consumer_offsets-17 with TruncationState(offset=0, completed=true) due to local high watermark 0 (kafka.server.ReplicaFetcherThread)
kafka1  | 2026-09-26T00:23:19.434185146Z [2026-09-26 00:23:19,432] INFO [UnifiedLog partition=__consumer_offsets-17, dir=/tmp/kafka-logs] Truncating to 0 has no effect as the largest offset in the log is -1 (org.apache.kafka.storage.internals.log.UnifiedLog)
kafka1  | 2026-09-26T00:23:19.440309384Z [2026-09-26 00:23:19,439] INFO [ReplicaFetcher replicaId=1, leaderId=2, fetcherId=0] Truncating partition __consumer_offsets-49 with TruncationState(offset=0, completed=true) due to local high watermark 0 (kafka.server.ReplicaFetcherThread)
kafka1  | 2026-09-26T00:23:19.442069257Z [2026-09-26 00:23:19,441] INFO [UnifiedLog partition=__consumer_offsets-49, dir=/tmp/kafka-logs] Truncating to 0 has no effect as the largest offset in the log is -1 (org.apache.kafka.storage.internals.log.UnifiedLog)
kafka3  | 2026-09-26T00:23:19.407624518Z [2026-09-26 00:23:19,407] INFO [Partition __consumer_offsets-2 broker=3] No checkpointed highwatermark is found for partition __consumer_offsets-2 (kafka.cluster.Partition)
kafka3  | 2026-09-26T00:23:19.417695358Z [2026-09-26 00:23:19,416] INFO [Partition __consumer_offsets-2 broker=3] Log loaded for partition __consumer_offsets-2 with initial high watermark 0 (kafka.cluster.Partition)
kafka3  | 2026-09-26T00:23:19.428337532Z [2026-09-26 00:23:19,427] INFO [ReplicaFetcherManager on broker 3] Removed fetcher for partitions Set(__consumer_offsets-15, __consumer_offsets-46, __consumer_offsets-11, __consumer_offsets-44, __consumer_offsets-42, __consumer_offsets-23, __consumer_offsets-21, __consumer_offsets-17, __consumer_offsets-30, __consumer_offsets-28, __consumer_offsets-7, __consumer_offsets-5, __consumer_offsets-38, __consumer_offsets-36, __consumer_offsets-34, __consumer_offsets-47, __consumer_offsets-14, __consumer_offsets-12, __consumer_offsets-41, __consumer_offsets-10, __consumer_offsets-24, __consumer_offsets-20, __consumer_offsets-49, __consumer_offsets-18, __consumer_offsets-31, __consumer_offsets-0, __consumer_offsets-27, __consumer_offsets-25, __consumer_offsets-39, __consumer_offsets-8, __consumer_offsets-35, __consumer_offsets-4, __consumer_offsets-2) (kafka.server.ReplicaFetcherManager)
kafka3  | 2026-09-26T00:23:19.458636334Z [2026-09-26 00:23:19,457] INFO [ReplicaFetcherManager on broker 3] Added fetcher to broker 2 for partitions HashMap(__consumer_offsets-47 -> InitialFetchState(Some(ZGFhrgkeSDKE-O_FaP3hAA),BrokerEndPoint[id=2, host=kafka2, port=19092],0,0), __consumer_offsets-14 -> InitialFetchState(Some(ZGFhrgkeSDKE-O_FaP3hAA),BrokerEndPoint[id=2, host=kafka2, port=19092],0,0), __consumer_offsets-11 -> InitialFetchState(Some(ZGFhrgkeSDKE-O_FaP3hAA),BrokerEndPoint[id=2, host=kafka2, port=19092],0,0), __consumer_offsets-42 -> InitialFetchState(Some(ZGFhrgkeSDKE-O_FaP3hAA),BrokerEndPoint[id=2, host=kafka2, port=19092],0,0), __consumer_offsets-23 -> InitialFetchState(Some(ZGFhrgkeSDKE-O_FaP3hAA),BrokerEndPoint[id=2, host=kafka2, port=19092],0,0), __consumer_offsets-20 -> InitialFetchState(Some(ZGFhrgkeSDKE-O_FaP3hAA),BrokerEndPoint[id=2, host=kafka2, port=19092],0,0), __consumer_offsets-17 -> InitialFetchState(Some(ZGFhrgkeSDKE-O_FaP3hAA),BrokerEndPoint[id=2, host=kafka2, port=19092],0,0), __consumer_offsets-49 -> InitialFetchState(Some(ZGFhrgkeSDKE-O_FaP3hAA),BrokerEndPoint[id=2, host=kafka2, port=19092],0,0), __consumer_offsets-31 -> InitialFetchState(Some(ZGFhrgkeSDKE-O_FaP3hAA),BrokerEndPoint[id=2, host=kafka2, port=19092],0,0), __consumer_offsets-0 -> InitialFetchState(Some(ZGFhrgkeSDKE-O_FaP3hAA),BrokerEndPoint[id=2, host=kafka2, port=19092],0,0), __consumer_offsets-28 -> InitialFetchState(Some(ZGFhrgkeSDKE-O_FaP3hAA),BrokerEndPoint[id=2, host=kafka2, port=19092],0,0), __consumer_offsets-25 -> InitialFetchState(Some(ZGFhrgkeSDKE-O_FaP3hAA),BrokerEndPoint[id=2, host=kafka2, port=19092],0,0), __consumer_offsets-39 -> InitialFetchState(Some(ZGFhrgkeSDKE-O_FaP3hAA),BrokerEndPoint[id=2, host=kafka2, port=19092],0,0), __consumer_offsets-7 -> InitialFetchState(Some(ZGFhrgkeSDKE-O_FaP3hAA),BrokerEndPoint[id=2, host=kafka2, port=19092],0,0), __consumer_offsets-5 -> InitialFetchState(Some(ZGFhrgkeSDKE-O_FaP3hAA),BrokerEndPoint[id=2, host=kafka2, port=19092],0,0), __consumer_offsets-35 -> InitialFetchState(Some(ZGFhrgkeSDKE-O_FaP3hAA),BrokerEndPoint[id=2, host=kafka2, port=19092],0,0), __consumer_offsets-36 -> InitialFetchState(Some(ZGFhrgkeSDKE-O_FaP3hAA),BrokerEndPoint[id=2, host=kafka2, port=19092],0,0)) (kafka.server.ReplicaFetcherManager)
kafka3  | 2026-09-26T00:23:19.514809883Z [2026-09-26 00:23:19,511] INFO [ReplicaFetcherThread-0-1]: Starting (kafka.server.ReplicaFetcherThread)
kafka3  | 2026-09-26T00:23:19.516066096Z [2026-09-26 00:23:19,515] INFO [ReplicaFetcher replicaId=3, leaderId=1, fetcherId=0] Truncating partition __consumer_offsets-15 with TruncationState(offset=0, completed=true) due to local high watermark 0 (kafka.server.ReplicaFetcherThread)
kafka3  | 2026-09-26T00:23:19.516160519Z [2026-09-26 00:23:19,514] INFO [ReplicaFetcherManager on broker 3] Added fetcher to broker 1 for partitions HashMap(__consumer_offsets-15 -> InitialFetchState(Some(ZGFhrgkeSDKE-O_FaP3hAA),BrokerEndPoint[id=1, host=kafka1, port=19092],0,0), __consumer_offsets-46 -> InitialFetchState(Some(ZGFhrgkeSDKE-O_FaP3hAA),BrokerEndPoint[id=1, host=kafka1, port=19092],0,0), __consumer_offsets-44 -> InitialFetchState(Some(ZGFhrgkeSDKE-O_FaP3hAA),BrokerEndPoint[id=1, host=kafka1, port=19092],0,0), __consumer_offsets-12 -> InitialFetchState(Some(ZGFhrgkeSDKE-O_FaP3hAA),BrokerEndPoint[id=1, host=kafka1, port=19092],0,0), __consumer_offsets-41 -> InitialFetchState(Some(ZGFhrgkeSDKE-O_FaP3hAA),BrokerEndPoint[id=1, host=kafka1, port=19092],0,0), __consumer_offsets-10 -> InitialFetchState(Some(ZGFhrgkeSDKE-O_FaP3hAA),BrokerEndPoint[id=1, host=kafka1, port=19092],0,0), __consumer_offsets-24 -> InitialFetchState(Some(ZGFhrgkeSDKE-O_FaP3hAA),BrokerEndPoint[id=1, host=kafka1, port=19092],0,0), __consumer_offsets-21 -> InitialFetchState(Some(ZGFhrgkeSDKE-O_FaP3hAA),BrokerEndPoint[id=1, host=kafka1, port=19092],0,0), __consumer_offsets-18 -> InitialFetchState(Some(ZGFhrgkeSDKE-O_FaP3hAA),BrokerEndPoint[id=1, host=kafka1, port=19092],0,0), __consumer_offsets-30 -> InitialFetchState(Some(ZGFhrgkeSDKE-O_FaP3hAA),BrokerEndPoint[id=1, host=kafka1, port=19092],0,0), __consumer_offsets-27 -> InitialFetchState(Some(ZGFhrgkeSDKE-O_FaP3hAA),BrokerEndPoint[id=1, host=kafka1, port=19092],0,0), __consumer_offsets-8 -> InitialFetchState(Some(ZGFhrgkeSDKE-O_FaP3hAA),BrokerEndPoint[id=1, host=kafka1, port=19092],0,0), __consumer_offsets-38 -> InitialFetchState(Some(ZGFhrgkeSDKE-O_FaP3hAA),BrokerEndPoint[id=1, host=kafka1, port=19092],0,0), __consumer_offsets-4 -> InitialFetchState(Some(ZGFhrgkeSDKE-O_FaP3hAA),BrokerEndPoint[id=1, host=kafka1, port=19092],0,0), __consumer_offsets-34 -> InitialFetchState(Some(ZGFhrgkeSDKE-O_FaP3hAA),BrokerEndPoint[id=1, host=kafka1, port=19092],0,0), __consumer_offsets-2 -> InitialFetchState(Some(ZGFhrgkeSDKE-O_FaP3hAA),BrokerEndPoint[id=1, host=kafka1, port=19092],0,0)) (kafka.server.ReplicaFetcherManager)
kafka3  | 2026-09-26T00:23:19.518467159Z [2026-09-26 00:23:19,516] INFO [UnifiedLog partition=__consumer_offsets-15, dir=/tmp/kafka-logs] Truncating to 0 has no effect as the largest offset in the log is -1 (org.apache.kafka.storage.internals.log.UnifiedLog)
kafka3  | 2026-09-26T00:23:19.522824562Z [2026-09-26 00:23:19,520] INFO [ReplicaFetcher replicaId=3, leaderId=1, fetcherId=0] Truncating partition __consumer_offsets-46 with TruncationState(offset=0, completed=true) due to local high watermark 0 (kafka.server.ReplicaFetcherThread)
kafka3  | 2026-09-26T00:23:19.522943114Z [2026-09-26 00:23:19,521] INFO [UnifiedLog partition=__consumer_offsets-46, dir=/tmp/kafka-logs] Truncating to 0 has no effect as the largest offset in the log is -1 (org.apache.kafka.storage.internals.log.UnifiedLog)
kafka3  | 2026-09-26T00:23:19.527812050Z [2026-09-26 00:23:19,523] INFO [ReplicaFetcher replicaId=3, leaderId=1, fetcherId=0] Truncating partition __consumer_offsets-44 with TruncationState(offset=0, completed=true) due to local high watermark 0 (kafka.server.ReplicaFetcherThread)
kafka2  | 2026-09-26T00:23:19.040158985Z [2026-09-26 00:23:19,037] INFO [ReplicaFetcher replicaId=2, leaderId=3, fetcherId=0] Truncating partition __consumer_offsets-13 with TruncationState(offset=0, completed=true) due to local high watermark 0 (kafka.server.ReplicaFetcherThread)
kafka2  | 2026-09-26T00:23:19.040164667Z [2026-09-26 00:23:19,037] INFO [ReplicaFetcher replicaId=2, leaderId=1, fetcherId=0] Truncating partition __consumer_offsets-24 with TruncationState(offset=0, completed=true) due to local high watermark 0 (kafka.server.ReplicaFetcherThread)
kafka3  | 2026-09-26T00:23:19.527881592Z [2026-09-26 00:23:19,525] INFO [UnifiedLog partition=__consumer_offsets-44, dir=/tmp/kafka-logs] Truncating to 0 has no effect as the largest offset in the log is -1 (org.apache.kafka.storage.internals.log.UnifiedLog)
kafka2  | 2026-09-26T00:23:19.040170519Z [2026-09-26 00:23:19,038] INFO [UnifiedLog partition=__consumer_offsets-24, dir=/tmp/kafka-logs] Truncating to 0 has no effect as the largest offset in the log is -1 (org.apache.kafka.storage.internals.log.UnifiedLog)
kafka2  | 2026-09-26T00:23:19.040894181Z [2026-09-26 00:23:19,039] INFO [ReplicaFetcher replicaId=2, leaderId=1, fetcherId=0] Truncating partition __consumer_offsets-21 with TruncationState(offset=0, completed=true) due to local high watermark 0 (kafka.server.ReplicaFetcherThread)
kafka1  | 2026-09-26T00:23:19.449893385Z [2026-09-26 00:23:19,446] INFO [ReplicaFetcher replicaId=1, leaderId=2, fetcherId=0] Truncating partition __consumer_offsets-31 with TruncationState(offset=0, completed=true) due to local high watermark 0 (kafka.server.ReplicaFetcherThread)
kafka1  | 2026-09-26T00:23:19.450575131Z [2026-09-26 00:23:19,449] INFO [UnifiedLog partition=__consumer_offsets-31, dir=/tmp/kafka-logs] Truncating to 0 has no effect as the largest offset in the log is -1 (org.apache.kafka.storage.internals.log.UnifiedLog)
kafka1  | 2026-09-26T00:23:19.453286973Z [2026-09-26 00:23:19,452] INFO [ReplicaFetcher replicaId=1, leaderId=2, fetcherId=0] Truncating partition __consumer_offsets-0 with TruncationState(offset=0, completed=true) due to local high watermark 0 (kafka.server.ReplicaFetcherThread)
kafka1  | 2026-09-26T00:23:19.453380815Z [2026-09-26 00:23:19,452] INFO [ReplicaFetcher replicaId=1, leaderId=3, fetcherId=0] Truncating partition __consumer_offsets-16 with TruncationState(offset=0, completed=true) due to local high watermark 0 (kafka.server.ReplicaFetcherThread)
kafka2  | 2026-09-26T00:23:19.042428224Z [2026-09-26 00:23:19,040] INFO [UnifiedLog partition=__consumer_offsets-21, dir=/tmp/kafka-logs] Truncating to 0 has no effect as the largest offset in the log is -1 (org.apache.kafka.storage.internals.log.UnifiedLog)
kafka2  | 2026-09-26T00:23:19.052409905Z [2026-09-26 00:23:19,051] INFO [ReplicaFetcher replicaId=2, leaderId=1, fetcherId=0] Truncating partition __consumer_offsets-18 with TruncationState(offset=0, completed=true) due to local high watermark 0 (kafka.server.ReplicaFetcherThread)
kafka2  | 2026-09-26T00:23:19.052517095Z [2026-09-26 00:23:19,051] INFO [UnifiedLog partition=__consumer_offsets-13, dir=/tmp/kafka-logs] Truncating to 0 has no effect as the largest offset in the log is -1 (org.apache.kafka.storage.internals.log.UnifiedLog)
kafka2  | 2026-09-26T00:23:19.054726351Z [2026-09-26 00:23:19,053] INFO [UnifiedLog partition=__consumer_offsets-18, dir=/tmp/kafka-logs] Truncating to 0 has no effect as the largest offset in the log is -1 (org.apache.kafka.storage.internals.log.UnifiedLog)
kafka2  | 2026-09-26T00:23:19.060732754Z [2026-09-26 00:23:19,059] INFO [ReplicaFetcher replicaId=2, leaderId=3, fetcherId=0] Truncating partition __consumer_offsets-45 with TruncationState(offset=0, completed=true) due to local high watermark 0 (kafka.server.ReplicaFetcherThread)
kafka2  | 2026-09-26T00:23:19.061305838Z [2026-09-26 00:23:19,060] INFO [ReplicaFetcher replicaId=2, leaderId=1, fetcherId=0] Truncating partition __consumer_offsets-30 with TruncationState(offset=0, completed=true) due to local high watermark 0 (kafka.server.ReplicaFetcherThread)
kafka2  | 2026-09-26T00:23:19.066804076Z [2026-09-26 00:23:19,062] INFO [UnifiedLog partition=__consumer_offsets-30, dir=/tmp/kafka-logs] Truncating to 0 has no effect as the largest offset in the log is -1 (org.apache.kafka.storage.internals.log.UnifiedLog)
kafka1  | 2026-09-26T00:23:19.462568935Z [2026-09-26 00:23:19,459] INFO [UnifiedLog partition=__consumer_offsets-0, dir=/tmp/kafka-logs] Truncating to 0 has no effect as the largest offset in the log is -1 (org.apache.kafka.storage.internals.log.UnifiedLog)
kafka2  | 2026-09-26T00:23:19.070110029Z [2026-09-26 00:23:19,063] INFO [UnifiedLog partition=__consumer_offsets-45, dir=/tmp/kafka-logs] Truncating to 0 has no effect as the largest offset in the log is -1 (org.apache.kafka.storage.internals.log.UnifiedLog)
kafka2  | 2026-09-26T00:23:19.070143167Z [2026-09-26 00:23:19,063] INFO [ReplicaFetcher replicaId=2, leaderId=1, fetcherId=0] Truncating partition __consumer_offsets-27 with TruncationState(offset=0, completed=true) due to local high watermark 0 (kafka.server.ReplicaFetcherThread)
kafka2  | 2026-09-26T00:23:19.070150542Z [2026-09-26 00:23:19,064] INFO [ReplicaFetcher replicaId=2, leaderId=3, fetcherId=0] Truncating partition __consumer_offsets-43 with TruncationState(offset=0, completed=true) due to local high watermark 0 (kafka.server.ReplicaFetcherThread)
kafka3  | 2026-09-26T00:23:19.530834788Z [2026-09-26 00:23:19,527] INFO [ReplicaFetcher replicaId=3, leaderId=1, fetcherId=0] Truncating partition __consumer_offsets-12 with TruncationState(offset=0, completed=true) due to local high watermark 0 (kafka.server.ReplicaFetcherThread)
kafka2  | 2026-09-26T00:23:19.070155823Z [2026-09-26 00:23:19,064] INFO [UnifiedLog partition=__consumer_offsets-27, dir=/tmp/kafka-logs] Truncating to 0 has no effect as the largest offset in the log is -1 (org.apache.kafka.storage.internals.log.UnifiedLog)
kafka3  | 2026-09-26T00:23:19.530895883Z [2026-09-26 00:23:19,529] INFO [UnifiedLog partition=__consumer_offsets-12, dir=/tmp/kafka-logs] Truncating to 0 has no effect as the largest offset in the log is -1 (org.apache.kafka.storage.internals.log.UnifiedLog)
kafka2  | 2026-09-26T00:23:19.070160874Z [2026-09-26 00:23:19,065] INFO [UnifiedLog partition=__consumer_offsets-43, dir=/tmp/kafka-logs] Truncating to 0 has no effect as the largest offset in the log is -1 (org.apache.kafka.storage.internals.log.UnifiedLog)
kafka2  | 2026-09-26T00:23:19.070165764Z [2026-09-26 00:23:19,065] INFO [ReplicaFetcher replicaId=2, leaderId=3, fetcherId=0] Truncating partition __consumer_offsets-9 with TruncationState(offset=0, completed=true) due to local high watermark 0 (kafka.server.ReplicaFetcherThread)
kafka2  | 2026-09-26T00:23:19.070210796Z [2026-09-26 00:23:19,066] INFO [ReplicaFetcher replicaId=2, leaderId=1, fetcherId=0] Truncating partition __consumer_offsets-8 with TruncationState(offset=0, completed=true) due to local high watermark 0 (kafka.server.ReplicaFetcherThread)
kafka1  | 2026-09-26T00:23:19.462707228Z [2026-09-26 00:23:19,459] INFO [UnifiedLog partition=__consumer_offsets-16, dir=/tmp/kafka-logs] Truncating to 0 has no effect as the largest offset in the log is -1 (org.apache.kafka.storage.internals.log.UnifiedLog)
kafka3  | 2026-09-26T00:23:19.531976275Z [2026-09-26 00:23:19,531] INFO [ReplicaFetcher replicaId=3, leaderId=1, fetcherId=0] Truncating partition __consumer_offsets-41 with TruncationState(offset=0, completed=true) due to local high watermark 0 (kafka.server.ReplicaFetcherThread)
kafka1  | 2026-09-26T00:23:19.467508710Z [2026-09-26 00:23:19,461] INFO [ReplicaFetcher replicaId=1, leaderId=3, fetcherId=0] Truncating partition __consumer_offsets-48 with TruncationState(offset=0, completed=true) due to local high watermark 0 (kafka.server.ReplicaFetcherThread)
kafka1  | 2026-09-26T00:23:19.467537810Z [2026-09-26 00:23:19,461] INFO [ReplicaFetcher replicaId=1, leaderId=2, fetcherId=0] Truncating partition __consumer_offsets-28 with TruncationState(offset=0, completed=true) due to local high watermark 0 (kafka.server.ReplicaFetcherThread)
kafka2  | 2026-09-26T00:23:19.070217399Z [2026-09-26 00:23:19,066] INFO [UnifiedLog partition=__consumer_offsets-9, dir=/tmp/kafka-logs] Truncating to 0 has no effect as the largest offset in the log is -1 (org.apache.kafka.storage.internals.log.UnifiedLog)
kafka2  | 2026-09-26T00:23:19.074846453Z [2026-09-26 00:23:19,074] INFO [UnifiedLog partition=__consumer_offsets-8, dir=/tmp/kafka-logs] Truncating to 0 has no effect as the largest offset in the log is -1 (org.apache.kafka.storage.internals.log.UnifiedLog)
kafka2  | 2026-09-26T00:23:19.076029700Z [2026-09-26 00:23:19,075] INFO [ReplicaFetcher replicaId=2, leaderId=1, fetcherId=0] Truncating partition __consumer_offsets-38 with TruncationState(offset=0, completed=true) due to local high watermark 0 (kafka.server.ReplicaFetcherThread)
kafka1  | 2026-09-26T00:23:19.467547940Z [2026-09-26 00:23:19,466] INFO [UnifiedLog partition=__consumer_offsets-48, dir=/tmp/kafka-logs] Truncating to 0 has no effect as the largest offset in the log is -1 (org.apache.kafka.storage.internals.log.UnifiedLog)
kafka2  | 2026-09-26T00:23:19.076119123Z [2026-09-26 00:23:19,075] INFO [ReplicaFetcher replicaId=2, leaderId=3, fetcherId=0] Truncating partition __consumer_offsets-22 with TruncationState(offset=0, completed=true) due to local high watermark 0 (kafka.server.ReplicaFetcherThread)
kafka2  | 2026-09-26T00:23:19.076820309Z [2026-09-26 00:23:19,076] INFO [UnifiedLog partition=__consumer_offsets-22, dir=/tmp/kafka-logs] Truncating to 0 has no effect as the largest offset in the log is -1 (org.apache.kafka.storage.internals.log.UnifiedLog)
kafka1  | 2026-09-26T00:23:19.467555977Z [2026-09-26 00:23:19,466] INFO [UnifiedLog partition=__consumer_offsets-28, dir=/tmp/kafka-logs] Truncating to 0 has no effect as the largest offset in the log is -1 (org.apache.kafka.storage.internals.log.UnifiedLog)
kafka2  | 2026-09-26T00:23:19.076939053Z [2026-09-26 00:23:19,076] INFO [UnifiedLog partition=__consumer_offsets-38, dir=/tmp/kafka-logs] Truncating to 0 has no effect as the largest offset in the log is -1 (org.apache.kafka.storage.internals.log.UnifiedLog)
kafka2  | 2026-09-26T00:23:19.082187776Z [2026-09-26 00:23:19,077] INFO [ReplicaFetcher replicaId=2, leaderId=3, fetcherId=0] Truncating partition __consumer_offsets-19 with TruncationState(offset=0, completed=true) due to local high watermark 0 (kafka.server.ReplicaFetcherThread)
kafka2  | 2026-09-26T00:23:19.082408799Z [2026-09-26 00:23:19,077] INFO [ReplicaFetcher replicaId=2, leaderId=1, fetcherId=0] Truncating partition __consumer_offsets-4 with TruncationState(offset=0, completed=true) due to local high watermark 0 (kafka.server.ReplicaFetcherThread)
kafka2  | 2026-09-26T00:23:19.083462848Z [2026-09-26 00:23:19,078] INFO [UnifiedLog partition=__consumer_offsets-4, dir=/tmp/kafka-logs] Truncating to 0 has no effect as the largest offset in the log is -1 (org.apache.kafka.storage.internals.log.UnifiedLog)
kafka2  | 2026-09-26T00:23:19.083521518Z [2026-09-26 00:23:19,080] INFO [ReplicaFetcher replicaId=2, leaderId=1, fetcherId=0] Truncating partition __consumer_offsets-34 with TruncationState(offset=0, completed=true) due to local high watermark 0 (kafka.server.ReplicaFetcherThread)
kafka1  | 2026-09-26T00:23:19.470808412Z [2026-09-26 00:23:19,467] INFO [ReplicaFetcher replicaId=1, leaderId=2, fetcherId=0] Truncating partition __consumer_offsets-25 with TruncationState(offset=0, completed=true) due to local high watermark 0 (kafka.server.ReplicaFetcherThread)
kafka1  | 2026-09-26T00:23:19.470903227Z [2026-09-26 00:23:19,467] INFO [ReplicaFetcher replicaId=1, leaderId=3, fetcherId=0] Truncating partition __consumer_offsets-13 with TruncationState(offset=0, completed=true) due to local high watermark 0 (kafka.server.ReplicaFetcherThread)
kafka1  | 2026-09-26T00:23:19.471068114Z [2026-09-26 00:23:19,468] INFO [UnifiedLog partition=__consumer_offsets-13, dir=/tmp/kafka-logs] Truncating to 0 has no effect as the largest offset in the log is -1 (org.apache.kafka.storage.internals.log.UnifiedLog)
kafka3  | 2026-09-26T00:23:19.534705868Z [2026-09-26 00:23:19,533] INFO [UnifiedLog partition=__consumer_offsets-41, dir=/tmp/kafka-logs] Truncating to 0 has no effect as the largest offset in the log is -1 (org.apache.kafka.storage.internals.log.UnifiedLog)
kafka1  | 2026-09-26T00:23:19.472445464Z [2026-09-26 00:23:19,468] INFO [UnifiedLog partition=__consumer_offsets-25, dir=/tmp/kafka-logs] Truncating to 0 has no effect as the largest offset in the log is -1 (org.apache.kafka.storage.internals.log.UnifiedLog)
kafka3  | 2026-09-26T00:23:19.536525694Z [2026-09-26 00:23:19,535] INFO [ReplicaFetcher replicaId=3, leaderId=1, fetcherId=0] Truncating partition __consumer_offsets-10 with TruncationState(offset=0, completed=true) due to local high watermark 0 (kafka.server.ReplicaFetcherThread)
kafka3  | 2026-09-26T00:23:19.539866684Z [2026-09-26 00:23:19,537] INFO [UnifiedLog partition=__consumer_offsets-10, dir=/tmp/kafka-logs] Truncating to 0 has no effect as the largest offset in the log is -1 (org.apache.kafka.storage.internals.log.UnifiedLog)
kafka1  | 2026-09-26T00:23:19.473273499Z [2026-09-26 00:23:19,471] INFO [ReplicaFetcher replicaId=1, leaderId=3, fetcherId=0] Truncating partition __consumer_offsets-45 with TruncationState(offset=0, completed=true) due to local high watermark 0 (kafka.server.ReplicaFetcherThread)
kafka3  | 2026-09-26T00:23:19.544575742Z [2026-09-26 00:23:19,542] INFO [ReplicaFetcher replicaId=3, leaderId=1, fetcherId=0] Truncating partition __consumer_offsets-24 with TruncationState(offset=0, completed=true) due to local high watermark 0 (kafka.server.ReplicaFetcherThread)
kafka1  | 2026-09-26T00:23:19.478482040Z [2026-09-26 00:23:19,474] INFO [UnifiedLog partition=__consumer_offsets-45, dir=/tmp/kafka-logs] Truncating to 0 has no effect as the largest offset in the log is -1 (org.apache.kafka.storage.internals.log.UnifiedLog)
kafka3  | 2026-09-26T00:23:19.544682941Z [2026-09-26 00:23:19,543] INFO [UnifiedLog partition=__consumer_offsets-24, dir=/tmp/kafka-logs] Truncating to 0 has no effect as the largest offset in the log is -1 (org.apache.kafka.storage.internals.log.UnifiedLog)
kafka1  | 2026-09-26T00:23:19.478830686Z [2026-09-26 00:23:19,473] INFO [ReplicaFetcher replicaId=1, leaderId=2, fetcherId=0] Truncating partition __consumer_offsets-39 with TruncationState(offset=0, completed=true) due to local high watermark 0 (kafka.server.ReplicaFetcherThread)
kafka3  | 2026-09-26T00:23:19.546901771Z [2026-09-26 00:23:19,545] INFO [ReplicaFetcher replicaId=3, leaderId=1, fetcherId=0] Truncating partition __consumer_offsets-21 with TruncationState(offset=0, completed=true) due to local high watermark 0 (kafka.server.ReplicaFetcherThread)
kafka3  | 2026-09-26T00:23:19.554738277Z [2026-09-26 00:23:19,551] INFO [UnifiedLog partition=__consumer_offsets-21, dir=/tmp/kafka-logs] Truncating to 0 has no effect as the largest offset in the log is -1 (org.apache.kafka.storage.internals.log.UnifiedLog)
kafka1  | 2026-09-26T00:23:19.482444893Z [2026-09-26 00:23:19,479] INFO [UnifiedLog partition=__consumer_offsets-39, dir=/tmp/kafka-logs] Truncating to 0 has no effect as the largest offset in the log is -1 (org.apache.kafka.storage.internals.log.UnifiedLog)
kafka3  | 2026-09-26T00:23:19.554838011Z [2026-09-26 00:23:19,553] INFO [ReplicaFetcher replicaId=3, leaderId=1, fetcherId=0] Truncating partition __consumer_offsets-18 with TruncationState(offset=0, completed=true) due to local high watermark 0 (kafka.server.ReplicaFetcherThread)
kafka1  | 2026-09-26T00:23:19.482587434Z [2026-09-26 00:23:19,480] INFO [ReplicaFetcher replicaId=1, leaderId=3, fetcherId=0] Truncating partition __consumer_offsets-43 with TruncationState(offset=0, completed=true) due to local high watermark 0 (kafka.server.ReplicaFetcherThread)
kafka2  | 2026-09-26T00:23:19.083527370Z [2026-09-26 00:23:19,079] INFO [UnifiedLog partition=__consumer_offsets-19, dir=/tmp/kafka-logs] Truncating to 0 has no effect as the largest offset in the log is -1 (org.apache.kafka.storage.internals.log.UnifiedLog)
kafka3  | 2026-09-26T00:23:19.555842868Z [2026-09-26 00:23:19,554] INFO [UnifiedLog partition=__consumer_offsets-18, dir=/tmp/kafka-logs] Truncating to 0 has no effect as the largest offset in the log is -1 (org.apache.kafka.storage.internals.log.UnifiedLog)
kafka3  | 2026-09-26T00:23:19.557762721Z [2026-09-26 00:23:19,556] INFO [ReplicaFetcher replicaId=3, leaderId=1, fetcherId=0] Truncating partition __consumer_offsets-30 with TruncationState(offset=0, completed=true) due to local high watermark 0 (kafka.server.ReplicaFetcherThread)
kafka2  | 2026-09-26T00:23:19.083532982Z [2026-09-26 00:23:19,082] INFO [UnifiedLog partition=__consumer_offsets-34, dir=/tmp/kafka-logs] Truncating to 0 has no effect as the largest offset in the log is -1 (org.apache.kafka.storage.internals.log.UnifiedLog)
kafka3  | 2026-09-26T00:23:19.564366538Z [2026-09-26 00:23:19,558] INFO [UnifiedLog partition=__consumer_offsets-30, dir=/tmp/kafka-logs] Truncating to 0 has no effect as the largest offset in the log is -1 (org.apache.kafka.storage.internals.log.UnifiedLog)
kafka2  | 2026-09-26T00:23:19.083795429Z [2026-09-26 00:23:19,083] INFO [ReplicaFetcher replicaId=2, leaderId=3, fetcherId=0] Truncating partition __consumer_offsets-32 with TruncationState(offset=0, completed=true) due to local high watermark 0 (kafka.server.ReplicaFetcherThread)
kafka2  | 2026-09-26T00:23:19.083852256Z [2026-09-26 00:23:19,083] INFO [ReplicaFetcher replicaId=2, leaderId=1, fetcherId=0] Truncating partition __consumer_offsets-2 with TruncationState(offset=0, completed=true) due to local high watermark 0 (kafka.server.ReplicaFetcherThread)
kafka2  | 2026-09-26T00:23:19.085303539Z [2026-09-26 00:23:19,084] INFO [UnifiedLog partition=__consumer_offsets-32, dir=/tmp/kafka-logs] Truncating to 0 has no effect as the largest offset in the log is -1 (org.apache.kafka.storage.internals.log.UnifiedLog)
kafka3  | 2026-09-26T00:23:19.566305628Z [2026-09-26 00:23:19,565] INFO [ReplicaFetcher replicaId=3, leaderId=1, fetcherId=0] Truncating partition __consumer_offsets-27 with TruncationState(offset=0, completed=true) due to local high watermark 0 (kafka.server.ReplicaFetcherThread)
kafka2  | 2026-09-26T00:23:19.085330644Z [2026-09-26 00:23:19,084] INFO [UnifiedLog partition=__consumer_offsets-2, dir=/tmp/kafka-logs] Truncating to 0 has no effect as the largest offset in the log is -1 (org.apache.kafka.storage.internals.log.UnifiedLog)
kafka3  | 2026-09-26T00:23:19.569282391Z [2026-09-26 00:23:19,568] INFO [UnifiedLog partition=__consumer_offsets-27, dir=/tmp/kafka-logs] Truncating to 0 has no effect as the largest offset in the log is -1 (org.apache.kafka.storage.internals.log.UnifiedLog)
kafka3  | 2026-09-26T00:23:19.572875791Z [2026-09-26 00:23:19,572] INFO [ReplicaFetcher replicaId=3, leaderId=1, fetcherId=0] Truncating partition __consumer_offsets-8 with TruncationState(offset=0, completed=true) due to local high watermark 0 (kafka.server.ReplicaFetcherThread)
kafka3  | 2026-09-26T00:23:19.575307840Z [2026-09-26 00:23:19,574] INFO [UnifiedLog partition=__consumer_offsets-8, dir=/tmp/kafka-logs] Truncating to 0 has no effect as the largest offset in the log is -1 (org.apache.kafka.storage.internals.log.UnifiedLog)
kafka2  | 2026-09-26T00:23:19.086547274Z [2026-09-26 00:23:19,085] INFO [ReplicaFetcher replicaId=2, leaderId=3, fetcherId=0] Truncating partition __consumer_offsets-29 with TruncationState(offset=0, completed=true) due to local high watermark 0 (kafka.server.ReplicaFetcherThread)
kafka2  | 2026-09-26T00:23:19.089023426Z [2026-09-26 00:23:19,088] INFO [UnifiedLog partition=__consumer_offsets-29, dir=/tmp/kafka-logs] Truncating to 0 has no effect as the largest offset in the log is -1 (org.apache.kafka.storage.internals.log.UnifiedLog)
kafka3  | 2026-09-26T00:23:19.577675858Z [2026-09-26 00:23:19,576] INFO [ReplicaFetcher replicaId=3, leaderId=1, fetcherId=0] Truncating partition __consumer_offsets-38 with TruncationState(offset=0, completed=true) due to local high watermark 0 (kafka.server.ReplicaFetcherThread)
kafka3  | 2026-09-26T00:23:19.582791661Z [2026-09-26 00:23:19,580] INFO [UnifiedLog partition=__consumer_offsets-38, dir=/tmp/kafka-logs] Truncating to 0 has no effect as the largest offset in the log is -1 (org.apache.kafka.storage.internals.log.UnifiedLog)
kafka3  | 2026-09-26T00:23:19.583744692Z [2026-09-26 00:23:19,583] INFO [ReplicaFetcher replicaId=3, leaderId=1, fetcherId=0] Truncating partition __consumer_offsets-4 with TruncationState(offset=0, completed=true) due to local high watermark 0 (kafka.server.ReplicaFetcherThread)
kafka3  | 2026-09-26T00:23:19.585331368Z [2026-09-26 00:23:19,584] INFO [UnifiedLog partition=__consumer_offsets-4, dir=/tmp/kafka-logs] Truncating to 0 has no effect as the largest offset in the log is -1 (org.apache.kafka.storage.internals.log.UnifiedLog)
kafka2  | 2026-09-26T00:23:19.090732387Z [2026-09-26 00:23:19,090] INFO [ReplicaFetcher replicaId=2, leaderId=3, fetcherId=0] Truncating partition __consumer_offsets-26 with TruncationState(offset=0, completed=true) due to local high watermark 0 (kafka.server.ReplicaFetcherThread)
kafka2  | 2026-09-26T00:23:19.092731163Z [2026-09-26 00:23:19,091] INFO [UnifiedLog partition=__consumer_offsets-26, dir=/tmp/kafka-logs] Truncating to 0 has no effect as the largest offset in the log is -1 (org.apache.kafka.storage.internals.log.UnifiedLog)
kafka2  | 2026-09-26T00:23:19.093938145Z [2026-09-26 00:23:19,093] INFO [ReplicaFetcher replicaId=2, leaderId=3, fetcherId=0] Truncating partition __consumer_offsets-40 with TruncationState(offset=0, completed=true) due to local high watermark 0 (kafka.server.ReplicaFetcherThread)
kafka2  | 2026-09-26T00:23:19.095650243Z [2026-09-26 00:23:19,094] INFO [UnifiedLog partition=__consumer_offsets-40, dir=/tmp/kafka-logs] Truncating to 0 has no effect as the largest offset in the log is -1 (org.apache.kafka.storage.internals.log.UnifiedLog)
kafka2  | 2026-09-26T00:23:19.097198540Z [2026-09-26 00:23:19,096] INFO [ReplicaFetcher replicaId=2, leaderId=3, fetcherId=0] Truncating partition __consumer_offsets-37 with TruncationState(offset=0, completed=true) due to local high watermark 0 (kafka.server.ReplicaFetcherThread)
kafka3  | 2026-09-26T00:23:19.587142203Z [2026-09-26 00:23:19,586] INFO [ReplicaFetcher replicaId=3, leaderId=1, fetcherId=0] Truncating partition __consumer_offsets-34 with TruncationState(offset=0, completed=true) due to local high watermark 0 (kafka.server.ReplicaFetcherThread)
kafka2  | 2026-09-26T00:23:19.102571495Z [2026-09-26 00:23:19,098] INFO [UnifiedLog partition=__consumer_offsets-37, dir=/tmp/kafka-logs] Truncating to 0 has no effect as the largest offset in the log is -1 (org.apache.kafka.storage.internals.log.UnifiedLog)
kafka3  | 2026-09-26T00:23:19.588609799Z [2026-09-26 00:23:19,587] INFO [UnifiedLog partition=__consumer_offsets-34, dir=/tmp/kafka-logs] Truncating to 0 has no effect as the largest offset in the log is -1 (org.apache.kafka.storage.internals.log.UnifiedLog)
kafka2  | 2026-09-26T00:23:19.102691220Z [2026-09-26 00:23:19,100] INFO [ReplicaFetcher replicaId=2, leaderId=3, fetcherId=0] Truncating partition __consumer_offsets-6 with TruncationState(offset=0, completed=true) due to local high watermark 0 (kafka.server.ReplicaFetcherThread)
kafka2  | 2026-09-26T00:23:19.102725150Z [2026-09-26 00:23:19,102] INFO [UnifiedLog partition=__consumer_offsets-6, dir=/tmp/kafka-logs] Truncating to 0 has no effect as the largest offset in the log is -1 (org.apache.kafka.storage.internals.log.UnifiedLog)
kafka1  | 2026-09-26T00:23:19.485416819Z [2026-09-26 00:23:19,484] INFO [UnifiedLog partition=__consumer_offsets-43, dir=/tmp/kafka-logs] Truncating to 0 has no effect as the largest offset in the log is -1 (org.apache.kafka.storage.internals.log.UnifiedLog)
kafka2  | 2026-09-26T00:23:19.104332643Z [2026-09-26 00:23:19,103] INFO [ReplicaFetcher replicaId=2, leaderId=3, fetcherId=0] Truncating partition __consumer_offsets-3 with TruncationState(offset=0, completed=true) due to local high watermark 0 (kafka.server.ReplicaFetcherThread)
kafka2  | 2026-09-26T00:23:19.107485966Z [2026-09-26 00:23:19,104] INFO [UnifiedLog partition=__consumer_offsets-3, dir=/tmp/kafka-logs] Truncating to 0 has no effect as the largest offset in the log is -1 (org.apache.kafka.storage.internals.log.UnifiedLog)
kafka2  | 2026-09-26T00:23:19.110062504Z [2026-09-26 00:23:19,108] INFO [ReplicaFetcher replicaId=2, leaderId=3, fetcherId=0] Truncating partition __consumer_offsets-33 with TruncationState(offset=0, completed=true) due to local high watermark 0 (kafka.server.ReplicaFetcherThread)
kafka3  | 2026-09-26T00:23:19.593728376Z [2026-09-26 00:23:19,589] INFO [ReplicaFetcher replicaId=3, leaderId=1, fetcherId=0] Truncating partition __consumer_offsets-2 with TruncationState(offset=0, completed=true) due to local high watermark 0 (kafka.server.ReplicaFetcherThread)
kafka1  | 2026-09-26T00:23:19.487996020Z [2026-09-26 00:23:19,487] INFO [ReplicaFetcher replicaId=1, leaderId=3, fetcherId=0] Truncating partition __consumer_offsets-9 with TruncationState(offset=0, completed=true) due to local high watermark 0 (kafka.server.ReplicaFetcherThread)
kafka1  | 2026-09-26T00:23:19.491226653Z [2026-09-26 00:23:19,490] INFO [UnifiedLog partition=__consumer_offsets-9, dir=/tmp/kafka-logs] Truncating to 0 has no effect as the largest offset in the log is -1 (org.apache.kafka.storage.internals.log.UnifiedLog)
kafka2  | 2026-09-26T00:23:19.114415967Z [2026-09-26 00:23:19,111] INFO [UnifiedLog partition=__consumer_offsets-33, dir=/tmp/kafka-logs] Truncating to 0 has no effect as the largest offset in the log is -1 (org.apache.kafka.storage.internals.log.UnifiedLog)
kafka1  | 2026-09-26T00:23:19.495205960Z [2026-09-26 00:23:19,487] INFO [ReplicaFetcher replicaId=1, leaderId=2, fetcherId=0] Truncating partition __consumer_offsets-7 with TruncationState(offset=0, completed=true) due to local high watermark 0 (kafka.server.ReplicaFetcherThread)
kafka2  | 2026-09-26T00:23:19.114633774Z [2026-09-26 00:23:19,113] INFO [ReplicaFetcher replicaId=2, leaderId=3, fetcherId=0] Truncating partition __consumer_offsets-1 with TruncationState(offset=0, completed=true) due to local high watermark 0 (kafka.server.ReplicaFetcherThread)
kafka1  | 2026-09-26T00:23:19.497769886Z [2026-09-26 00:23:19,496] INFO [UnifiedLog partition=__consumer_offsets-7, dir=/tmp/kafka-logs] Truncating to 0 has no effect as the largest offset in the log is -1 (org.apache.kafka.storage.internals.log.UnifiedLog)
kafka1  | 2026-09-26T00:23:19.499019705Z [2026-09-26 00:23:19,498] INFO [ReplicaFetcher replicaId=1, leaderId=3, fetcherId=0] Truncating partition __consumer_offsets-22 with TruncationState(offset=0, completed=true) due to local high watermark 0 (kafka.server.ReplicaFetcherThread)
kafka1  | 2026-09-26T00:23:19.501174158Z [2026-09-26 00:23:19,500] INFO [UnifiedLog partition=__consumer_offsets-22, dir=/tmp/kafka-logs] Truncating to 0 has no effect as the largest offset in the log is -1 (org.apache.kafka.storage.internals.log.UnifiedLog)
kafka1  | 2026-09-26T00:23:19.507540221Z [2026-09-26 00:23:19,498] INFO [ReplicaFetcher replicaId=1, leaderId=2, fetcherId=0] Truncating partition __consumer_offsets-5 with TruncationState(offset=0, completed=true) due to local high watermark 0 (kafka.server.ReplicaFetcherThread)
kafka1  | 2026-09-26T00:23:19.509132732Z [2026-09-26 00:23:19,508] INFO [UnifiedLog partition=__consumer_offsets-5, dir=/tmp/kafka-logs] Truncating to 0 has no effect as the largest offset in the log is -1 (org.apache.kafka.storage.internals.log.UnifiedLog)
kafka3  | 2026-09-26T00:23:19.593841227Z [2026-09-26 00:23:19,591] INFO [UnifiedLog partition=__consumer_offsets-2, dir=/tmp/kafka-logs] Truncating to 0 has no effect as the largest offset in the log is -1 (org.apache.kafka.storage.internals.log.UnifiedLog)
kafka3  | 2026-09-26T00:23:19.614450830Z [2026-09-26 00:23:19,613] INFO [GroupCoordinator id=3] Scheduling loading of metadata from __consumer_offsets-16 with epoch 0 (org.apache.kafka.coordinator.common.runtime.CoordinatorRuntime)
kafka3  | 2026-09-26T00:23:19.654898636Z [2026-09-26 00:23:19,653] INFO [ReplicaFetcher replicaId=3, leaderId=2, fetcherId=0] Truncating partition __consumer_offsets-47 with TruncationState(offset=0, completed=true) due to local high watermark 0 (kafka.server.ReplicaFetcherThread)
kafka2  | 2026-09-26T00:23:19.116312473Z [2026-09-26 00:23:19,115] INFO [UnifiedLog partition=__consumer_offsets-1, dir=/tmp/kafka-logs] Truncating to 0 has no effect as the largest offset in the log is -1 (org.apache.kafka.storage.internals.log.UnifiedLog)
kafka3  | 2026-09-26T00:23:19.656525488Z [2026-09-26 00:23:19,655] INFO [UnifiedLog partition=__consumer_offsets-47, dir=/tmp/kafka-logs] Truncating to 0 has no effect as the largest offset in the log is -1 (org.apache.kafka.storage.internals.log.UnifiedLog)
kafka3  | 2026-09-26T00:23:19.658626329Z [2026-09-26 00:23:19,657] INFO [ReplicaFetcher replicaId=3, leaderId=2, fetcherId=0] Truncating partition __consumer_offsets-14 with TruncationState(offset=0, completed=true) due to local high watermark 0 (kafka.server.ReplicaFetcherThread)
kafka1  | 2026-09-26T00:23:19.510267630Z [2026-09-26 00:23:19,509] INFO [ReplicaFetcher replicaId=1, leaderId=2, fetcherId=0] Truncating partition __consumer_offsets-35 with TruncationState(offset=0, completed=true) due to local high watermark 0 (kafka.server.ReplicaFetcherThread)
kafka2  | 2026-09-26T00:23:19.142056079Z [2026-09-26 00:23:19,141] INFO [GroupCoordinator id=2] Scheduling loading of metadata from __consumer_offsets-47 with epoch 0 (org.apache.kafka.coordinator.common.runtime.CoordinatorRuntime)
kafka1  | 2026-09-26T00:23:19.510436410Z [2026-09-26 00:23:19,509] INFO [ReplicaFetcher replicaId=1, leaderId=3, fetcherId=0] Truncating partition __consumer_offsets-19 with TruncationState(offset=0, completed=true) due to local high watermark 0 (kafka.server.ReplicaFetcherThread)
kafka2  | 2026-09-26T00:23:19.168674381Z [2026-09-26 00:23:19,166] INFO [GroupCoordinator id=2] Scheduling loading of metadata from __consumer_offsets-14 with epoch 0 (org.apache.kafka.coordinator.common.runtime.CoordinatorRuntime)
kafka1  | 2026-09-26T00:23:19.518013740Z [2026-09-26 00:23:19,510] INFO [UnifiedLog partition=__consumer_offsets-35, dir=/tmp/kafka-logs] Truncating to 0 has no effect as the largest offset in the log is -1 (org.apache.kafka.storage.internals.log.UnifiedLog)
kafka2  | 2026-09-26T00:23:19.168903551Z [2026-09-26 00:23:19,168] INFO [GroupCoordinator id=2] Scheduling loading of metadata from __consumer_offsets-11 with epoch 0 (org.apache.kafka.coordinator.common.runtime.CoordinatorRuntime)
kafka2  | 2026-09-26T00:23:19.171447120Z [2026-09-26 00:23:19,170] INFO [GroupCoordinator id=2] Scheduling loading of metadata from __consumer_offsets-42 with epoch 0 (org.apache.kafka.coordinator.common.runtime.CoordinatorRuntime)
kafka2  | 2026-09-26T00:23:19.176314244Z [2026-09-26 00:23:19,175] INFO [GroupCoordinator id=2] Scheduling loading of metadata from __consumer_offsets-23 with epoch 0 (org.apache.kafka.coordinator.common.runtime.CoordinatorRuntime)
kafka2  | 2026-09-26T00:23:19.191931574Z [2026-09-26 00:23:19,189] INFO [GroupCoordinator id=2] Scheduling loading of metadata from __consumer_offsets-20 with epoch 0 (org.apache.kafka.coordinator.common.runtime.CoordinatorRuntime)
kafka2  | 2026-09-26T00:23:19.197347682Z [2026-09-26 00:23:19,196] INFO [GroupCoordinator id=2] Scheduling loading of metadata from __consumer_offsets-17 with epoch 0 (org.apache.kafka.coordinator.common.runtime.CoordinatorRuntime)
kafka2  | 2026-09-26T00:23:19.199804417Z [2026-09-26 00:23:19,198] INFO [GroupCoordinator id=2] Scheduling loading of metadata from __consumer_offsets-49 with epoch 0 (org.apache.kafka.coordinator.common.runtime.CoordinatorRuntime)
kafka2  | 2026-09-26T00:23:19.200910411Z [2026-09-26 00:23:19,199] INFO [GroupCoordinator id=2] Scheduling loading of metadata from __consumer_offsets-31 with epoch 0 (org.apache.kafka.coordinator.common.runtime.CoordinatorRuntime)
kafka2  | 2026-09-26T00:23:19.202756661Z [2026-09-26 00:23:19,201] INFO [GroupCoordinator id=2] Scheduling loading of metadata from __consumer_offsets-0 with epoch 0 (org.apache.kafka.coordinator.common.runtime.CoordinatorRuntime)
kafka1  | 2026-09-26T00:23:19.518541869Z [2026-09-26 00:23:19,511] INFO [UnifiedLog partition=__consumer_offsets-19, dir=/tmp/kafka-logs] Truncating to 0 has no effect as the largest offset in the log is -1 (org.apache.kafka.storage.internals.log.UnifiedLog)
kafka2  | 2026-09-26T00:23:19.205463422Z [2026-09-26 00:23:19,204] INFO [GroupCoordinator id=2] Scheduling loading of metadata from __consumer_offsets-28 with epoch 0 (org.apache.kafka.coordinator.common.runtime.CoordinatorRuntime)
kafka2  | 2026-09-26T00:23:19.214870060Z [2026-09-26 00:23:19,209] INFO [GroupCoordinator id=2] Scheduling loading of metadata from __consumer_offsets-25 with epoch 0 (org.apache.kafka.coordinator.common.runtime.CoordinatorRuntime)
kafka2  | 2026-09-26T00:23:19.222830036Z [2026-09-26 00:23:19,217] INFO [GroupCoordinator id=2] Scheduling loading of metadata from __consumer_offsets-7 with epoch 0 (org.apache.kafka.coordinator.common.runtime.CoordinatorRuntime)
kafka2  | 2026-09-26T00:23:19.222929209Z [2026-09-26 00:23:19,219] INFO [GroupCoordinator id=2] Scheduling loading of metadata from __consumer_offsets-39 with epoch 0 (org.apache.kafka.coordinator.common.runtime.CoordinatorRuntime)
kafka2  | 2026-09-26T00:23:19.222938137Z [2026-09-26 00:23:19,221] INFO [GroupCoordinator id=2] Scheduling loading of metadata from __consumer_offsets-5 with epoch 0 (org.apache.kafka.coordinator.common.runtime.CoordinatorRuntime)
kafka2  | 2026-09-26T00:23:19.225082687Z [2026-09-26 00:23:19,223] INFO [GroupCoordinator id=2] Scheduling loading of metadata from __consumer_offsets-35 with epoch 0 (org.apache.kafka.coordinator.common.runtime.CoordinatorRuntime)
kafka2  | 2026-09-26T00:23:19.226748623Z [2026-09-26 00:23:19,226] INFO [GroupCoordinator id=2] Scheduling loading of metadata from __consumer_offsets-36 with epoch 0 (org.apache.kafka.coordinator.common.runtime.CoordinatorRuntime)
kafka2  | 2026-09-26T00:23:19.237450332Z [2026-09-26 00:23:19,235] INFO [GroupCoordinator id=2] Scheduling unloading of metadata for __consumer_offsets-15 with epoch OptionalInt[0] (org.apache.kafka.coordinator.common.runtime.CoordinatorRuntime)
kafka2  | 2026-09-26T00:23:19.239058765Z [2026-09-26 00:23:19,238] INFO [GroupCoordinator id=2] Scheduling unloading of metadata for __consumer_offsets-48 with epoch OptionalInt[0] (org.apache.kafka.coordinator.common.runtime.CoordinatorRuntime)
kafka2  | 2026-09-26T00:23:19.245330274Z [2026-09-26 00:23:19,243] INFO [GroupCoordinator id=2] Scheduling unloading of metadata for __consumer_offsets-13 with epoch OptionalInt[0] (org.apache.kafka.coordinator.common.runtime.CoordinatorRuntime)
kafka3  | 2026-09-26T00:23:19.660550060Z [2026-09-26 00:23:19,660] INFO [UnifiedLog partition=__consumer_offsets-14, dir=/tmp/kafka-logs] Truncating to 0 has no effect as the largest offset in the log is -1 (org.apache.kafka.storage.internals.log.UnifiedLog)
kafka3  | 2026-09-26T00:23:19.663975027Z [2026-09-26 00:23:19,662] INFO [ReplicaFetcher replicaId=3, leaderId=2, fetcherId=0] Truncating partition __consumer_offsets-11 with TruncationState(offset=0, completed=true) due to local high watermark 0 (kafka.server.ReplicaFetcherThread)
kafka1  | 2026-09-26T00:23:19.522100038Z [2026-09-26 00:23:19,521] INFO [ReplicaFetcher replicaId=1, leaderId=2, fetcherId=0] Truncating partition __consumer_offsets-36 with TruncationState(offset=0, completed=true) due to local high watermark 0 (kafka.server.ReplicaFetcherThread)
kafka1  | 2026-09-26T00:23:19.527942086Z [2026-09-26 00:23:19,521] INFO [ReplicaFetcher replicaId=1, leaderId=3, fetcherId=0] Truncating partition __consumer_offsets-32 with TruncationState(offset=0, completed=true) due to local high watermark 0 (kafka.server.ReplicaFetcherThread)
kafka1  | 2026-09-26T00:23:19.527993852Z [2026-09-26 00:23:19,524] INFO [UnifiedLog partition=__consumer_offsets-32, dir=/tmp/kafka-logs] Truncating to 0 has no effect as the largest offset in the log is -1 (org.apache.kafka.storage.internals.log.UnifiedLog)
kafka3  | 2026-09-26T00:23:19.668290407Z [2026-09-26 00:23:19,667] INFO [UnifiedLog partition=__consumer_offsets-11, dir=/tmp/kafka-logs] Truncating to 0 has no effect as the largest offset in the log is -1 (org.apache.kafka.storage.internals.log.UnifiedLog)
kafka3  | 2026-09-26T00:23:19.669780738Z [2026-09-26 00:23:19,669] INFO [ReplicaFetcher replicaId=3, leaderId=2, fetcherId=0] Truncating partition __consumer_offsets-42 with TruncationState(offset=0, completed=true) due to local high watermark 0 (kafka.server.ReplicaFetcherThread)
kafka3  | 2026-09-26T00:23:19.690847356Z [2026-09-26 00:23:19,671] INFO [UnifiedLog partition=__consumer_offsets-42, dir=/tmp/kafka-logs] Truncating to 0 has no effect as the largest offset in the log is -1 (org.apache.kafka.storage.internals.log.UnifiedLog)
kafka3  | 2026-09-26T00:23:19.690954616Z [2026-09-26 00:23:19,680] INFO [ReplicaFetcher replicaId=3, leaderId=2, fetcherId=0] Truncating partition __consumer_offsets-23 with TruncationState(offset=0, completed=true) due to local high watermark 0 (kafka.server.ReplicaFetcherThread)
kafka2  | 2026-09-26T00:23:19.245457564Z [2026-09-26 00:23:19,243] INFO [GroupCoordinator id=2] Scheduling unloading of metadata for __consumer_offsets-46 with epoch OptionalInt[0] (org.apache.kafka.coordinator.common.runtime.CoordinatorRuntime)
kafka3  | 2026-09-26T00:23:19.691013667Z [2026-09-26 00:23:19,681] INFO [UnifiedLog partition=__consumer_offsets-23, dir=/tmp/kafka-logs] Truncating to 0 has no effect as the largest offset in the log is -1 (org.apache.kafka.storage.internals.log.UnifiedLog)
kafka3  | 2026-09-26T00:23:19.691019749Z [2026-09-26 00:23:19,682] INFO [ReplicaFetcher replicaId=3, leaderId=2, fetcherId=0] Truncating partition __consumer_offsets-20 with TruncationState(offset=0, completed=true) due to local high watermark 0 (kafka.server.ReplicaFetcherThread)
kafka2  | 2026-09-26T00:23:19.245466723Z [2026-09-26 00:23:19,244] INFO [GroupCoordinator id=2] Scheduling unloading of metadata for __consumer_offsets-44 with epoch OptionalInt[0] (org.apache.kafka.coordinator.common.runtime.CoordinatorRuntime)
kafka2  | 2026-09-26T00:23:19.246374712Z [2026-09-26 00:23:19,245] INFO [GroupCoordinator id=2] Ignored unloading metadata for __consumer_offsets-15 in epoch OptionalInt[0] since metadata was never loaded. (org.apache.kafka.coordinator.common.runtime.CoordinatorRuntime)
kafka2  | 2026-09-26T00:23:19.251173917Z [2026-09-26 00:23:19,248] INFO [GroupCoordinator id=2] Ignored unloading metadata for __consumer_offsets-46 in epoch OptionalInt[0] since metadata was never loaded. (org.apache.kafka.coordinator.common.runtime.CoordinatorRuntime)
kafka3  | 2026-09-26T00:23:19.691025611Z [2026-09-26 00:23:19,683] INFO [UnifiedLog partition=__consumer_offsets-20, dir=/tmp/kafka-logs] Truncating to 0 has no effect as the largest offset in the log is -1 (org.apache.kafka.storage.internals.log.UnifiedLog)
kafka3  | 2026-09-26T00:23:19.691030982Z [2026-09-26 00:23:19,685] INFO [ReplicaFetcher replicaId=3, leaderId=2, fetcherId=0] Truncating partition __consumer_offsets-17 with TruncationState(offset=0, completed=true) due to local high watermark 0 (kafka.server.ReplicaFetcherThread)
kafka2  | 2026-09-26T00:23:19.251394088Z [2026-09-26 00:23:19,250] INFO [GroupCoordinator id=2] Ignored unloading metadata for __consumer_offsets-13 in epoch OptionalInt[0] since metadata was never loaded. (org.apache.kafka.coordinator.common.runtime.CoordinatorRuntime)
kafka1  | 2026-09-26T00:23:19.530772791Z [2026-09-26 00:23:19,527] INFO [UnifiedLog partition=__consumer_offsets-36, dir=/tmp/kafka-logs] Truncating to 0 has no effect as the largest offset in the log is -1 (org.apache.kafka.storage.internals.log.UnifiedLog)
kafka1  | 2026-09-26T00:23:19.530897477Z [2026-09-26 00:23:19,528] INFO [ReplicaFetcher replicaId=1, leaderId=3, fetcherId=0] Truncating partition __consumer_offsets-29 with TruncationState(offset=0, completed=true) due to local high watermark 0 (kafka.server.ReplicaFetcherThread)
kafka2  | 2026-09-26T00:23:19.253022241Z [2026-09-26 00:23:19,252] INFO [GroupCoordinator id=2] Ignored unloading metadata for __consumer_offsets-48 in epoch OptionalInt[0] since metadata was never loaded. (org.apache.kafka.coordinator.common.runtime.CoordinatorRuntime)
kafka2  | 2026-09-26T00:23:19.262604230Z [2026-09-26 00:23:19,260] INFO [GroupCoordinator id=2] Ignored unloading metadata for __consumer_offsets-44 in epoch OptionalInt[0] since metadata was never loaded. (org.apache.kafka.coordinator.common.runtime.CoordinatorRuntime)
kafka2  | 2026-09-26T00:23:19.263838186Z [2026-09-26 00:23:19,262] INFO [GroupCoordinator id=2] Scheduling unloading of metadata for __consumer_offsets-9 with epoch OptionalInt[0] (org.apache.kafka.coordinator.common.runtime.CoordinatorRuntime)
kafka1  | 2026-09-26T00:23:19.530908910Z [2026-09-26 00:23:19,529] INFO [UnifiedLog partition=__consumer_offsets-29, dir=/tmp/kafka-logs] Truncating to 0 has no effect as the largest offset in the log is -1 (org.apache.kafka.storage.internals.log.UnifiedLog)
kafka1  | 2026-09-26T00:23:19.536617311Z [2026-09-26 00:23:19,536] INFO [ReplicaFetcher replicaId=1, leaderId=3, fetcherId=0] Truncating partition __consumer_offsets-26 with TruncationState(offset=0, completed=true) due to local high watermark 0 (kafka.server.ReplicaFetcherThread)
kafka3  | 2026-09-26T00:23:19.691036774Z [2026-09-26 00:23:19,686] INFO [UnifiedLog partition=__consumer_offsets-17, dir=/tmp/kafka-logs] Truncating to 0 has no effect as the largest offset in the log is -1 (org.apache.kafka.storage.internals.log.UnifiedLog)
kafka2  | 2026-09-26T00:23:19.278969952Z [2026-09-26 00:23:19,272] INFO [GroupCoordinator id=2] Scheduling unloading of metadata for __consumer_offsets-21 with epoch OptionalInt[0] (org.apache.kafka.coordinator.common.runtime.CoordinatorRuntime)
kafka2  | 2026-09-26T00:23:19.279100379Z [2026-09-26 00:23:19,273] INFO [GroupCoordinator id=2] Scheduling unloading of metadata for __consumer_offsets-19 with epoch OptionalInt[0] (org.apache.kafka.coordinator.common.runtime.CoordinatorRuntime)
kafka2  | 2026-09-26T00:23:19.279113496Z [2026-09-26 00:23:19,273] INFO [GroupCoordinator id=2] Scheduling unloading of metadata for __consumer_offsets-32 with epoch OptionalInt[0] (org.apache.kafka.coordinator.common.runtime.CoordinatorRuntime)
kafka2  | 2026-09-26T00:23:19.280173419Z [2026-09-26 00:23:19,279] INFO [GroupCoordinator id=2] Scheduling unloading of metadata for __consumer_offsets-30 with epoch OptionalInt[0] (org.apache.kafka.coordinator.common.runtime.CoordinatorRuntime)
kafka1  | 2026-09-26T00:23:19.538980630Z [2026-09-26 00:23:19,537] INFO [UnifiedLog partition=__consumer_offsets-26, dir=/tmp/kafka-logs] Truncating to 0 has no effect as the largest offset in the log is -1 (org.apache.kafka.storage.internals.log.UnifiedLog)
kafka1  | 2026-09-26T00:23:19.541730436Z [2026-09-26 00:23:19,539] INFO [ReplicaFetcher replicaId=1, leaderId=3, fetcherId=0] Truncating partition __consumer_offsets-40 with TruncationState(offset=0, completed=true) due to local high watermark 0 (kafka.server.ReplicaFetcherThread)
kafka3  | 2026-09-26T00:23:19.691042015Z [2026-09-26 00:23:19,688] INFO [ReplicaFetcher replicaId=3, leaderId=2, fetcherId=0] Truncating partition __consumer_offsets-49 with TruncationState(offset=0, completed=true) due to local high watermark 0 (kafka.server.ReplicaFetcherThread)
kafka3  | 2026-09-26T00:23:19.691295959Z [2026-09-26 00:23:19,690] INFO [UnifiedLog partition=__consumer_offsets-49, dir=/tmp/kafka-logs] Truncating to 0 has no effect as the largest offset in the log is -1 (org.apache.kafka.storage.internals.log.UnifiedLog)
kafka1  | 2026-09-26T00:23:19.546975164Z [2026-09-26 00:23:19,540] INFO [UnifiedLog partition=__consumer_offsets-40, dir=/tmp/kafka-logs] Truncating to 0 has no effect as the largest offset in the log is -1 (org.apache.kafka.storage.internals.log.UnifiedLog)
kafka2  | 2026-09-26T00:23:19.281685191Z [2026-09-26 00:23:19,281] INFO [GroupCoordinator id=2] Scheduling unloading of metadata for __consumer_offsets-26 with epoch OptionalInt[0] (org.apache.kafka.coordinator.common.runtime.CoordinatorRuntime)
kafka3  | 2026-09-26T00:23:19.693473317Z [2026-09-26 00:23:19,692] INFO [ReplicaFetcher replicaId=3, leaderId=2, fetcherId=0] Truncating partition __consumer_offsets-31 with TruncationState(offset=0, completed=true) due to local high watermark 0 (kafka.server.ReplicaFetcherThread)
kafka3  | 2026-09-26T00:23:19.700727533Z [2026-09-26 00:23:19,699] INFO [UnifiedLog partition=__consumer_offsets-31, dir=/tmp/kafka-logs] Truncating to 0 has no effect as the largest offset in the log is -1 (org.apache.kafka.storage.internals.log.UnifiedLog)
kafka3  | 2026-09-26T00:23:19.708100775Z [2026-09-26 00:23:19,706] INFO [ReplicaFetcher replicaId=3, leaderId=2, fetcherId=0] Truncating partition __consumer_offsets-0 with TruncationState(offset=0, completed=true) due to local high watermark 0 (kafka.server.ReplicaFetcherThread)
kafka1  | 2026-09-26T00:23:19.547024805Z [2026-09-26 00:23:19,543] INFO [ReplicaFetcher replicaId=1, leaderId=3, fetcherId=0] Truncating partition __consumer_offsets-37 with TruncationState(offset=0, completed=true) due to local high watermark 0 (kafka.server.ReplicaFetcherThread)
kafka1  | 2026-09-26T00:23:19.547031709Z [2026-09-26 00:23:19,544] INFO [UnifiedLog partition=__consumer_offsets-37, dir=/tmp/kafka-logs] Truncating to 0 has no effect as the largest offset in the log is -1 (org.apache.kafka.storage.internals.log.UnifiedLog)
kafka2  | 2026-09-26T00:23:19.283023050Z [2026-09-26 00:23:19,282] INFO [GroupCoordinator id=2] Scheduling unloading of metadata for __consumer_offsets-40 with epoch OptionalInt[0] (org.apache.kafka.coordinator.common.runtime.CoordinatorRuntime)
kafka2  | 2026-09-26T00:23:19.288051788Z [2026-09-26 00:23:19,286] INFO [GroupCoordinator id=2] Scheduling unloading of metadata for __consumer_offsets-38 with epoch OptionalInt[0] (org.apache.kafka.coordinator.common.runtime.CoordinatorRuntime)
kafka2  | 2026-09-26T00:23:19.288271638Z [2026-09-26 00:23:19,286] INFO [GroupCoordinator id=2] Finished loading of metadata from __consumer_offsets-23 with epoch 0 in 41ms where 41ms was spent in the scheduler. Loaded 0 records which total to 0 bytes. (org.apache.kafka.coordinator.common.runtime.CoordinatorRuntime)
kafka2  | 2026-09-26T00:23:19.288282039Z [2026-09-26 00:23:19,287] INFO [GroupCoordinator id=2] Scheduling unloading of metadata for __consumer_offsets-3 with epoch OptionalInt[0] (org.apache.kafka.coordinator.common.runtime.CoordinatorRuntime)
kafka2  | 2026-09-26T00:23:19.289068519Z [2026-09-26 00:23:19,288] INFO [GroupCoordinator id=2] Ignored unloading metadata for __consumer_offsets-9 in epoch OptionalInt[0] since metadata was never loaded. (org.apache.kafka.coordinator.common.runtime.CoordinatorRuntime)
kafka3  | 2026-09-26T00:23:19.719244276Z [2026-09-26 00:23:19,708] INFO [UnifiedLog partition=__consumer_offsets-0, dir=/tmp/kafka-logs] Truncating to 0 has no effect as the largest offset in the log is -1 (org.apache.kafka.storage.internals.log.UnifiedLog)
kafka3  | 2026-09-26T00:23:19.719362768Z [2026-09-26 00:23:19,711] INFO [ReplicaFetcher replicaId=3, leaderId=2, fetcherId=0] Truncating partition __consumer_offsets-28 with TruncationState(offset=0, completed=true) due to local high watermark 0 (kafka.server.ReplicaFetcherThread)
kafka3  | 2026-09-26T00:23:19.719372508Z [2026-09-26 00:23:19,715] INFO [GroupCoordinator id=3] Scheduling loading of metadata from __consumer_offsets-48 with epoch 0 (org.apache.kafka.coordinator.common.runtime.CoordinatorRuntime)
kafka1  | 2026-09-26T00:23:19.548587112Z [2026-09-26 00:23:19,547] INFO [ReplicaFetcher replicaId=1, leaderId=3, fetcherId=0] Truncating partition __consumer_offsets-6 with TruncationState(offset=0, completed=true) due to local high watermark 0 (kafka.server.ReplicaFetcherThread)
kafka1  | 2026-09-26T00:23:19.550423576Z [2026-09-26 00:23:19,549] INFO [UnifiedLog partition=__consumer_offsets-6, dir=/tmp/kafka-logs] Truncating to 0 has no effect as the largest offset in the log is -1 (org.apache.kafka.storage.internals.log.UnifiedLog)
kafka1  | 2026-09-26T00:23:19.554738226Z [2026-09-26 00:23:19,550] INFO [ReplicaFetcher replicaId=1, leaderId=3, fetcherId=0] Truncating partition __consumer_offsets-3 with TruncationState(offset=0, completed=true) due to local high watermark 0 (kafka.server.ReplicaFetcherThread)
kafka1  | 2026-09-26T00:23:19.554839002Z [2026-09-26 00:23:19,552] INFO [UnifiedLog partition=__consumer_offsets-3, dir=/tmp/kafka-logs] Truncating to 0 has no effect as the largest offset in the log is -1 (org.apache.kafka.storage.internals.log.UnifiedLog)
kafka2  | 2026-09-26T00:23:19.289126968Z [2026-09-26 00:23:19,288] INFO [GroupCoordinator id=2] Finished loading of metadata from __consumer_offsets-49 with epoch 0 in 37ms where 37ms was spent in the scheduler. Loaded 0 records which total to 0 bytes. (org.apache.kafka.coordinator.common.runtime.CoordinatorRuntime)
kafka1  | 2026-09-26T00:23:19.555842921Z [2026-09-26 00:23:19,554] INFO [ReplicaFetcher replicaId=1, leaderId=3, fetcherId=0] Truncating partition __consumer_offsets-33 with TruncationState(offset=0, completed=true) due to local high watermark 0 (kafka.server.ReplicaFetcherThread)
kafka2  | 2026-09-26T00:23:19.289134915Z [2026-09-26 00:23:19,288] INFO [GroupCoordinator id=2] Scheduling unloading of metadata for __consumer_offsets-1 with epoch OptionalInt[0] (org.apache.kafka.coordinator.common.runtime.CoordinatorRuntime)
kafka2  | 2026-09-26T00:23:19.289748261Z [2026-09-26 00:23:19,289] INFO [GroupCoordinator id=2] Scheduling unloading of metadata for __consumer_offsets-34 with epoch OptionalInt[0] (org.apache.kafka.coordinator.common.runtime.CoordinatorRuntime)
kafka2  | 2026-09-26T00:23:19.289804626Z [2026-09-26 00:23:19,289] INFO [GroupCoordinator id=2] Ignored unloading metadata for __consumer_offsets-26 in epoch OptionalInt[0] since metadata was never loaded. (org.apache.kafka.coordinator.common.runtime.CoordinatorRuntime)
kafka2  | 2026-09-26T00:23:19.290655067Z [2026-09-26 00:23:19,289] INFO [GroupCoordinator id=2] Finished loading of metadata from __consumer_offsets-36 with epoch 0 in 36ms where 36ms was spent in the scheduler. Loaded 0 records which total to 0 bytes. (org.apache.kafka.coordinator.common.runtime.CoordinatorRuntime)
kafka1  | 2026-09-26T00:23:19.558830605Z [2026-09-26 00:23:19,556] INFO [UnifiedLog partition=__consumer_offsets-33, dir=/tmp/kafka-logs] Truncating to 0 has no effect as the largest offset in the log is -1 (org.apache.kafka.storage.internals.log.UnifiedLog)
kafka1  | 2026-09-26T00:23:19.562366764Z [2026-09-26 00:23:19,560] INFO [ReplicaFetcher replicaId=1, leaderId=3, fetcherId=0] Truncating partition __consumer_offsets-1 with TruncationState(offset=0, completed=true) due to local high watermark 0 (kafka.server.ReplicaFetcherThread)
kafka1  | 2026-09-26T00:23:19.566516780Z [2026-09-26 00:23:19,561] INFO [UnifiedLog partition=__consumer_offsets-1, dir=/tmp/kafka-logs] Truncating to 0 has no effect as the largest offset in the log is -1 (org.apache.kafka.storage.internals.log.UnifiedLog)
kafka3  | 2026-09-26T00:23:19.732431702Z [2026-09-26 00:23:19,731] INFO [GroupCoordinator id=3] Scheduling loading of metadata from __consumer_offsets-13 with epoch 0 (org.apache.kafka.coordinator.common.runtime.CoordinatorRuntime)
kafka3  | 2026-09-26T00:23:19.738784904Z [2026-09-26 00:23:19,715] INFO [UnifiedLog partition=__consumer_offsets-28, dir=/tmp/kafka-logs] Truncating to 0 has no effect as the largest offset in the log is -1 (org.apache.kafka.storage.internals.log.UnifiedLog)
kafka3  | 2026-09-26T00:23:19.739782877Z [2026-09-26 00:23:19,739] INFO [ReplicaFetcher replicaId=3, leaderId=2, fetcherId=0] Truncating partition __consumer_offsets-25 with TruncationState(offset=0, completed=true) due to local high watermark 0 (kafka.server.ReplicaFetcherThread)
kafka3  | 2026-09-26T00:23:19.740954045Z [2026-09-26 00:23:19,740] INFO [UnifiedLog partition=__consumer_offsets-25, dir=/tmp/kafka-logs] Truncating to 0 has no effect as the largest offset in the log is -1 (org.apache.kafka.storage.internals.log.UnifiedLog)
kafka2  | 2026-09-26T00:23:19.291847238Z [2026-09-26 00:23:19,291] INFO [GroupCoordinator id=2] Scheduling unloading of metadata for __consumer_offsets-16 with epoch OptionalInt[0] (org.apache.kafka.coordinator.common.runtime.CoordinatorRuntime)
kafka3  | 2026-09-26T00:23:19.742424773Z [2026-09-26 00:23:19,741] INFO [ReplicaFetcher replicaId=3, leaderId=2, fetcherId=0] Truncating partition __consumer_offsets-39 with TruncationState(offset=0, completed=true) due to local high watermark 0 (kafka.server.ReplicaFetcherThread)
kafka3  | 2026-09-26T00:23:19.744005028Z [2026-09-26 00:23:19,742] INFO [UnifiedLog partition=__consumer_offsets-39, dir=/tmp/kafka-logs] Truncating to 0 has no effect as the largest offset in the log is -1 (org.apache.kafka.storage.internals.log.UnifiedLog)
kafka2  | 2026-09-26T00:23:19.293358161Z [2026-09-26 00:23:19,292] INFO [GroupCoordinator id=2] Finished loading of metadata from __consumer_offsets-0 with epoch 0 in 32ms where 32ms was spent in the scheduler. Loaded 0 records which total to 0 bytes. (org.apache.kafka.coordinator.common.runtime.CoordinatorRuntime)
kafka1  | 2026-09-26T00:23:19.627415143Z [2026-09-26 00:23:19,624] INFO [GroupCoordinator id=1] Scheduling loading of metadata from __consumer_offsets-15 with epoch 0 (org.apache.kafka.coordinator.common.runtime.CoordinatorRuntime)
kafka2  | 2026-09-26T00:23:19.294193952Z [2026-09-26 00:23:19,286] INFO [GroupCoordinator id=2] Finished loading of metadata from __consumer_offsets-35 with epoch 0 in 32ms where 32ms was spent in the scheduler. Loaded 0 records which total to 0 bytes. (org.apache.kafka.coordinator.common.runtime.CoordinatorRuntime)
kafka2  | 2026-09-26T00:23:19.294277974Z [2026-09-26 00:23:19,293] INFO [GroupCoordinator id=2] Finished loading of metadata from __consumer_offsets-47 with epoch 0 in 71ms where 71ms was spent in the scheduler. Loaded 0 records which total to 0 bytes. (org.apache.kafka.coordinator.common.runtime.CoordinatorRuntime)
kafka2  | 2026-09-26T00:23:19.294320942Z [2026-09-26 00:23:19,286] INFO [GroupCoordinator id=2] Finished loading of metadata from __consumer_offsets-39 with epoch 0 in 13ms where 13ms was spent in the scheduler. Loaded 0 records which total to 0 bytes. (org.apache.kafka.coordinator.common.runtime.CoordinatorRuntime)
kafka1  | 2026-09-26T00:23:19.643774794Z [2026-09-26 00:23:19,643] INFO [GroupCoordinator id=1] Scheduling loading of metadata from __consumer_offsets-46 with epoch 0 (org.apache.kafka.coordinator.common.runtime.CoordinatorRuntime)
kafka2  | 2026-09-26T00:23:19.294850977Z [2026-09-26 00:23:19,291] INFO [GroupCoordinator id=2] Finished loading of metadata from __consumer_offsets-31 with epoch 0 in 33ms where 33ms was spent in the scheduler. Loaded 0 records which total to 0 bytes. (org.apache.kafka.coordinator.common.runtime.CoordinatorRuntime)
kafka3  | 2026-09-26T00:23:19.746492366Z [2026-09-26 00:23:19,745] INFO [ReplicaFetcher replicaId=3, leaderId=2, fetcherId=0] Truncating partition __consumer_offsets-7 with TruncationState(offset=0, completed=true) due to local high watermark 0 (kafka.server.ReplicaFetcherThread)
kafka3  | 2026-09-26T00:23:19.747305994Z [2026-09-26 00:23:19,746] INFO [UnifiedLog partition=__consumer_offsets-7, dir=/tmp/kafka-logs] Truncating to 0 has no effect as the largest offset in the log is -1 (org.apache.kafka.storage.internals.log.UnifiedLog)
kafka3  | 2026-09-26T00:23:19.752481281Z [2026-09-26 00:23:19,747] INFO [ReplicaFetcher replicaId=3, leaderId=2, fetcherId=0] Truncating partition __consumer_offsets-5 with TruncationState(offset=0, completed=true) due to local high watermark 0 (kafka.server.ReplicaFetcherThread)
kafka3  | 2026-09-26T00:23:19.752573600Z [2026-09-26 00:23:19,749] INFO [UnifiedLog partition=__consumer_offsets-5, dir=/tmp/kafka-logs] Truncating to 0 has no effect as the largest offset in the log is -1 (org.apache.kafka.storage.internals.log.UnifiedLog)
kafka3  | 2026-09-26T00:23:19.752581907Z [2026-09-26 00:23:19,751] INFO [GroupCoordinator id=3] Scheduling loading of metadata from __consumer_offsets-45 with epoch 0 (org.apache.kafka.coordinator.common.runtime.CoordinatorRuntime)
kafka3  | 2026-09-26T00:23:19.756871011Z [2026-09-26 00:23:19,752] INFO [GroupCoordinator id=3] Scheduling loading of metadata from __consumer_offsets-43 with epoch 0 (org.apache.kafka.coordinator.common.runtime.CoordinatorRuntime)
kafka1  | 2026-09-26T00:23:19.645898756Z [2026-09-26 00:23:19,645] INFO [GroupCoordinator id=1] Scheduling loading of metadata from __consumer_offsets-12 with epoch 0 (org.apache.kafka.coordinator.common.runtime.CoordinatorRuntime)
kafka3  | 2026-09-26T00:23:19.756917586Z [2026-09-26 00:23:19,753] INFO [GroupCoordinator id=3] Scheduling loading of metadata from __consumer_offsets-9 with epoch 0 (org.apache.kafka.coordinator.common.runtime.CoordinatorRuntime)
kafka1  | 2026-09-26T00:23:19.647710655Z [2026-09-26 00:23:19,647] INFO [GroupCoordinator id=1] Scheduling loading of metadata from __consumer_offsets-44 with epoch 0 (org.apache.kafka.coordinator.common.runtime.CoordinatorRuntime)
kafka3  | 2026-09-26T00:23:19.756926504Z [2026-09-26 00:23:19,755] INFO [GroupCoordinator id=3] Scheduling loading of metadata from __consumer_offsets-22 with epoch 0 (org.apache.kafka.coordinator.common.runtime.CoordinatorRuntime)
kafka2  | 2026-09-26T00:23:19.295051237Z [2026-09-26 00:23:19,294] INFO [GroupCoordinator id=2] Ignored unloading metadata for __consumer_offsets-21 in epoch OptionalInt[0] since metadata was never loaded. (org.apache.kafka.coordinator.common.runtime.CoordinatorRuntime)
kafka1  | 2026-09-26T00:23:19.651230416Z [2026-09-26 00:23:19,649] INFO [GroupCoordinator id=1] Scheduling loading of metadata from __consumer_offsets-41 with epoch 0 (org.apache.kafka.coordinator.common.runtime.CoordinatorRuntime)
kafka1  | 2026-09-26T00:23:19.652440744Z [2026-09-26 00:23:19,651] INFO [GroupCoordinator id=1] Scheduling loading of metadata from __consumer_offsets-10 with epoch 0 (org.apache.kafka.coordinator.common.runtime.CoordinatorRuntime)
kafka3  | 2026-09-26T00:23:19.758421763Z [2026-09-26 00:23:19,757] INFO [GroupCoordinator id=3] Scheduling loading of metadata from __consumer_offsets-19 with epoch 0 (org.apache.kafka.coordinator.common.runtime.CoordinatorRuntime)
kafka1  | 2026-09-26T00:23:19.654769924Z [2026-09-26 00:23:19,653] INFO [GroupCoordinator id=1] Scheduling loading of metadata from __consumer_offsets-24 with epoch 0 (org.apache.kafka.coordinator.common.runtime.CoordinatorRuntime)
kafka3  | 2026-09-26T00:23:19.759779863Z [2026-09-26 00:23:19,759] INFO [ReplicaFetcher replicaId=3, leaderId=2, fetcherId=0] Truncating partition __consumer_offsets-35 with TruncationState(offset=0, completed=true) due to local high watermark 0 (kafka.server.ReplicaFetcherThread)
kafka1  | 2026-09-26T00:23:19.660171265Z [2026-09-26 00:23:19,658] INFO [GroupCoordinator id=1] Scheduling loading of metadata from __consumer_offsets-21 with epoch 0 (org.apache.kafka.coordinator.common.runtime.CoordinatorRuntime)
kafka2  | 2026-09-26T00:23:19.295059945Z [2026-09-26 00:23:19,294] INFO [GroupCoordinator id=2] Ignored unloading metadata for __consumer_offsets-1 in epoch OptionalInt[0] since metadata was never loaded. (org.apache.kafka.coordinator.common.runtime.CoordinatorRuntime)
kafka2  | 2026-09-26T00:23:19.295071408Z [2026-09-26 00:23:19,294] INFO [GroupCoordinator id=2] Ignored unloading metadata for __consumer_offsets-40 in epoch OptionalInt[0] since metadata was never loaded. (org.apache.kafka.coordinator.common.runtime.CoordinatorRuntime)
kafka3  | 2026-09-26T00:23:19.761116259Z [2026-09-26 00:23:19,760] INFO [UnifiedLog partition=__consumer_offsets-35, dir=/tmp/kafka-logs] Truncating to 0 has no effect as the largest offset in the log is -1 (org.apache.kafka.storage.internals.log.UnifiedLog)
kafka1  | 2026-09-26T00:23:19.662861783Z [2026-09-26 00:23:19,662] INFO [GroupCoordinator id=1] Scheduling loading of metadata from __consumer_offsets-18 with epoch 0 (org.apache.kafka.coordinator.common.runtime.CoordinatorRuntime)
kafka2  | 2026-09-26T00:23:19.295330679Z [2026-09-26 00:23:19,293] INFO [GroupCoordinator id=2] Scheduling unloading of metadata for __consumer_offsets-45 with epoch OptionalInt[0] (org.apache.kafka.coordinator.common.runtime.CoordinatorRuntime)
kafka3  | 2026-09-26T00:23:19.762483468Z [2026-09-26 00:23:19,761] INFO [ReplicaFetcher replicaId=3, leaderId=2, fetcherId=0] Truncating partition __consumer_offsets-36 with TruncationState(offset=0, completed=true) due to local high watermark 0 (kafka.server.ReplicaFetcherThread)
kafka1  | 2026-09-26T00:23:19.665173270Z [2026-09-26 00:23:19,664] INFO [GroupCoordinator id=1] Scheduling loading of metadata from __consumer_offsets-30 with epoch 0 (org.apache.kafka.coordinator.common.runtime.CoordinatorRuntime)
kafka3  | 2026-09-26T00:23:19.766546286Z [2026-09-26 00:23:19,765] INFO [UnifiedLog partition=__consumer_offsets-36, dir=/tmp/kafka-logs] Truncating to 0 has no effect as the largest offset in the log is -1 (org.apache.kafka.storage.internals.log.UnifiedLog)
kafka2  | 2026-09-26T00:23:19.296308641Z [2026-09-26 00:23:19,295] INFO [GroupCoordinator id=2] Finished loading of metadata from __consumer_offsets-11 with epoch 0 in 73ms where 73ms was spent in the scheduler. Loaded 0 records which total to 0 bytes. (org.apache.kafka.coordinator.common.runtime.CoordinatorRuntime)
kafka3  | 2026-09-26T00:23:19.772249760Z [2026-09-26 00:23:19,771] INFO [GroupCoordinator id=3] Scheduling loading of metadata from __consumer_offsets-32 with epoch 0 (org.apache.kafka.coordinator.common.runtime.CoordinatorRuntime)
kafka2  | 2026-09-26T00:23:19.296385499Z [2026-09-26 00:23:19,295] INFO [GroupCoordinator id=2] Ignored unloading metadata for __consumer_offsets-19 in epoch OptionalInt[0] since metadata was never loaded. (org.apache.kafka.coordinator.common.runtime.CoordinatorRuntime)
kafka3  | 2026-09-26T00:23:19.787430288Z [2026-09-26 00:23:19,783] INFO [GroupCoordinator id=3] Scheduling loading of metadata from __consumer_offsets-29 with epoch 0 (org.apache.kafka.coordinator.common.runtime.CoordinatorRuntime)
kafka2  | 2026-09-26T00:23:19.297139713Z [2026-09-26 00:23:19,296] INFO [GroupCoordinator id=2] Finished loading of metadata from __consumer_offsets-14 with epoch 0 in 76ms where 76ms was spent in the scheduler. Loaded 0 records which total to 0 bytes. (org.apache.kafka.coordinator.common.runtime.CoordinatorRuntime)
kafka1  | 2026-09-26T00:23:19.667488690Z [2026-09-26 00:23:19,666] INFO [GroupCoordinator id=1] Scheduling loading of metadata from __consumer_offsets-27 with epoch 0 (org.apache.kafka.coordinator.common.runtime.CoordinatorRuntime)
kafka3  | 2026-09-26T00:23:19.787533500Z [2026-09-26 00:23:19,786] INFO [GroupCoordinator id=3] Scheduling loading of metadata from __consumer_offsets-26 with epoch 0 (org.apache.kafka.coordinator.common.runtime.CoordinatorRuntime)
kafka1  | 2026-09-26T00:23:19.693471519Z [2026-09-26 00:23:19,669] INFO [GroupCoordinator id=1] Scheduling loading of metadata from __consumer_offsets-8 with epoch 0 (org.apache.kafka.coordinator.common.runtime.CoordinatorRuntime)
kafka1  | 2026-09-26T00:23:19.693569178Z [2026-09-26 00:23:19,681] INFO [GroupCoordinator id=1] Scheduling loading of metadata from __consumer_offsets-38 with epoch 0 (org.apache.kafka.coordinator.common.runtime.CoordinatorRuntime)
kafka1  | 2026-09-26T00:23:19.701923762Z [2026-09-26 00:23:19,699] INFO [GroupCoordinator id=1] Scheduling loading of metadata from __consumer_offsets-4 with epoch 0 (org.apache.kafka.coordinator.common.runtime.CoordinatorRuntime)
kafka1  | 2026-09-26T00:23:19.702064660Z [2026-09-26 00:23:19,701] INFO [GroupCoordinator id=1] Scheduling loading of metadata from __consumer_offsets-2 with epoch 0 (org.apache.kafka.coordinator.common.runtime.CoordinatorRuntime)
kafka1  | 2026-09-26T00:23:19.706702142Z [2026-09-26 00:23:19,703] INFO [GroupCoordinator id=1] Scheduling loading of metadata from __consumer_offsets-34 with epoch 0 (org.apache.kafka.coordinator.common.runtime.CoordinatorRuntime)
kafka1  | 2026-09-26T00:23:19.722524290Z [2026-09-26 00:23:19,717] INFO [GroupCoordinator id=1] Scheduling unloading of metadata for __consumer_offsets-48 with epoch OptionalInt[0] (org.apache.kafka.coordinator.common.runtime.CoordinatorRuntime)
kafka1  | 2026-09-26T00:23:19.722733338Z [2026-09-26 00:23:19,719] INFO [GroupCoordinator id=1] Scheduling unloading of metadata for __consumer_offsets-13 with epoch OptionalInt[0] (org.apache.kafka.coordinator.common.runtime.CoordinatorRuntime)
kafka2  | 2026-09-26T00:23:19.297491182Z [2026-09-26 00:23:19,296] INFO [GroupCoordinator id=2] Finished loading of metadata from __consumer_offsets-42 with epoch 0 in 69ms where 21ms was spent in the scheduler. Loaded 0 records which total to 0 bytes. (org.apache.kafka.coordinator.common.runtime.CoordinatorRuntime)
kafka1  | 2026-09-26T00:23:19.722747798Z [2026-09-26 00:23:19,720] INFO [GroupCoordinator id=1] Scheduling unloading of metadata for __consumer_offsets-11 with epoch OptionalInt[0] (org.apache.kafka.coordinator.common.runtime.CoordinatorRuntime)
kafka1  | 2026-09-26T00:23:19.722755985Z [2026-09-26 00:23:19,720] INFO [GroupCoordinator id=1] Scheduling unloading of metadata for __consumer_offsets-9 with epoch OptionalInt[0] (org.apache.kafka.coordinator.common.runtime.CoordinatorRuntime)
kafka3  | 2026-09-26T00:23:19.789397756Z [2026-09-26 00:23:19,788] INFO [GroupCoordinator id=3] Scheduling loading of metadata from __consumer_offsets-40 with epoch 0 (org.apache.kafka.coordinator.common.runtime.CoordinatorRuntime)
kafka1  | 2026-09-26T00:23:19.722772408Z [2026-09-26 00:23:19,720] INFO [GroupCoordinator id=1] Scheduling unloading of metadata for __consumer_offsets-42 with epoch OptionalInt[0] (org.apache.kafka.coordinator.common.runtime.CoordinatorRuntime)
kafka3  | 2026-09-26T00:23:19.791489909Z [2026-09-26 00:23:19,790] INFO [GroupCoordinator id=3] Scheduling loading of metadata from __consumer_offsets-37 with epoch 0 (org.apache.kafka.coordinator.common.runtime.CoordinatorRuntime)
kafka1  | 2026-09-26T00:23:19.722780014Z [2026-09-26 00:23:19,720] INFO [GroupCoordinator id=1] Scheduling unloading of metadata for __consumer_offsets-23 with epoch OptionalInt[0] (org.apache.kafka.coordinator.common.runtime.CoordinatorRuntime)
kafka3  | 2026-09-26T00:23:19.794992665Z [2026-09-26 00:23:19,794] INFO [GroupCoordinator id=3] Scheduling loading of metadata from __consumer_offsets-6 with epoch 0 (org.apache.kafka.coordinator.common.runtime.CoordinatorRuntime)
kafka2  | 2026-09-26T00:23:19.298898350Z [2026-09-26 00:23:19,298] INFO [GroupCoordinator id=2] Scheduling unloading of metadata for __consumer_offsets-43 with epoch OptionalInt[0] (org.apache.kafka.coordinator.common.runtime.CoordinatorRuntime)
kafka2  | 2026-09-26T00:23:19.301489718Z [2026-09-26 00:23:19,300] INFO [GroupCoordinator id=2] Scheduling unloading of metadata for __consumer_offsets-12 with epoch OptionalInt[0] (org.apache.kafka.coordinator.common.runtime.CoordinatorRuntime)
kafka2  | 2026-09-26T00:23:19.303765136Z [2026-09-26 00:23:19,303] INFO [GroupCoordinator id=2] Scheduling unloading of metadata for __consumer_offsets-41 with epoch OptionalInt[0] (org.apache.kafka.coordinator.common.runtime.CoordinatorRuntime)
kafka3  | 2026-09-26T00:23:19.799397137Z [2026-09-26 00:23:19,798] INFO [GroupCoordinator id=3] Scheduling loading of metadata from __consumer_offsets-3 with epoch 0 (org.apache.kafka.coordinator.common.runtime.CoordinatorRuntime)
kafka3  | 2026-09-26T00:23:19.801072128Z [2026-09-26 00:23:19,800] INFO [GroupCoordinator id=3] Scheduling loading of metadata from __consumer_offsets-1 with epoch 0 (org.apache.kafka.coordinator.common.runtime.CoordinatorRuntime)
kafka3  | 2026-09-26T00:23:19.803243564Z [2026-09-26 00:23:19,802] INFO [GroupCoordinator id=3] Scheduling loading of metadata from __consumer_offsets-33 with epoch 0 (org.apache.kafka.coordinator.common.runtime.CoordinatorRuntime)
kafka3  | 2026-09-26T00:23:19.806935883Z [2026-09-26 00:23:19,805] INFO [GroupCoordinator id=3] Scheduling unloading of metadata for __consumer_offsets-15 with epoch OptionalInt[0] (org.apache.kafka.coordinator.common.runtime.CoordinatorRuntime)
kafka3  | 2026-09-26T00:23:19.809669880Z [2026-09-26 00:23:19,808] INFO [GroupCoordinator id=3] Scheduling unloading of metadata for __consumer_offsets-46 with epoch OptionalInt[0] (org.apache.kafka.coordinator.common.runtime.CoordinatorRuntime)
kafka2  | 2026-09-26T00:23:19.306016526Z [2026-09-26 00:23:19,305] INFO [GroupCoordinator id=2] Scheduling unloading of metadata for __consumer_offsets-10 with epoch OptionalInt[0] (org.apache.kafka.coordinator.common.runtime.CoordinatorRuntime)
kafka2  | 2026-09-26T00:23:19.309317023Z [2026-09-26 00:23:19,307] INFO [GroupCoordinator id=2] Ignored unloading metadata for __consumer_offsets-12 in epoch OptionalInt[0] since metadata was never loaded. (org.apache.kafka.coordinator.common.runtime.CoordinatorRuntime)
kafka2  | 2026-09-26T00:23:19.309416095Z [2026-09-26 00:23:19,307] INFO [GroupCoordinator id=2] Scheduling unloading of metadata for __consumer_offsets-24 with epoch OptionalInt[0] (org.apache.kafka.coordinator.common.runtime.CoordinatorRuntime)
kafka3  | 2026-09-26T00:23:19.810421268Z [2026-09-26 00:23:19,809] INFO [GroupCoordinator id=3] Scheduling unloading of metadata for __consumer_offsets-11 with epoch OptionalInt[0] (org.apache.kafka.coordinator.common.runtime.CoordinatorRuntime)
kafka1  | 2026-09-26T00:23:19.722786577Z [2026-09-26 00:23:19,720] INFO [GroupCoordinator id=1] Scheduling unloading of metadata for __consumer_offsets-19 with epoch OptionalInt[0] (org.apache.kafka.coordinator.common.runtime.CoordinatorRuntime)
kafka3  | 2026-09-26T00:23:19.815801982Z [2026-09-26 00:23:19,813] INFO [GroupCoordinator id=3] Scheduling unloading of metadata for __consumer_offsets-44 with epoch OptionalInt[0] (org.apache.kafka.coordinator.common.runtime.CoordinatorRuntime)
kafka3  | 2026-09-26T00:23:19.815898068Z [2026-09-26 00:23:19,815] INFO [GroupCoordinator id=3] Scheduling unloading of metadata for __consumer_offsets-42 with epoch OptionalInt[0] (org.apache.kafka.coordinator.common.runtime.CoordinatorRuntime)
kafka3  | 2026-09-26T00:23:19.816951530Z [2026-09-26 00:23:19,816] INFO [GroupCoordinator id=3] Scheduling unloading of metadata for __consumer_offsets-23 with epoch OptionalInt[0] (org.apache.kafka.coordinator.common.runtime.CoordinatorRuntime)
kafka1  | 2026-09-26T00:23:19.722793020Z [2026-09-26 00:23:19,721] INFO [GroupCoordinator id=1] Scheduling unloading of metadata for __consumer_offsets-17 with epoch OptionalInt[0] (org.apache.kafka.coordinator.common.runtime.CoordinatorRuntime)
kafka2  | 2026-09-26T00:23:19.309424122Z [2026-09-26 00:23:19,307] INFO [GroupCoordinator id=2] Ignored unloading metadata for __consumer_offsets-30 in epoch OptionalInt[0] since metadata was never loaded. (org.apache.kafka.coordinator.common.runtime.CoordinatorRuntime)
kafka3  | 2026-09-26T00:23:19.820232034Z [2026-09-26 00:23:19,819] INFO [GroupCoordinator id=3] Scheduling unloading of metadata for __consumer_offsets-21 with epoch OptionalInt[0] (org.apache.kafka.coordinator.common.runtime.CoordinatorRuntime)
kafka1  | 2026-09-26T00:23:19.722799353Z [2026-09-26 00:23:19,721] INFO [GroupCoordinator id=1] Scheduling unloading of metadata for __consumer_offsets-32 with epoch OptionalInt[0] (org.apache.kafka.coordinator.common.runtime.CoordinatorRuntime)
kafka2  | 2026-09-26T00:23:19.309430805Z [2026-09-26 00:23:19,308] INFO [GroupCoordinator id=2] Ignored unloading metadata for __consumer_offsets-45 in epoch OptionalInt[0] since metadata was never loaded. (org.apache.kafka.coordinator.common.runtime.CoordinatorRuntime)
kafka2  | 2026-09-26T00:23:19.309437038Z [2026-09-26 00:23:19,308] INFO [GroupCoordinator id=2] Scheduling unloading of metadata for __consumer_offsets-22 with epoch OptionalInt[0] (org.apache.kafka.coordinator.common.runtime.CoordinatorRuntime)
kafka2  | 2026-09-26T00:23:19.309745309Z [2026-09-26 00:23:19,309] INFO [GroupCoordinator id=2] Ignored unloading metadata for __consumer_offsets-16 in epoch OptionalInt[0] since metadata was never loaded. (org.apache.kafka.coordinator.common.runtime.CoordinatorRuntime)
kafka2  | 2026-09-26T00:23:19.310866425Z [2026-09-26 00:23:19,310] INFO [GroupCoordinator id=2] Ignored unloading metadata for __consumer_offsets-32 in epoch OptionalInt[0] since metadata was never loaded. (org.apache.kafka.coordinator.common.runtime.CoordinatorRuntime)
kafka3  | 2026-09-26T00:23:19.821115582Z [2026-09-26 00:23:19,820] INFO [GroupCoordinator id=3] Scheduling unloading of metadata for __consumer_offsets-17 with epoch OptionalInt[0] (org.apache.kafka.coordinator.common.runtime.CoordinatorRuntime)
kafka3  | 2026-09-26T00:23:19.824102677Z [2026-09-26 00:23:19,821] INFO [GroupCoordinator id=3] Scheduling unloading of metadata for __consumer_offsets-30 with epoch OptionalInt[0] (org.apache.kafka.coordinator.common.runtime.CoordinatorRuntime)
kafka1  | 2026-09-26T00:23:19.722811478Z [2026-09-26 00:23:19,721] INFO [GroupCoordinator id=1] Scheduling unloading of metadata for __consumer_offsets-28 with epoch OptionalInt[0] (org.apache.kafka.coordinator.common.runtime.CoordinatorRuntime)
kafka1  | 2026-09-26T00:23:19.722818653Z [2026-09-26 00:23:19,721] INFO [GroupCoordinator id=1] Scheduling unloading of metadata for __consumer_offsets-26 with epoch OptionalInt[0] (org.apache.kafka.coordinator.common.runtime.CoordinatorRuntime)
kafka1  | 2026-09-26T00:23:19.722825106Z [2026-09-26 00:23:19,721] INFO [GroupCoordinator id=1] Scheduling unloading of metadata for __consumer_offsets-7 with epoch OptionalInt[0] (org.apache.kafka.coordinator.common.runtime.CoordinatorRuntime)
kafka1  | 2026-09-26T00:23:19.722831810Z [2026-09-26 00:23:19,721] INFO [GroupCoordinator id=1] Scheduling unloading of metadata for __consumer_offsets-40 with epoch OptionalInt[0] (org.apache.kafka.coordinator.common.runtime.CoordinatorRuntime)
kafka3  | 2026-09-26T00:23:19.824289550Z [2026-09-26 00:23:19,822] INFO [GroupCoordinator id=3] Scheduling unloading of metadata for __consumer_offsets-28 with epoch OptionalInt[0] (org.apache.kafka.coordinator.common.runtime.CoordinatorRuntime)
kafka3  | 2026-09-26T00:23:19.824472114Z [2026-09-26 00:23:19,824] INFO [GroupCoordinator id=3] Scheduling unloading of metadata for __consumer_offsets-7 with epoch OptionalInt[0] (org.apache.kafka.coordinator.common.runtime.CoordinatorRuntime)
kafka1  | 2026-09-26T00:23:19.722839415Z [2026-09-26 00:23:19,721] INFO [GroupCoordinator id=1] Scheduling unloading of metadata for __consumer_offsets-5 with epoch OptionalInt[0] (org.apache.kafka.coordinator.common.runtime.CoordinatorRuntime)
kafka2  | 2026-09-26T00:23:19.311647771Z [2026-09-26 00:23:19,310] INFO [GroupCoordinator id=2] Scheduling unloading of metadata for __consumer_offsets-18 with epoch OptionalInt[0] (org.apache.kafka.coordinator.common.runtime.CoordinatorRuntime)
kafka1  | 2026-09-26T00:23:19.722845698Z [2026-09-26 00:23:19,721] INFO [GroupCoordinator id=1] Scheduling unloading of metadata for __consumer_offsets-3 with epoch OptionalInt[0] (org.apache.kafka.coordinator.common.runtime.CoordinatorRuntime)
kafka2  | 2026-09-26T00:23:19.312396294Z [2026-09-26 00:23:19,311] INFO [GroupCoordinator id=2] Ignored unloading metadata for __consumer_offsets-10 in epoch OptionalInt[0] since metadata was never loaded. (org.apache.kafka.coordinator.common.runtime.CoordinatorRuntime)
kafka3  | 2026-09-26T00:23:19.830784356Z [2026-09-26 00:23:19,824] INFO [GroupCoordinator id=3] Scheduling unloading of metadata for __consumer_offsets-5 with epoch OptionalInt[0] (org.apache.kafka.coordinator.common.runtime.CoordinatorRuntime)
kafka3  | 2026-09-26T00:23:19.832187539Z [2026-09-26 00:23:19,831] INFO [GroupCoordinator id=3] Scheduling unloading of metadata for __consumer_offsets-38 with epoch OptionalInt[0] (org.apache.kafka.coordinator.common.runtime.CoordinatorRuntime)
kafka3  | 2026-09-26T00:23:19.833547934Z [2026-09-26 00:23:19,832] INFO [GroupCoordinator id=3] Scheduling unloading of metadata for __consumer_offsets-36 with epoch OptionalInt[0] (org.apache.kafka.coordinator.common.runtime.CoordinatorRuntime)
kafka3  | 2026-09-26T00:23:19.834765306Z [2026-09-26 00:23:19,833] INFO [GroupCoordinator id=3] Ignored unloading metadata for __consumer_offsets-30 in epoch OptionalInt[0] since metadata was never loaded. (org.apache.kafka.coordinator.common.runtime.CoordinatorRuntime)
kafka3  | 2026-09-26T00:23:19.834806140Z [2026-09-26 00:23:19,833] INFO [GroupCoordinator id=3] Scheduling unloading of metadata for __consumer_offsets-34 with epoch OptionalInt[0] (org.apache.kafka.coordinator.common.runtime.CoordinatorRuntime)
kafka3  | 2026-09-26T00:23:19.837031576Z [2026-09-26 00:23:19,834] INFO [GroupCoordinator id=3] Ignored unloading metadata for __consumer_offsets-44 in epoch OptionalInt[0] since metadata was never loaded. (org.apache.kafka.coordinator.common.runtime.CoordinatorRuntime)
kafka2  | 2026-09-26T00:23:19.312451126Z [2026-09-26 00:23:19,311] INFO [GroupCoordinator id=2] Scheduling unloading of metadata for __consumer_offsets-29 with epoch OptionalInt[0] (org.apache.kafka.coordinator.common.runtime.CoordinatorRuntime)
kafka3  | 2026-09-26T00:23:19.837112021Z [2026-09-26 00:23:19,835] INFO [GroupCoordinator id=3] Scheduling unloading of metadata for __consumer_offsets-47 with epoch OptionalInt[0] (org.apache.kafka.coordinator.common.runtime.CoordinatorRuntime)
kafka3  | 2026-09-26T00:23:19.837197175Z [2026-09-26 00:23:19,835] INFO [GroupCoordinator id=3] Ignored unloading metadata for __consumer_offsets-23 in epoch OptionalInt[0] since metadata was never loaded. (org.apache.kafka.coordinator.common.runtime.CoordinatorRuntime)
kafka3  | 2026-09-26T00:23:19.837341521Z [2026-09-26 00:23:19,836] INFO [GroupCoordinator id=3] Scheduling unloading of metadata for __consumer_offsets-14 with epoch OptionalInt[0] (org.apache.kafka.coordinator.common.runtime.CoordinatorRuntime)
kafka1  | 2026-09-26T00:23:19.722852202Z [2026-09-26 00:23:19,722] INFO [GroupCoordinator id=1] Scheduling unloading of metadata for __consumer_offsets-36 with epoch OptionalInt[0] (org.apache.kafka.coordinator.common.runtime.CoordinatorRuntime)
kafka1  | 2026-09-26T00:23:19.723267402Z [2026-09-26 00:23:19,722] INFO [GroupCoordinator id=1] Scheduling unloading of metadata for __consumer_offsets-1 with epoch OptionalInt[0] (org.apache.kafka.coordinator.common.runtime.CoordinatorRuntime)
kafka1  | 2026-09-26T00:23:19.728509523Z [2026-09-26 00:23:19,722] INFO [GroupCoordinator id=1] Scheduling unloading of metadata for __consumer_offsets-47 with epoch OptionalInt[0] (org.apache.kafka.coordinator.common.runtime.CoordinatorRuntime)
kafka2  | 2026-09-26T00:23:19.312827005Z [2026-09-26 00:23:19,312] INFO [GroupCoordinator id=2] Ignored unloading metadata for __consumer_offsets-34 in epoch OptionalInt[0] since metadata was never loaded. (org.apache.kafka.coordinator.common.runtime.CoordinatorRuntime)
kafka2  | 2026-09-26T00:23:19.312965038Z [2026-09-26 00:23:19,312] INFO [GroupCoordinator id=2] Scheduling unloading of metadata for __consumer_offsets-27 with epoch OptionalInt[0] (org.apache.kafka.coordinator.common.runtime.CoordinatorRuntime)
kafka2  | 2026-09-26T00:23:19.313880785Z [2026-09-26 00:23:19,313] INFO [GroupCoordinator id=2] Scheduling unloading of metadata for __consumer_offsets-8 with epoch OptionalInt[0] (org.apache.kafka.coordinator.common.runtime.CoordinatorRuntime)
kafka2  | 2026-09-26T00:23:19.314216332Z [2026-09-26 00:23:19,313] INFO [GroupCoordinator id=2] Ignored unloading metadata for __consumer_offsets-38 in epoch OptionalInt[0] since metadata was never loaded. (org.apache.kafka.coordinator.common.runtime.CoordinatorRuntime)
kafka1  | 2026-09-26T00:23:19.728611542Z [2026-09-26 00:23:19,723] INFO [GroupCoordinator id=1] Scheduling unloading of metadata for __consumer_offsets-16 with epoch OptionalInt[0] (org.apache.kafka.coordinator.common.runtime.CoordinatorRuntime)
kafka1  | 2026-09-26T00:23:19.728622454Z [2026-09-26 00:23:19,723] INFO [GroupCoordinator id=1] Scheduling unloading of metadata for __consumer_offsets-45 with epoch OptionalInt[0] (org.apache.kafka.coordinator.common.runtime.CoordinatorRuntime)
kafka1  | 2026-09-26T00:23:19.728630501Z [2026-09-26 00:23:19,723] INFO [GroupCoordinator id=1] Scheduling unloading of metadata for __consumer_offsets-14 with epoch OptionalInt[0] (org.apache.kafka.coordinator.common.runtime.CoordinatorRuntime)
kafka1  | 2026-09-26T00:23:19.728638517Z [2026-09-26 00:23:19,724] INFO [GroupCoordinator id=1] Scheduling unloading of metadata for __consumer_offsets-43 with epoch OptionalInt[0] (org.apache.kafka.coordinator.common.runtime.CoordinatorRuntime)
kafka1  | 2026-09-26T00:23:19.728645772Z [2026-09-26 00:23:19,724] INFO [GroupCoordinator id=1] Scheduling unloading of metadata for __consumer_offsets-22 with epoch OptionalInt[0] (org.apache.kafka.coordinator.common.runtime.CoordinatorRuntime)
kafka2  | 2026-09-26T00:23:19.318915282Z [2026-09-26 00:23:19,313] INFO [GroupCoordinator id=2] Scheduling unloading of metadata for __consumer_offsets-37 with epoch OptionalInt[0] (org.apache.kafka.coordinator.common.runtime.CoordinatorRuntime)
kafka2  | 2026-09-26T00:23:19.319038895Z [2026-09-26 00:23:19,315] INFO [GroupCoordinator id=2] Scheduling unloading of metadata for __consumer_offsets-6 with epoch OptionalInt[0] (org.apache.kafka.coordinator.common.runtime.CoordinatorRuntime)
kafka1  | 2026-09-26T00:23:19.728652355Z [2026-09-26 00:23:19,724] INFO [GroupCoordinator id=1] Scheduling unloading of metadata for __consumer_offsets-20 with epoch OptionalInt[0] (org.apache.kafka.coordinator.common.runtime.CoordinatorRuntime)
kafka1  | 2026-09-26T00:23:19.728684090Z [2026-09-26 00:23:19,724] INFO [GroupCoordinator id=1] Scheduling unloading of metadata for __consumer_offsets-49 with epoch OptionalInt[0] (org.apache.kafka.coordinator.common.runtime.CoordinatorRuntime)
kafka1  | 2026-09-26T00:23:19.728692197Z [2026-09-26 00:23:19,725] INFO [GroupCoordinator id=1] Scheduling unloading of metadata for __consumer_offsets-31 with epoch OptionalInt[0] (org.apache.kafka.coordinator.common.runtime.CoordinatorRuntime)
kafka1  | 2026-09-26T00:23:19.728703189Z [2026-09-26 00:23:19,726] INFO [GroupCoordinator id=1] Scheduling unloading of metadata for __consumer_offsets-0 with epoch OptionalInt[0] (org.apache.kafka.coordinator.common.runtime.CoordinatorRuntime)
kafka1  | 2026-09-26T00:23:19.728712659Z [2026-09-26 00:23:19,726] INFO [GroupCoordinator id=1] Scheduling unloading of metadata for __consumer_offsets-29 with epoch OptionalInt[0] (org.apache.kafka.coordinator.common.runtime.CoordinatorRuntime)
kafka1  | 2026-09-26T00:23:19.728719904Z [2026-09-26 00:23:19,727] INFO [GroupCoordinator id=1] Scheduling unloading of metadata for __consumer_offsets-25 with epoch OptionalInt[0] (org.apache.kafka.coordinator.common.runtime.CoordinatorRuntime)
kafka1  | 2026-09-26T00:23:19.728727519Z [2026-09-26 00:23:19,727] INFO [GroupCoordinator id=1] Scheduling unloading of metadata for __consumer_offsets-39 with epoch OptionalInt[0] (org.apache.kafka.coordinator.common.runtime.CoordinatorRuntime)
kafka1  | 2026-09-26T00:23:19.735477307Z [2026-09-26 00:23:19,734] INFO [GroupCoordinator id=1] Scheduling unloading of metadata for __consumer_offsets-37 with epoch OptionalInt[0] (org.apache.kafka.coordinator.common.runtime.CoordinatorRuntime)
kafka2  | 2026-09-26T00:23:19.319047252Z [2026-09-26 00:23:19,316] INFO [GroupCoordinator id=2] Scheduling unloading of metadata for __consumer_offsets-4 with epoch OptionalInt[0] (org.apache.kafka.coordinator.common.runtime.CoordinatorRuntime)
kafka2  | 2026-09-26T00:23:19.319053655Z [2026-09-26 00:23:19,317] INFO [GroupCoordinator id=2] Scheduling unloading of metadata for __consumer_offsets-33 with epoch OptionalInt[0] (org.apache.kafka.coordinator.common.runtime.CoordinatorRuntime)
kafka2  | 2026-09-26T00:23:19.319059758Z [2026-09-26 00:23:19,318] INFO [GroupCoordinator id=2] Scheduling unloading of metadata for __consumer_offsets-2 with epoch OptionalInt[0] (org.apache.kafka.coordinator.common.runtime.CoordinatorRuntime)
kafka3  | 2026-09-26T00:23:19.841605016Z [2026-09-26 00:23:19,838] INFO [GroupCoordinator id=3] Scheduling unloading of metadata for __consumer_offsets-12 with epoch OptionalInt[0] (org.apache.kafka.coordinator.common.runtime.CoordinatorRuntime)
kafka2  | 2026-09-26T00:23:19.319645156Z [2026-09-26 00:23:19,319] INFO [GroupCoordinator id=2] Ignored unloading metadata for __consumer_offsets-27 in epoch OptionalInt[0] since metadata was never loaded. (org.apache.kafka.coordinator.common.runtime.CoordinatorRuntime)
kafka1  | 2026-09-26T00:23:19.736762087Z [2026-09-26 00:23:19,735] INFO [GroupCoordinator id=1] Scheduling unloading of metadata for __consumer_offsets-6 with epoch OptionalInt[0] (org.apache.kafka.coordinator.common.runtime.CoordinatorRuntime)
kafka1  | 2026-09-26T00:23:19.737573835Z [2026-09-26 00:23:19,736] INFO [GroupCoordinator id=1] Scheduling unloading of metadata for __consumer_offsets-35 with epoch OptionalInt[0] (org.apache.kafka.coordinator.common.runtime.CoordinatorRuntime)
kafka1  | 2026-09-26T00:23:19.738504670Z [2026-09-26 00:23:19,737] INFO [GroupCoordinator id=1] Scheduling unloading of metadata for __consumer_offsets-33 with epoch OptionalInt[0] (org.apache.kafka.coordinator.common.runtime.CoordinatorRuntime)
kafka3  | 2026-09-26T00:23:19.841807351Z [2026-09-26 00:23:19,839] INFO [GroupCoordinator id=3] Scheduling unloading of metadata for __consumer_offsets-41 with epoch OptionalInt[0] (org.apache.kafka.coordinator.common.runtime.CoordinatorRuntime)
kafka3  | 2026-09-26T00:23:19.853412903Z [2026-09-26 00:23:19,840] INFO [GroupCoordinator id=3] Scheduling unloading of metadata for __consumer_offsets-10 with epoch OptionalInt[0] (org.apache.kafka.coordinator.common.runtime.CoordinatorRuntime)
kafka2  | 2026-09-26T00:23:19.319872051Z [2026-09-26 00:23:19,319] INFO [GroupCoordinator id=2] Finished loading of metadata from __consumer_offsets-17 with epoch 0 in 42ms where 42ms was spent in the scheduler. Loaded 0 records which total to 0 bytes. (org.apache.kafka.coordinator.common.runtime.CoordinatorRuntime)
kafka1  | 2026-09-26T00:23:19.739606416Z [2026-09-26 00:23:19,738] INFO [GroupCoordinator id=1] Ignored unloading metadata for __consumer_offsets-22 in epoch OptionalInt[0] since metadata was never loaded. (org.apache.kafka.coordinator.common.runtime.CoordinatorRuntime)
kafka2  | 2026-09-26T00:23:19.320093113Z [2026-09-26 00:23:19,313] INFO [GroupCoordinator id=2] Finished loading of metadata from __consumer_offsets-28 with epoch 0 in 37ms where 37ms was spent in the scheduler. Loaded 0 records which total to 0 bytes. (org.apache.kafka.coordinator.common.runtime.CoordinatorRuntime)
kafka2  | 2026-09-26T00:23:19.320215694Z [2026-09-26 00:23:19,319] INFO [GroupCoordinator id=2] Ignored unloading metadata for __consumer_offsets-3 in epoch OptionalInt[0] since metadata was never loaded. (org.apache.kafka.coordinator.common.runtime.CoordinatorRuntime)
kafka2  | 2026-09-26T00:23:19.320458401Z [2026-09-26 00:23:19,320] INFO [GroupCoordinator id=2] Ignored unloading metadata for __consumer_offsets-24 in epoch OptionalInt[0] since metadata was never loaded. (org.apache.kafka.coordinator.common.runtime.CoordinatorRuntime)
kafka2  | 2026-09-26T00:23:19.320734727Z [2026-09-26 00:23:19,320] INFO [GroupCoordinator id=2] Ignored unloading metadata for __consumer_offsets-37 in epoch OptionalInt[0] since metadata was never loaded. (org.apache.kafka.coordinator.common.runtime.CoordinatorRuntime)
kafka1  | 2026-09-26T00:23:19.740973018Z [2026-09-26 00:23:19,740] INFO [GroupCoordinator id=1] Ignored unloading metadata for __consumer_offsets-11 in epoch OptionalInt[0] since metadata was never loaded. (org.apache.kafka.coordinator.common.runtime.CoordinatorRuntime)
kafka1  | 2026-09-26T00:23:19.746777544Z [2026-09-26 00:23:19,741] INFO [GroupCoordinator id=1] Ignored unloading metadata for __consumer_offsets-45 in epoch OptionalInt[0] since metadata was never loaded. (org.apache.kafka.coordinator.common.runtime.CoordinatorRuntime)
kafka1  | 2026-09-26T00:23:19.756363843Z [2026-09-26 00:23:19,750] INFO [DynamicConfigPublisher broker id=1] Updating topic __consumer_offsets with new configuration : compression.type -> producer,cleanup.policy -> compact,segment.bytes -> 104857600 (kafka.server.metadata.DynamicConfigPublisher)
kafka1  | 2026-09-26T00:23:19.767788416Z [2026-09-26 00:23:19,767] INFO [GroupCoordinator id=1] Ignored unloading metadata for __consumer_offsets-13 in epoch OptionalInt[0] since metadata was never loaded. (org.apache.kafka.coordinator.common.runtime.CoordinatorRuntime)
kafka3  | 2026-09-26T00:23:19.853891482Z [2026-09-26 00:23:19,852] INFO [GroupCoordinator id=3] Scheduling unloading of metadata for __consumer_offsets-24 with epoch OptionalInt[0] (org.apache.kafka.coordinator.common.runtime.CoordinatorRuntime)
kafka2  | 2026-09-26T00:23:19.321439570Z [2026-09-26 00:23:19,320] INFO [GroupCoordinator id=2] Ignored unloading metadata for __consumer_offsets-8 in epoch OptionalInt[0] since metadata was never loaded. (org.apache.kafka.coordinator.common.runtime.CoordinatorRuntime)
kafka3  | 2026-09-26T00:23:19.853922716Z [2026-09-26 00:23:19,842] INFO [GroupCoordinator id=3] Ignored unloading metadata for __consumer_offsets-12 in epoch OptionalInt[0] since metadata was never loaded. (org.apache.kafka.coordinator.common.runtime.CoordinatorRuntime)
kafka3  | 2026-09-26T00:23:19.854000947Z [2026-09-26 00:23:19,853] INFO [GroupCoordinator id=3] Scheduling unloading of metadata for __consumer_offsets-20 with epoch OptionalInt[0] (org.apache.kafka.coordinator.common.runtime.CoordinatorRuntime)
kafka2  | 2026-09-26T00:23:19.321487298Z [2026-09-26 00:23:19,321] INFO [GroupCoordinator id=2] Ignored unloading metadata for __consumer_offsets-18 in epoch OptionalInt[0] since metadata was never loaded. (org.apache.kafka.coordinator.common.runtime.CoordinatorRuntime)
kafka1  | 2026-09-26T00:23:19.770906320Z [2026-09-26 00:23:19,770] INFO [GroupCoordinator id=1] Ignored unloading metadata for __consumer_offsets-47 in epoch OptionalInt[0] since metadata was never loaded. (org.apache.kafka.coordinator.common.runtime.CoordinatorRuntime)
kafka2  | 2026-09-26T00:23:19.322044298Z [2026-09-26 00:23:19,321] INFO [GroupCoordinator id=2] Finished loading of metadata from __consumer_offsets-25 with epoch 0 in 40ms where 40ms was spent in the scheduler. Loaded 0 records which total to 0 bytes. (org.apache.kafka.coordinator.common.runtime.CoordinatorRuntime)
kafka2  | 2026-09-26T00:23:19.322225990Z [2026-09-26 00:23:19,321] INFO [GroupCoordinator id=2] Finished loading of metadata from __consumer_offsets-7 with epoch 0 in 36ms where 36ms was spent in the scheduler. Loaded 0 records which total to 0 bytes. (org.apache.kafka.coordinator.common.runtime.CoordinatorRuntime)
kafka2  | 2026-09-26T00:23:19.323764958Z [2026-09-26 00:23:19,322] INFO [GroupCoordinator id=2] Ignored unloading metadata for __consumer_offsets-43 in epoch OptionalInt[0] since metadata was never loaded. (org.apache.kafka.coordinator.common.runtime.CoordinatorRuntime)
kafka3  | 2026-09-26T00:23:19.854021378Z [2026-09-26 00:23:19,846] INFO [GroupCoordinator id=3] Ignored unloading metadata for __consumer_offsets-42 in epoch OptionalInt[0] since metadata was never loaded. (org.apache.kafka.coordinator.common.runtime.CoordinatorRuntime)
kafka3  | 2026-09-26T00:23:19.854028924Z [2026-09-26 00:23:19,853] INFO [GroupCoordinator id=3] Ignored unloading metadata for __consumer_offsets-15 in epoch OptionalInt[0] since metadata was never loaded. (org.apache.kafka.coordinator.common.runtime.CoordinatorRuntime)
kafka1  | 2026-09-26T00:23:19.784002401Z [2026-09-26 00:23:19,783] INFO [GroupCoordinator id=1] Ignored unloading metadata for __consumer_offsets-49 in epoch OptionalInt[0] since metadata was never loaded. (org.apache.kafka.coordinator.common.runtime.CoordinatorRuntime)
kafka3  | 2026-09-26T00:23:19.854596681Z [2026-09-26 00:23:19,854] INFO [GroupCoordinator id=3] Ignored unloading metadata for __consumer_offsets-47 in epoch OptionalInt[0] since metadata was never loaded. (org.apache.kafka.coordinator.common.runtime.CoordinatorRuntime)
kafka3  | 2026-09-26T00:23:19.858396254Z [2026-09-26 00:23:19,855] INFO [GroupCoordinator id=3] Ignored unloading metadata for __consumer_offsets-10 in epoch OptionalInt[0] since metadata was never loaded. (org.apache.kafka.coordinator.common.runtime.CoordinatorRuntime)
kafka2  | 2026-09-26T00:23:19.325802930Z [2026-09-26 00:23:19,324] INFO [GroupCoordinator id=2] Ignored unloading metadata for __consumer_offsets-33 in epoch OptionalInt[0] since metadata was never loaded. (org.apache.kafka.coordinator.common.runtime.CoordinatorRuntime)
kafka2  | 2026-09-26T00:23:19.326801615Z [2026-09-26 00:23:19,325] INFO [GroupCoordinator id=2] Finished loading of metadata from __consumer_offsets-20 with epoch 0 in 26ms where 18ms was spent in the scheduler. Loaded 0 records which total to 0 bytes. (org.apache.kafka.coordinator.common.runtime.CoordinatorRuntime)
kafka2  | 2026-09-26T00:23:19.328909981Z [2026-09-26 00:23:19,327] INFO [GroupCoordinator id=2] Ignored unloading metadata for __consumer_offsets-41 in epoch OptionalInt[0] since metadata was never loaded. (org.apache.kafka.coordinator.common.runtime.CoordinatorRuntime)
kafka3  | 2026-09-26T00:23:19.858499576Z [2026-09-26 00:23:19,855] INFO [GroupCoordinator id=3] Scheduling unloading of metadata for __consumer_offsets-49 with epoch OptionalInt[0] (org.apache.kafka.coordinator.common.runtime.CoordinatorRuntime)
kafka2  | 2026-09-26T00:23:19.328933650Z [2026-09-26 00:23:19,326] INFO [GroupCoordinator id=2] Ignored unloading metadata for __consumer_offsets-22 in epoch OptionalInt[0] since metadata was never loaded. (org.apache.kafka.coordinator.common.runtime.CoordinatorRuntime)
kafka2  | 2026-09-26T00:23:19.329243173Z [2026-09-26 00:23:19,328] INFO [GroupCoordinator id=2] Ignored unloading metadata for __consumer_offsets-6 in epoch OptionalInt[0] since metadata was never loaded. (org.apache.kafka.coordinator.common.runtime.CoordinatorRuntime)
kafka2  | 2026-09-26T00:23:19.329262072Z [2026-09-26 00:23:19,328] INFO [GroupCoordinator id=2] Finished loading of metadata from __consumer_offsets-5 with epoch 0 in 9ms where 9ms was spent in the scheduler. Loaded 0 records which total to 0 bytes. (org.apache.kafka.coordinator.common.runtime.CoordinatorRuntime)
kafka1  | 2026-09-26T00:23:19.784534941Z [2026-09-26 00:23:19,784] INFO [GroupCoordinator id=1] Ignored unloading metadata for __consumer_offsets-35 in epoch OptionalInt[0] since metadata was never loaded. (org.apache.kafka.coordinator.common.runtime.CoordinatorRuntime)
kafka1  | 2026-09-26T00:23:19.785860274Z [2026-09-26 00:23:19,784] INFO [GroupCoordinator id=1] Ignored unloading metadata for __consumer_offsets-33 in epoch OptionalInt[0] since metadata was never loaded. (org.apache.kafka.coordinator.common.runtime.CoordinatorRuntime)
kafka1  | 2026-09-26T00:23:19.792092463Z [2026-09-26 00:23:19,774] INFO [GroupCoordinator id=1] Ignored unloading metadata for __consumer_offsets-23 in epoch OptionalInt[0] since metadata was never loaded. (org.apache.kafka.coordinator.common.runtime.CoordinatorRuntime)
kafka1  | 2026-09-26T00:23:19.793302390Z [2026-09-26 00:23:19,792] INFO [GroupCoordinator id=1] Ignored unloading metadata for __consumer_offsets-31 in epoch OptionalInt[0] since metadata was never loaded. (org.apache.kafka.coordinator.common.runtime.CoordinatorRuntime)
kafka2  | 2026-09-26T00:23:19.330871850Z [2026-09-26 00:23:19,329] INFO [GroupCoordinator id=2] Ignored unloading metadata for __consumer_offsets-2 in epoch OptionalInt[0] since metadata was never loaded. (org.apache.kafka.coordinator.common.runtime.CoordinatorRuntime)
kafka3  | 2026-09-26T00:23:19.858507843Z [2026-09-26 00:23:19,855] INFO [GroupCoordinator id=3] Ignored unloading metadata for __consumer_offsets-24 in epoch OptionalInt[0] since metadata was never loaded. (org.apache.kafka.coordinator.common.runtime.CoordinatorRuntime)
kafka3  | 2026-09-26T00:23:19.858568968Z [2026-09-26 00:23:19,855] INFO [GroupCoordinator id=3] Scheduling unloading of metadata for __consumer_offsets-18 with epoch OptionalInt[0] (org.apache.kafka.coordinator.common.runtime.CoordinatorRuntime)
kafka2  | 2026-09-26T00:23:19.330898404Z [2026-09-26 00:23:19,329] INFO [GroupCoordinator id=2] Ignored unloading metadata for __consumer_offsets-29 in epoch OptionalInt[0] since metadata was never loaded. (org.apache.kafka.coordinator.common.runtime.CoordinatorRuntime)
kafka2  | 2026-09-26T00:23:19.331031336Z [2026-09-26 00:23:19,329] INFO [GroupCoordinator id=2] Ignored unloading metadata for __consumer_offsets-4 in epoch OptionalInt[0] since metadata was never loaded. (org.apache.kafka.coordinator.common.runtime.CoordinatorRuntime)
kafka2  | 2026-09-26T00:23:19.338746782Z [2026-09-26 00:23:19,337] INFO [DynamicConfigPublisher broker id=2] Updating topic __consumer_offsets with new configuration : compression.type -> producer,cleanup.policy -> compact,segment.bytes -> 104857600 (kafka.server.metadata.DynamicConfigPublisher)
kafka1  | 2026-09-26T00:23:19.793920771Z [2026-09-26 00:23:19,793] INFO [GroupCoordinator id=1] Ignored unloading metadata for __consumer_offsets-14 in epoch OptionalInt[0] since metadata was never loaded. (org.apache.kafka.coordinator.common.runtime.CoordinatorRuntime)
kafka2  | 2026-09-26T00:23:19.394603942Z [2026-09-26 00:23:19,393] INFO [GroupCoordinator id=2 topic=__consumer_offsets partition=0] Dynamic member with unknown member id joins group processadores-sensores in Empty state. Created a new member id kafka-python-3.0.11-8f758e7b-9e55-4501-9ee3-ca192c5a3a54 and requesting the member to rejoin with this id. (org.apache.kafka.coordinator.group.GroupMetadataManager)
kafka2  | 2026-09-26T00:23:19.467395619Z [2026-09-26 00:23:19,466] INFO [GroupCoordinator id=2 topic=__consumer_offsets partition=0] Pending dynamic member with id kafka-python-3.0.11-8f758e7b-9e55-4501-9ee3-ca192c5a3a54 joins group processadores-sensores in Empty state. Adding to the group now. (org.apache.kafka.coordinator.group.GroupMetadataManager)
kafka1  | 2026-09-26T00:23:19.794916725Z [2026-09-26 00:23:19,794] INFO [GroupCoordinator id=1] Ignored unloading metadata for __consumer_offsets-19 in epoch OptionalInt[0] since metadata was never loaded. (org.apache.kafka.coordinator.common.runtime.CoordinatorRuntime)
kafka3  | 2026-09-26T00:23:19.858580071Z [2026-09-26 00:23:19,855] INFO [GroupCoordinator id=3] Scheduling unloading of metadata for __consumer_offsets-31 with epoch OptionalInt[0] (org.apache.kafka.coordinator.common.runtime.CoordinatorRuntime)
kafka3  | 2026-09-26T00:23:19.858586975Z [2026-09-26 00:23:19,856] INFO [GroupCoordinator id=3] Scheduling unloading of metadata for __consumer_offsets-0 with epoch OptionalInt[0] (org.apache.kafka.coordinator.common.runtime.CoordinatorRuntime)
kafka1  | 2026-09-26T00:23:19.795591336Z [2026-09-26 00:23:19,795] INFO [GroupCoordinator id=1] Ignored unloading metadata for __consumer_offsets-16 in epoch OptionalInt[0] since metadata was never loaded. (org.apache.kafka.coordinator.common.runtime.CoordinatorRuntime)
kafka3  | 2026-09-26T00:23:19.867866119Z [2026-09-26 00:23:19,857] INFO [GroupCoordinator id=3] Scheduling unloading of metadata for __consumer_offsets-27 with epoch OptionalInt[0] (org.apache.kafka.coordinator.common.runtime.CoordinatorRuntime)
kafka3  | 2026-09-26T00:23:19.867947075Z [2026-09-26 00:23:19,859] INFO [GroupCoordinator id=3] Scheduling unloading of metadata for __consumer_offsets-25 with epoch OptionalInt[0] (org.apache.kafka.coordinator.common.runtime.CoordinatorRuntime)
kafka1  | 2026-09-26T00:23:19.800237450Z [2026-09-26 00:23:19,796] INFO [GroupCoordinator id=1] Ignored unloading metadata for __consumer_offsets-17 in epoch OptionalInt[0] since metadata was never loaded. (org.apache.kafka.coordinator.common.runtime.CoordinatorRuntime)
kafka1  | 2026-09-26T00:23:19.800362826Z [2026-09-26 00:23:19,796] INFO [GroupCoordinator id=1] Ignored unloading metadata for __consumer_offsets-6 in epoch OptionalInt[0] since metadata was never loaded. (org.apache.kafka.coordinator.common.runtime.CoordinatorRuntime)
kafka1  | 2026-09-26T00:23:19.811516721Z [2026-09-26 00:23:19,810] INFO [GroupCoordinator id=1] Ignored unloading metadata for __consumer_offsets-28 in epoch OptionalInt[0] since metadata was never loaded. (org.apache.kafka.coordinator.common.runtime.CoordinatorRuntime)
kafka1  | 2026-09-26T00:23:19.815798850Z [2026-09-26 00:23:19,811] INFO [GroupCoordinator id=1] Ignored unloading metadata for __consumer_offsets-48 in epoch OptionalInt[0] since metadata was never loaded. (org.apache.kafka.coordinator.common.runtime.CoordinatorRuntime)
kafka2  | 2026-09-26T00:23:19.476609569Z [2026-09-26 00:23:19,475] INFO [GroupCoordinator id=2 topic=__consumer_offsets partition=0] Preparing to rebalance group processadores-sensores in state PreparingRebalance with old generation 0 (reason: Adding new member kafka-python-3.0.11-8f758e7b-9e55-4501-9ee3-ca192c5a3a54 with group instance id null; client reason: not provided). (org.apache.kafka.coordinator.group.GroupMetadataManager)
kafka1  | 2026-09-26T00:23:19.820060974Z [2026-09-26 00:23:19,777] INFO [GroupCoordinator id=1] Ignored unloading metadata for __consumer_offsets-42 in epoch OptionalInt[0] since metadata was never loaded. (org.apache.kafka.coordinator.common.runtime.CoordinatorRuntime)
kafka2  | 2026-09-26T00:23:19.542777901Z [2026-09-26 00:23:19,541] INFO [GroupCoordinator id=2 topic=__consumer_offsets partition=0] Stabilized group processadores-sensores generation 1 with 1 members. (org.apache.kafka.coordinator.group.GroupMetadataManager)
kafka2  | 2026-09-26T00:23:19.659476082Z [2026-09-26 00:23:19,658] INFO [GroupCoordinator id=2 topic=__consumer_offsets partition=0] Assignment received from leader kafka-python-3.0.11-8f758e7b-9e55-4501-9ee3-ca192c5a3a54 for group processadores-sensores for generation 1. The group has 1 members, 0 of which are static. (org.apache.kafka.coordinator.group.GroupMetadataManager)
kafka1  | 2026-09-26T00:23:19.833368226Z [2026-09-26 00:23:19,832] INFO [GroupCoordinator id=1] Ignored unloading metadata for __consumer_offsets-40 in epoch OptionalInt[0] since metadata was never loaded. (org.apache.kafka.coordinator.common.runtime.CoordinatorRuntime)
kafka3  | 2026-09-26T00:23:19.867956795Z [2026-09-26 00:23:19,859] INFO [GroupCoordinator id=3] Scheduling unloading of metadata for __consumer_offsets-39 with epoch OptionalInt[0] (org.apache.kafka.coordinator.common.runtime.CoordinatorRuntime)
kafka1  | 2026-09-26T00:23:19.834717486Z [2026-09-26 00:23:19,833] INFO [GroupCoordinator id=1] Ignored unloading metadata for __consumer_offsets-1 in epoch OptionalInt[0] since metadata was never loaded. (org.apache.kafka.coordinator.common.runtime.CoordinatorRuntime)
kafka1  | 2026-09-26T00:23:19.834872083Z [2026-09-26 00:23:19,833] INFO [GroupCoordinator id=1] Ignored unloading metadata for __consumer_offsets-36 in epoch OptionalInt[0] since metadata was never loaded. (org.apache.kafka.coordinator.common.runtime.CoordinatorRuntime)
kafka3  | 2026-09-26T00:23:19.867963949Z [2026-09-26 00:23:19,859] INFO [GroupCoordinator id=3] Ignored unloading metadata for __consumer_offsets-18 in epoch OptionalInt[0] since metadata was never loaded. (org.apache.kafka.coordinator.common.runtime.CoordinatorRuntime)
kafka3  | 2026-09-26T00:23:19.867971254Z [2026-09-26 00:23:19,860] INFO [GroupCoordinator id=3] Ignored unloading metadata for __consumer_offsets-38 in epoch OptionalInt[0] since metadata was never loaded. (org.apache.kafka.coordinator.common.runtime.CoordinatorRuntime)
kafka1  | 2026-09-26T00:23:19.843065606Z [2026-09-26 00:23:19,833] INFO [GroupCoordinator id=1] Ignored unloading metadata for __consumer_offsets-5 in epoch OptionalInt[0] since metadata was never loaded. (org.apache.kafka.coordinator.common.runtime.CoordinatorRuntime)
kafka1  | 2026-09-26T00:23:19.843142554Z [2026-09-26 00:23:19,842] INFO [GroupCoordinator id=1] Ignored unloading metadata for __consumer_offsets-3 in epoch OptionalInt[0] since metadata was never loaded. (org.apache.kafka.coordinator.common.runtime.CoordinatorRuntime)
kafka3  | 2026-09-26T00:23:19.867990764Z [2026-09-26 00:23:19,864] INFO [GroupCoordinator id=3] Ignored unloading metadata for __consumer_offsets-11 in epoch OptionalInt[0] since metadata was never loaded. (org.apache.kafka.coordinator.common.runtime.CoordinatorRuntime)
kafka1  | 2026-09-26T00:23:19.844209819Z [2026-09-26 00:23:19,843] INFO [GroupCoordinator id=1] Ignored unloading metadata for __consumer_offsets-37 in epoch OptionalInt[0] since metadata was never loaded. (org.apache.kafka.coordinator.common.runtime.CoordinatorRuntime)
kafka3  | 2026-09-26T00:23:19.869391312Z [2026-09-26 00:23:19,868] INFO [GroupCoordinator id=3] Ignored unloading metadata for __consumer_offsets-28 in epoch OptionalInt[0] since metadata was never loaded. (org.apache.kafka.coordinator.common.runtime.CoordinatorRuntime)
kafka3  | 2026-09-26T00:23:19.870498498Z [2026-09-26 00:23:19,869] INFO [GroupCoordinator id=3] Ignored unloading metadata for __consumer_offsets-0 in epoch OptionalInt[0] since metadata was never loaded. (org.apache.kafka.coordinator.common.runtime.CoordinatorRuntime)
kafka1  | 2026-09-26T00:23:19.844689772Z [2026-09-26 00:23:19,844] INFO [GroupCoordinator id=1] Ignored unloading metadata for __consumer_offsets-7 in epoch OptionalInt[0] since metadata was never loaded. (org.apache.kafka.coordinator.common.runtime.CoordinatorRuntime)
kafka3  | 2026-09-26T00:23:19.871848141Z [2026-09-26 00:23:19,870] INFO [GroupCoordinator id=3] Ignored unloading metadata for __consumer_offsets-5 in epoch OptionalInt[0] since metadata was never loaded. (org.apache.kafka.coordinator.common.runtime.CoordinatorRuntime)
kafka1  | 2026-09-26T00:23:19.875811638Z [2026-09-26 00:23:19,874] INFO [GroupCoordinator id=1] Ignored unloading metadata for __consumer_offsets-25 in epoch OptionalInt[0] since metadata was never loaded. (org.apache.kafka.coordinator.common.runtime.CoordinatorRuntime)
kafka1  | 2026-09-26T00:23:19.881610669Z [2026-09-26 00:23:19,878] INFO [GroupCoordinator id=1] Ignored unloading metadata for __consumer_offsets-43 in epoch OptionalInt[0] since metadata was never loaded. (org.apache.kafka.coordinator.common.runtime.CoordinatorRuntime)
kafka3  | 2026-09-26T00:23:19.871913726Z [2026-09-26 00:23:19,870] INFO [GroupCoordinator id=3] Ignored unloading metadata for __consumer_offsets-27 in epoch OptionalInt[0] since metadata was never loaded. (org.apache.kafka.coordinator.common.runtime.CoordinatorRuntime)
kafka3  | 2026-09-26T00:23:19.871969605Z [2026-09-26 00:23:19,871] INFO [GroupCoordinator id=3] Ignored unloading metadata for __consumer_offsets-49 in epoch OptionalInt[0] since metadata was never loaded. (org.apache.kafka.coordinator.common.runtime.CoordinatorRuntime)
kafka3  | 2026-09-26T00:23:19.883512403Z [2026-09-26 00:23:19,882] INFO [GroupCoordinator id=3] Ignored unloading metadata for __consumer_offsets-14 in epoch OptionalInt[0] since metadata was never loaded. (org.apache.kafka.coordinator.common.runtime.CoordinatorRuntime)
kafka3  | 2026-09-26T00:23:19.891106959Z [2026-09-26 00:23:19,886] INFO [GroupCoordinator id=3] Ignored unloading metadata for __consumer_offsets-31 in epoch OptionalInt[0] since metadata was never loaded. (org.apache.kafka.coordinator.common.runtime.CoordinatorRuntime)
kafka1  | 2026-09-26T00:23:19.893773017Z [2026-09-26 00:23:19,891] INFO [GroupCoordinator id=1] Ignored unloading metadata for __consumer_offsets-29 in epoch OptionalInt[0] since metadata was never loaded. (org.apache.kafka.coordinator.common.runtime.CoordinatorRuntime)
kafka3  | 2026-09-26T00:23:19.892877914Z [2026-09-26 00:23:19,891] INFO [GroupCoordinator id=3] Finished loading of metadata from __consumer_offsets-48 with epoch 0 in 58ms where 46ms was spent in the scheduler. Loaded 0 records which total to 0 bytes. (org.apache.kafka.coordinator.common.runtime.CoordinatorRuntime)
kafka3  | 2026-09-26T00:23:19.892939851Z [2026-09-26 00:23:19,886] INFO [GroupCoordinator id=3] Finished loading of metadata from __consumer_offsets-26 with epoch 0 in 27ms where 27ms was spent in the scheduler. Loaded 0 records which total to 0 bytes. (org.apache.kafka.coordinator.common.runtime.CoordinatorRuntime)
kafka3  | 2026-09-26T00:23:19.892949531Z [2026-09-26 00:23:19,874] INFO [GroupCoordinator id=3] Scheduling unloading of metadata for __consumer_offsets-8 with epoch OptionalInt[0] (org.apache.kafka.coordinator.common.runtime.CoordinatorRuntime)
kafka3  | 2026-09-26T00:23:19.895680103Z [2026-09-26 00:23:19,893] INFO [GroupCoordinator id=3] Scheduling unloading of metadata for __consumer_offsets-35 with epoch OptionalInt[0] (org.apache.kafka.coordinator.common.runtime.CoordinatorRuntime)
kafka3  | 2026-09-26T00:23:19.895873579Z [2026-09-26 00:23:19,893] INFO [GroupCoordinator id=3] Ignored unloading metadata for __consumer_offsets-17 in epoch OptionalInt[0] since metadata was never loaded. (org.apache.kafka.coordinator.common.runtime.CoordinatorRuntime)
kafka3  | 2026-09-26T00:23:19.896556528Z [2026-09-26 00:23:19,896] INFO [GroupCoordinator id=3] Scheduling unloading of metadata for __consumer_offsets-4 with epoch OptionalInt[0] (org.apache.kafka.coordinator.common.runtime.CoordinatorRuntime)
kafka1  | 2026-09-26T00:23:19.893902883Z [2026-09-26 00:23:19,892] INFO [GroupCoordinator id=1] Ignored unloading metadata for __consumer_offsets-9 in epoch OptionalInt[0] since metadata was never loaded. (org.apache.kafka.coordinator.common.runtime.CoordinatorRuntime)
kafka3  | 2026-09-26T00:23:19.896802882Z [2026-09-26 00:23:19,896] INFO [GroupCoordinator id=3] Finished loading of metadata from __consumer_offsets-22 with epoch 0 in 50ms where 50ms was spent in the scheduler. Loaded 0 records which total to 0 bytes. (org.apache.kafka.coordinator.common.runtime.CoordinatorRuntime)
kafka1  | 2026-09-26T00:23:19.901181308Z [2026-09-26 00:23:19,880] INFO [GroupCoordinator id=1] Ignored unloading metadata for __consumer_offsets-32 in epoch OptionalInt[0] since metadata was never loaded. (org.apache.kafka.coordinator.common.runtime.CoordinatorRuntime)
kafka1  | 2026-09-26T00:23:19.901326966Z [2026-09-26 00:23:19,880] INFO [GroupCoordinator id=1] Ignored unloading metadata for __consumer_offsets-0 in epoch OptionalInt[0] since metadata was never loaded. (org.apache.kafka.coordinator.common.runtime.CoordinatorRuntime)
kafka1  | 2026-09-26T00:23:19.901335113Z [2026-09-26 00:23:19,879] INFO [GroupCoordinator id=1] Ignored unloading metadata for __consumer_offsets-39 in epoch OptionalInt[0] since metadata was never loaded. (org.apache.kafka.coordinator.common.runtime.CoordinatorRuntime)
kafka1  | 2026-09-26T00:23:19.925308126Z [2026-09-26 00:23:19,924] INFO [GroupCoordinator id=1] Finished loading of metadata from __consumer_offsets-46 with epoch 0 in 150ms where 43ms was spent in the scheduler. Loaded 0 records which total to 0 bytes. (org.apache.kafka.coordinator.common.runtime.CoordinatorRuntime)
kafka1  | 2026-09-26T00:23:19.942885529Z [2026-09-26 00:23:19,929] INFO [GroupCoordinator id=1] Finished loading of metadata from __consumer_offsets-30 with epoch 0 in 125ms where 125ms was spent in the scheduler. Loaded 0 records which total to 0 bytes. (org.apache.kafka.coordinator.common.runtime.CoordinatorRuntime)
kafka1  | 2026-09-26T00:23:19.943010345Z [2026-09-26 00:23:19,940] INFO [GroupCoordinator id=1] Finished loading of metadata from __consumer_offsets-34 with epoch 0 in 68ms where 68ms was spent in the scheduler. Loaded 0 records which total to 0 bytes. (org.apache.kafka.coordinator.common.runtime.CoordinatorRuntime)
kafka3  | 2026-09-26T00:23:19.896867113Z [2026-09-26 00:23:19,896] INFO [GroupCoordinator id=3] Scheduling unloading of metadata for __consumer_offsets-2 with epoch OptionalInt[0] (org.apache.kafka.coordinator.common.runtime.CoordinatorRuntime)
kafka3  | 2026-09-26T00:23:19.897978087Z [2026-09-26 00:23:19,897] INFO [GroupCoordinator id=3] Ignored unloading metadata for __consumer_offsets-36 in epoch OptionalInt[0] since metadata was never loaded. (org.apache.kafka.coordinator.common.runtime.CoordinatorRuntime)
kafka1  | 2026-09-26T00:23:19.943023281Z [2026-09-26 00:23:19,941] INFO [GroupCoordinator id=1] Finished loading of metadata from __consumer_offsets-24 with epoch 0 in 55ms where 55ms was spent in the scheduler. Loaded 0 records which total to 0 bytes. (org.apache.kafka.coordinator.common.runtime.CoordinatorRuntime)
kafka3  | 2026-09-26T00:23:19.911663097Z [2026-09-26 00:23:19,898] INFO [GroupCoordinator id=3] Finished loading of metadata from __consumer_offsets-19 with epoch 0 in 57ms where 57ms was spent in the scheduler. Loaded 0 records which total to 0 bytes. (org.apache.kafka.coordinator.common.runtime.CoordinatorRuntime)
kafka1  | 2026-09-26T00:23:19.943100840Z [2026-09-26 00:23:19,941] INFO [GroupCoordinator id=1] Finished loading of metadata from __consumer_offsets-4 with epoch 0 in 117ms where 117ms was spent in the scheduler. Loaded 0 records which total to 0 bytes. (org.apache.kafka.coordinator.common.runtime.CoordinatorRuntime)
kafka1  | 2026-09-26T00:23:19.944877535Z [2026-09-26 00:23:19,941] INFO [GroupCoordinator id=1] Finished loading of metadata from __consumer_offsets-21 with epoch 0 in 154ms where 154ms was spent in the scheduler. Loaded 0 records which total to 0 bytes. (org.apache.kafka.coordinator.common.runtime.CoordinatorRuntime)
kafka1  | 2026-09-26T00:23:19.944917306Z [2026-09-26 00:23:19,942] INFO [GroupCoordinator id=1] Ignored unloading metadata for __consumer_offsets-20 in epoch OptionalInt[0] since metadata was never loaded. (org.apache.kafka.coordinator.common.runtime.CoordinatorRuntime)
kafka3  | 2026-09-26T00:23:19.913593419Z [2026-09-26 00:23:19,912] INFO [GroupCoordinator id=3] Ignored unloading metadata for __consumer_offsets-41 in epoch OptionalInt[0] since metadata was never loaded. (org.apache.kafka.coordinator.common.runtime.CoordinatorRuntime)
kafka3  | 2026-09-26T00:23:19.914979747Z [2026-09-26 00:23:19,897] INFO [GroupCoordinator id=3] Finished loading of metadata from __consumer_offsets-13 with epoch 0 in 79ms where 79ms was spent in the scheduler. Loaded 0 records which total to 0 bytes. (org.apache.kafka.coordinator.common.runtime.CoordinatorRuntime)
kafka1  | 2026-09-26T00:23:19.949502079Z [2026-09-26 00:23:19,942] INFO [GroupCoordinator id=1] Finished loading of metadata from __consumer_offsets-15 with epoch 0 in 181ms where 181ms was spent in the scheduler. Loaded 0 records which total to 0 bytes. (org.apache.kafka.coordinator.common.runtime.CoordinatorRuntime)
kafka1  | 2026-09-26T00:23:19.949694112Z [2026-09-26 00:23:19,942] INFO [GroupCoordinator id=1] Finished loading of metadata from __consumer_offsets-44 with epoch 0 in 186ms where 186ms was spent in the scheduler. Loaded 0 records which total to 0 bytes. (org.apache.kafka.coordinator.common.runtime.CoordinatorRuntime)
kafka1  | 2026-09-26T00:23:19.949709744Z [2026-09-26 00:23:19,928] INFO [GroupCoordinator id=1] Finished loading of metadata from __consumer_offsets-12 with epoch 0 in 176ms where 176ms was spent in the scheduler. Loaded 0 records which total to 0 bytes. (org.apache.kafka.coordinator.common.runtime.CoordinatorRuntime)
kafka3  | 2026-09-26T00:23:19.915677155Z [2026-09-26 00:23:19,911] INFO [GroupCoordinator id=3] Ignored unloading metadata for __consumer_offsets-46 in epoch OptionalInt[0] since metadata was never loaded. (org.apache.kafka.coordinator.common.runtime.CoordinatorRuntime)
kafka3  | 2026-09-26T00:23:19.917478582Z [2026-09-26 00:23:19,916] INFO [GroupCoordinator id=3] Ignored unloading metadata for __consumer_offsets-2 in epoch OptionalInt[0] since metadata was never loaded. (org.apache.kafka.coordinator.common.runtime.CoordinatorRuntime)
kafka3  | 2026-09-26T00:23:19.917611725Z [2026-09-26 00:23:19,916] INFO [GroupCoordinator id=3] Ignored unloading metadata for __consumer_offsets-35 in epoch OptionalInt[0] since metadata was never loaded. (org.apache.kafka.coordinator.common.runtime.CoordinatorRuntime)
kafka3  | 2026-09-26T00:23:19.925336516Z [2026-09-26 00:23:19,917] INFO [GroupCoordinator id=3] Finished loading of metadata from __consumer_offsets-45 with epoch 0 in 78ms where 77ms was spent in the scheduler. Loaded 0 records which total to 0 bytes. (org.apache.kafka.coordinator.common.runtime.CoordinatorRuntime)
kafka3  | 2026-09-26T00:23:19.925401399Z [2026-09-26 00:23:19,918] INFO [GroupCoordinator id=3] Ignored unloading metadata for __consumer_offsets-34 in epoch OptionalInt[0] since metadata was never loaded. (org.apache.kafka.coordinator.common.runtime.CoordinatorRuntime)
kafka3  | 2026-09-26T00:23:19.925410859Z [2026-09-26 00:23:19,919] INFO [GroupCoordinator id=3] Finished loading of metadata from __consumer_offsets-43 with epoch 0 in 110ms where 110ms was spent in the scheduler. Loaded 0 records which total to 0 bytes. (org.apache.kafka.coordinator.common.runtime.CoordinatorRuntime)
kafka1  | 2026-09-26T00:23:19.950375297Z [2026-09-26 00:23:19,925] INFO [GroupCoordinator id=1] Finished loading of metadata from __consumer_offsets-41 with epoch 0 in 57ms where 57ms was spent in the scheduler. Loaded 0 records which total to 0 bytes. (org.apache.kafka.coordinator.common.runtime.CoordinatorRuntime)
kafka1  | 2026-09-26T00:23:19.962402136Z [2026-09-26 00:23:19,960] INFO [GroupCoordinator id=1] Ignored unloading metadata for __consumer_offsets-26 in epoch OptionalInt[0] since metadata was never loaded. (org.apache.kafka.coordinator.common.runtime.CoordinatorRuntime)
kafka3  | 2026-09-26T00:23:19.925427473Z [2026-09-26 00:23:19,920] INFO [GroupCoordinator id=3] Finished loading of metadata from __consumer_offsets-1 with epoch 0 in 8ms where 8ms was spent in the scheduler. Loaded 0 records which total to 0 bytes. (org.apache.kafka.coordinator.common.runtime.CoordinatorRuntime)
kafka3  | 2026-09-26T00:23:19.925434828Z [2026-09-26 00:23:19,921] INFO [GroupCoordinator id=3] Finished loading of metadata from __consumer_offsets-9 with epoch 0 in 36ms where 35ms was spent in the scheduler. Loaded 0 records which total to 0 bytes. (org.apache.kafka.coordinator.common.runtime.CoordinatorRuntime)
kafka3  | 2026-09-26T00:23:19.925442243Z [2026-09-26 00:23:19,922] INFO [GroupCoordinator id=3] Ignored unloading metadata for __consumer_offsets-25 in epoch OptionalInt[0] since metadata was never loaded. (org.apache.kafka.coordinator.common.runtime.CoordinatorRuntime)
kafka3  | 2026-09-26T00:23:19.926927725Z [2026-09-26 00:23:19,923] INFO [GroupCoordinator id=3] Finished loading of metadata from __consumer_offsets-40 with epoch 0 in 20ms where 20ms was spent in the scheduler. Loaded 0 records which total to 0 bytes. (org.apache.kafka.coordinator.common.runtime.CoordinatorRuntime)
kafka3  | 2026-09-26T00:23:19.927783676Z [2026-09-26 00:23:19,927] INFO [GroupCoordinator id=3] Finished loading of metadata from __consumer_offsets-29 with epoch 0 in 21ms where 21ms was spent in the scheduler. Loaded 0 records which total to 0 bytes. (org.apache.kafka.coordinator.common.runtime.CoordinatorRuntime)
kafka1  | 2026-09-26T00:23:19.962535890Z [2026-09-26 00:23:19,961] INFO [GroupCoordinator id=1] Finished loading of metadata from __consumer_offsets-2 with epoch 0 in 23ms where 23ms was spent in the scheduler. Loaded 0 records which total to 0 bytes. (org.apache.kafka.coordinator.common.runtime.CoordinatorRuntime)
kafka1  | 2026-09-26T00:23:19.968278106Z [2026-09-26 00:23:19,967] INFO [GroupCoordinator id=1] Finished loading of metadata from __consumer_offsets-27 with epoch 0 in 36ms where 36ms was spent in the scheduler. Loaded 0 records which total to 0 bytes. (org.apache.kafka.coordinator.common.runtime.CoordinatorRuntime)
kafka1  | 2026-09-26T00:23:19.969961334Z [2026-09-26 00:23:19,969] INFO [GroupCoordinator id=1] Finished loading of metadata from __consumer_offsets-18 with epoch 0 in 64ms where 64ms was spent in the scheduler. Loaded 0 records which total to 0 bytes. (org.apache.kafka.coordinator.common.runtime.CoordinatorRuntime)
kafka3  | 2026-09-26T00:23:19.934629594Z [2026-09-26 00:23:19,928] INFO [GroupCoordinator id=3] Finished loading of metadata from __consumer_offsets-6 with epoch 0 in 26ms where 26ms was spent in the scheduler. Loaded 0 records which total to 0 bytes. (org.apache.kafka.coordinator.common.runtime.CoordinatorRuntime)
kafka3  | 2026-09-26T00:23:19.934867612Z [2026-09-26 00:23:19,928] INFO [GroupCoordinator id=3] Finished loading of metadata from __consumer_offsets-16 with epoch 0 in 114ms where 114ms was spent in the scheduler. Loaded 0 records which total to 0 bytes. (org.apache.kafka.coordinator.common.runtime.CoordinatorRuntime)
kafka3  | 2026-09-26T00:23:19.934882482Z [2026-09-26 00:23:19,928] INFO [GroupCoordinator id=3] Finished loading of metadata from __consumer_offsets-32 with epoch 0 in 11ms where 11ms was spent in the scheduler. Loaded 0 records which total to 0 bytes. (org.apache.kafka.coordinator.common.runtime.CoordinatorRuntime)
kafka1  | 2026-09-26T00:23:19.970028531Z [2026-09-26 00:23:19,969] INFO [GroupCoordinator id=1] Finished loading of metadata from __consumer_offsets-8 with epoch 0 in 86ms where 86ms was spent in the scheduler. Loaded 0 records which total to 0 bytes. (org.apache.kafka.coordinator.common.runtime.CoordinatorRuntime)
kafka1  | 2026-09-26T00:23:19.974699955Z [2026-09-26 00:23:19,969] INFO [GroupCoordinator id=1] Finished loading of metadata from __consumer_offsets-38 with epoch 0 in 3ms where 3ms was spent in the scheduler. Loaded 0 records which total to 0 bytes. (org.apache.kafka.coordinator.common.runtime.CoordinatorRuntime)
kafka1  | 2026-09-26T00:23:19.980644432Z [2026-09-26 00:23:19,979] INFO [GroupCoordinator id=1] Finished loading of metadata from __consumer_offsets-10 with epoch 0 in 3ms where 3ms was spent in the scheduler. Loaded 0 records which total to 0 bytes. (org.apache.kafka.coordinator.common.runtime.CoordinatorRuntime)
kafka3  | 2026-09-26T00:23:19.934889446Z [2026-09-26 00:23:19,930] INFO [GroupCoordinator id=3] Ignored unloading metadata for __consumer_offsets-8 in epoch OptionalInt[0] since metadata was never loaded. (org.apache.kafka.coordinator.common.runtime.CoordinatorRuntime)
kafka3  | 2026-09-26T00:23:19.934896110Z [2026-09-26 00:23:19,931] INFO [GroupCoordinator id=3] Finished loading of metadata from __consumer_offsets-3 with epoch 0 in 1ms where 1ms was spent in the scheduler. Loaded 0 records which total to 0 bytes. (org.apache.kafka.coordinator.common.runtime.CoordinatorRuntime)
kafka3  | 2026-09-26T00:23:19.934902633Z [2026-09-26 00:23:19,933] INFO [GroupCoordinator id=3] Ignored unloading metadata for __consumer_offsets-7 in epoch OptionalInt[0] since metadata was never loaded. (org.apache.kafka.coordinator.common.runtime.CoordinatorRuntime)
kafka3  | 2026-09-26T00:23:19.935154509Z [2026-09-26 00:23:19,934] INFO [GroupCoordinator id=3] Ignored unloading metadata for __consumer_offsets-20 in epoch OptionalInt[0] since metadata was never loaded. (org.apache.kafka.coordinator.common.runtime.CoordinatorRuntime)
kafka3  | 2026-09-26T00:23:19.936789085Z [2026-09-26 00:23:19,935] INFO [GroupCoordinator id=3] Ignored unloading metadata for __consumer_offsets-4 in epoch OptionalInt[0] since metadata was never loaded. (org.apache.kafka.coordinator.common.runtime.CoordinatorRuntime)
kafka3  | 2026-09-26T00:23:19.937778756Z [2026-09-26 00:23:19,929] INFO [GroupCoordinator id=3] Ignored unloading metadata for __consumer_offsets-21 in epoch OptionalInt[0] since metadata was never loaded. (org.apache.kafka.coordinator.common.runtime.CoordinatorRuntime)
kafka3  | 2026-09-26T00:23:19.939863880Z [2026-09-26 00:23:19,938] INFO [GroupCoordinator id=3] Finished loading of metadata from __consumer_offsets-33 with epoch 0 in 10ms where 10ms was spent in the scheduler. Loaded 0 records which total to 0 bytes. (org.apache.kafka.coordinator.common.runtime.CoordinatorRuntime)
kafka3  | 2026-09-26T00:23:19.945047863Z [2026-09-26 00:23:19,936] INFO [DynamicConfigPublisher broker id=3] Updating topic __consumer_offsets with new configuration : compression.type -> producer,cleanup.policy -> compact,segment.bytes -> 104857600 (kafka.server.metadata.DynamicConfigPublisher)
kafka3  | 2026-09-26T00:23:19.945132667Z [2026-09-26 00:23:19,943] INFO [GroupCoordinator id=3] Ignored unloading metadata for __consumer_offsets-39 in epoch OptionalInt[0] since metadata was never loaded. (org.apache.kafka.coordinator.common.runtime.CoordinatorRuntime)
kafka3  | 2026-09-26T00:23:19.949952291Z [2026-09-26 00:23:19,945] INFO [GroupCoordinator id=3] Finished loading of metadata from __consumer_offsets-37 with epoch 0 in 1ms where 0ms was spent in the scheduler. Loaded 0 records which total to 0 bytes. (org.apache.kafka.coordinator.common.runtime.CoordinatorRuntime)
